"orig_location","address_clean","longitude","latitude","method","precision","reason","segment_id","street","side","range_from","range_to","ward_longitude","ward_latitude","candidate_count","census_tigerline_id","records","previous_movement_m"
"","","","","unresolved","unknown","missing_location","","","","","","","","0","","8392",""
"38XX N MILWAUKEE","38XX N MILWAUKEE, Chicago, IL","","","unresolved","unknown","ambiguous_street","","","","","","","","0","","148",""
"69XX 75TH ST","69XX 75TH ST, Chicago, IL","","","unresolved","unknown","unparsed_address","","","","","","","","0","","107",""
"10XX W ADDISON ST","10XX W ADDISON ST, Chicago, IL","","","unresolved","unknown","ambiguous_block","","","","","","","","0","","96",""
"73XX 75TH ST","73XX 75TH ST, Chicago, IL","","","unresolved","unknown","unparsed_address","","","","","","","","0","","92",""
"10XX W ADDISON","10XX W ADDISON, Chicago, IL","","","unresolved","unknown","ambiguous_block","","","","","","","","0","","76",""
"71XX 75TH ST","71XX 75TH ST, Chicago, IL","","","unresolved","unknown","unparsed_address","","","","","","","","0","","74",""
"0 XX 00TH PL","0 XX 00TH PL, Chicago, IL","","","unresolved","unknown","unparsed_address","","","","","","","","0","","60",""
"75XX S COTTAGE","75XX S COTTAGE, Chicago, IL","","","unresolved","unknown","street_not_found","","","","","","","","0","","39",""
"75XX 75TH ST","75XX 75TH ST, Chicago, IL","","","unresolved","unknown","unparsed_address","","","","","","","","0","","34",""
"1XX N STETSON ST","1XX N STETSON ST, Chicago, IL","","","unresolved","unknown","street_not_found","","","","","","","","0","","29",""
"50XX 75TH ST","50XX 75TH ST, Chicago, IL","","","unresolved","unknown","unparsed_address","","","","","","","","0","","27",""
"15XX S SACRAMENTO BLVD","15XX S SACRAMENTO BLVD, Chicago, IL","","","unresolved","unknown","no_address_range_match","","","","","","","","0","","23",""
"23XX S BLUE ISLAND","23XX S BLUE ISLAND, Chicago, IL","","","unresolved","unknown","ambiguous_block","","","","","","","","0","","22",""
"14XX N SEDGEWICK","14XX N SEDGEWICK, Chicago, IL","","","unresolved","unknown","street_not_found","","","","","","","","0","","21",""
"4XX E SOLIDARITY","4XX E SOLIDARITY, Chicago, IL","","","unresolved","unknown","no_address_range_match","","","","","","","","0","","21",""
"69XX 75TH","69XX 75TH, Chicago, IL","","","unresolved","unknown","unparsed_address","","","","","","","","0","","20",""
"34XX N LAKE SHORE DR","34XX N LAKE SHORE DR, Chicago, IL","","","unresolved","unknown","ambiguous_block","","","","","","","","0","","17",""
"44XX N SIMONDS DR","44XX N SIMONDS DR, Chicago, IL","","","unresolved","unknown","ambiguous_block","","","","","","","","0","","16",""
"24XX N STOCKTON","24XX N STOCKTON, Chicago, IL","","","unresolved","unknown","ambiguous_block","","","","","","","","0","","14",""
"58XX N MADISON","58XX N MADISON, Chicago, IL","","","unresolved","unknown","street_not_found","","","","","","","","0","","14",""
"35XX W CLARK","35XX W CLARK, Chicago, IL","","","unresolved","unknown","street_not_found","","","","","","","","0","","13",""
"67XX 75TH ST","67XX 75TH ST, Chicago, IL","","","unresolved","unknown","unparsed_address","","","","","","","","0","","13",""
"8XX E PAYNE DR","8XX E PAYNE DR, Chicago, IL","","","unresolved","unknown","street_not_found","","","","","","","","0","","13",""
"37XX N MILWAUKEE","37XX N MILWAUKEE, Chicago, IL","","","unresolved","unknown","ambiguous_block","","","","","","","","0","","12",""
"69XX 75TH STREET","69XX 75TH STREET, Chicago, IL","","","unresolved","unknown","unparsed_address","","","","","","","","0","","12",""
"71XX 75TH","71XX 75TH, Chicago, IL","","","unresolved","unknown","unparsed_address","","","","","","","","0","","12",""
"80XX S COTTAGE","80XX S COTTAGE, Chicago, IL","","","unresolved","unknown","street_not_found","","","","","","","","0","","12",""
"15XX 95TH ST","15XX 95TH ST, Chicago, IL","","","unresolved","unknown","unparsed_address","","","","","","","","0","","11",""
"7XX N LASALLE ST","7XX N LASALLE ST, Chicago, IL","","","unresolved","unknown","no_address_range_match","","","","","","","","0","","11",""
"14XX S SACRAMENTO BLVD","14XX S SACRAMENTO BLVD, Chicago, IL","","","unresolved","unknown","no_address_range_match","","","","","","","","0","","10",""
"14XX W SEDGWICK","14XX W SEDGWICK, Chicago, IL","","","unresolved","unknown","street_not_found","","","","","","","","0","","10",""
"16XX 95TH ST","16XX 95TH ST, Chicago, IL","","","unresolved","unknown","unparsed_address","","","","","","","","0","","10",""
"31XX S FORT DEARBORN","31XX S FORT DEARBORN, Chicago, IL","","","unresolved","unknown","no_address_range_match","","","","","","","","0","","10",""
"38XX N MADISON","38XX N MADISON, Chicago, IL","","","unresolved","unknown","street_not_found","","","","","","","","0","","10",""
"41XX N LAKE SHORE DR","41XX N LAKE SHORE DR, Chicago, IL","","","unresolved","unknown","no_address_range_match","","","","","","","","0","","10",""
"69XX W LUNT","69XX W LUNT, Chicago, IL","","","unresolved","unknown","no_address_range_match","","","","","","","","0","","10",""
"86XX S COTTAGE","86XX S COTTAGE, Chicago, IL","","","unresolved","unknown","street_not_found","","","","","","","","0","","10",""
"15XX 79TH ST","15XX 79TH ST, Chicago, IL","","","unresolved","unknown","unparsed_address","","","","","","","","0","","9",""
"63XX S COTTAGE","63XX S COTTAGE, Chicago, IL","","","unresolved","unknown","street_not_found","","","","","","","","0","","9",""
"11XX E OAKWOOD","11XX E OAKWOOD, Chicago, IL","","","unresolved","unknown","no_address_range_match","","","","","","","","0","","8",""
"21XX S MITCHIGAN","21XX S MITCHIGAN, Chicago, IL","","","unresolved","unknown","street_not_found","","","","","","","","0","","8",""
"24XX S BLUE ISLAND","24XX S BLUE ISLAND, Chicago, IL","","","unresolved","unknown","ambiguous_block","","","","","","","","0","","8",""
"31XX S LAKE SHORE DR","31XX S LAKE SHORE DR, Chicago, IL","","","unresolved","unknown","no_address_range_match","","","","","","","","0","","8",""
"35XX  CLARK ST","35XX CLARK ST, Chicago, IL","","","unresolved","unknown","unparsed_address","","","","","","","","0","","8",""
"40XX N MADISON","40XX N MADISON, Chicago, IL","","","unresolved","unknown","street_not_found","","","","","","","","0","","8",""
"4XX E SOLIDARITY DR","4XX E SOLIDARITY DR, Chicago, IL","","","unresolved","unknown","no_address_range_match","","","","","","","","0","","8",""
"70XX S JEFFREY","70XX S JEFFREY, Chicago, IL","","","unresolved","unknown","street_not_found","","","","","","","","0","","8",""
"15XX 87TH ST","15XX 87TH ST, Chicago, IL","","","unresolved","unknown","unparsed_address","","","","","","","","0","","7",""
"24XX N STOCKTON DR","24XX N STOCKTON DR, Chicago, IL","","","unresolved","unknown","ambiguous_block","","","","","","","","0","","7",""
"26XX N DEVON","26XX N DEVON, Chicago, IL","","","unresolved","unknown","street_not_found","","","","","","","","0","","7",""
"29XX N LAKESHORE DR","29XX N LAKESHORE DR, Chicago, IL","","","unresolved","unknown","street_not_found","","","","","","","","0","","7",""
"30XX S FT DEARBORN","30XX S FT DEARBORN, Chicago, IL","","","unresolved","unknown","street_not_found","","","","","","","","0","","7",""
"41XX N CLAREDON","41XX N CLAREDON, Chicago, IL","","","unresolved","unknown","street_not_found","","","","","","","","0","","7",""
"1XX E WALTON","1XX E WALTON, Chicago, IL","","","unresolved","unknown","ambiguous_street","","","","","","","","0","","6",""
"28XX 12TH STR","28XX 12TH STR, Chicago, IL","","","unresolved","unknown","unparsed_address","","","","","","","","0","","6",""
"30XX S LAKE SHORE DR","30XX S LAKE SHORE DR, Chicago, IL","","","unresolved","unknown","no_address_range_match","","","","","","","","0","","6",""
"31XX S CENTARL PARK","31XX S CENTARL PARK, Chicago, IL","","","unresolved","unknown","street_not_found","","","","","","","","0","","6",""
"42XX W DIVISON","42XX W DIVISON, Chicago, IL","","","unresolved","unknown","street_not_found","","","","","","","","0","","6",""
"51XX 75TH ST","51XX 75TH ST, Chicago, IL","","","unresolved","unknown","unparsed_address","","","","","","","","0","","6",""
"72XX 75TH ST","72XX 75TH ST, Chicago, IL","","","unresolved","unknown","unparsed_address","","","","","","","","0","","6",""
"74XX 75TH ST","74XX 75TH ST, Chicago, IL","","","unresolved","unknown","unparsed_address","","","","","","","","0","","6",""
"75XX S COTTAGE GRV","75XX S COTTAGE GRV, Chicago, IL","","","unresolved","unknown","street_not_found","","","","","","","","0","","6",""
"77XX 75TH ST","77XX 75TH ST, Chicago, IL","","","unresolved","unknown","unparsed_address","","","","","","","","0","","6",""
"11XX W MILWAUKEE","11XX W MILWAUKEE, Chicago, IL","","","unresolved","unknown","street_not_found","","","","","","","","0","","5",""
"12XX W PRATT BL","12XX W PRATT BL, Chicago, IL","","","unresolved","unknown","street_not_found","","","","","","","","0","","5",""
"13XX 83RD STREET","13XX 83RD STREET, Chicago, IL","","","unresolved","unknown","unparsed_address","","","","","","","","0","","5",""
"14XX N SEDGEWICK ST","14XX N SEDGEWICK ST, Chicago, IL","","","unresolved","unknown","street_not_found","","","","","","","","0","","5",""
"16XX W DIVISION AVE","16XX W DIVISION AVE, Chicago, IL","","","unresolved","unknown","street_not_found","","","","","","","","0","","5",""
"23XX N DEVON AV","23XX N DEVON AV, Chicago, IL","","","unresolved","unknown","street_not_found","","","","","","","","0","","5",""
"23XX S MLK","23XX S MLK, Chicago, IL","","","unresolved","unknown","street_not_found","","","","","","","","0","","5",""
"26XX N DEVON AVE","26XX N DEVON AVE, Chicago, IL","","","unresolved","unknown","street_not_found","","","","","","","","0","","5",""
"34XX N LAKE SHORE","34XX N LAKE SHORE, Chicago, IL","","","unresolved","unknown","ambiguous_block","","","","","","","","0","","5",""
"38XX N MADISON ST","38XX N MADISON ST, Chicago, IL","","","unresolved","unknown","street_not_found","","","","","","","","0","","5",""
"38XX W MADISON AVE","38XX W MADISON AVE, Chicago, IL","","","unresolved","unknown","street_not_found","","","","","","","","0","","5",""
"39XX  RECREATION DR","39XX RECREATION DR, Chicago, IL","","","unresolved","unknown","unparsed_address","","","","","","","","0","","5",""
"4XX N LA SALLE ST","4XX N LA SALLE ST, Chicago, IL","","","unresolved","unknown","no_address_range_match","","","","","","","","0","","5",""
"4XX N MCCLURY CT","4XX N MCCLURY CT, Chicago, IL","","","unresolved","unknown","street_not_found","","","","","","","","0","","5",""
"63XX S HAYES DR","63XX S HAYES DR, Chicago, IL","","","unresolved","unknown","street_not_found","","","","","","","","0","","5",""
"6XX E LAKE SHORE DR","6XX E LAKE SHORE DR, Chicago, IL","","","unresolved","unknown","no_address_range_match","","","","","","","","0","","5",""
"73XX 75TH","73XX 75TH, Chicago, IL","","","unresolved","unknown","unparsed_address","","","","","","","","0","","5",""
"74XX N ROGERS","74XX N ROGERS, Chicago, IL","","","unresolved","unknown","ambiguous_block","","","","","","","","0","","5",""
"89XX S STONY ISL","89XX S STONY ISL, Chicago, IL","","","unresolved","unknown","street_not_found","","","","","","","","0","","5",""
"8XX N WABASH ST","8XX N WABASH ST, Chicago, IL","","","unresolved","unknown","street_not_found","","","","","","","","0","","5",""
"10XX W OHARE","10XX W OHARE, Chicago, IL","","","unresolved","unknown","no_address_range_match","","","","","","","","0","","4",""
"11XX S STATE STR","11XX S STATE STR, Chicago, IL","","","unresolved","unknown","street_not_found","","","","","","","","0","","4",""
"13XX S INDIANA","13XX S INDIANA, Chicago, IL","","","unresolved","unknown","ambiguous_street","","","","","","","","0","","4",""
"15XX N STOCKTON","15XX N STOCKTON, Chicago, IL","","","unresolved","unknown","no_address_range_match","","","","","","","","0","","4",""
"20XX S STATE STR","20XX S STATE STR, Chicago, IL","","","unresolved","unknown","street_not_found","","","","","","","","0","","4",""
"20XX W DIVISON","20XX W DIVISON, Chicago, IL","","","unresolved","unknown","street_not_found","","","","","","","","0","","4",""
"22XX E MICHIGAN","22XX E MICHIGAN, Chicago, IL","","","unresolved","unknown","street_not_found","","","","","","","","0","","4",""
"22XX S MICHIGANA VE","22XX S MICHIGANA VE, Chicago, IL","","","unresolved","unknown","street_not_found","","","","","","","","0","","4",""
"2XX S HAMLIN AVE","2XX S HAMLIN AVE, Chicago, IL","","","unresolved","unknown","no_address_range_match","","","","","","","","0","","4",""
"30XX 47TH","30XX 47TH, Chicago, IL","","","unresolved","unknown","unparsed_address","","","","","","","","0","","4",""
"30XX N LAKESHORE DR","30XX N LAKESHORE DR, Chicago, IL","","","unresolved","unknown","street_not_found","","","","","","","","0","","4",""
"31XX N IRVING PARK","31XX N IRVING PARK, Chicago, IL","","","unresolved","unknown","street_not_found","","","","","","","","0","","4",""
"36XX N RECRETION DR","36XX N RECRETION DR, Chicago, IL","","","unresolved","unknown","street_not_found","","","","","","","","0","","4",""
"37XX N MILWAUKEE AV","37XX N MILWAUKEE AV, Chicago, IL","","","unresolved","unknown","ambiguous_block","","","","","","","","0","","4",""
"37XX N SHERIDAN RD","37XX N SHERIDAN RD, Chicago, IL","","","unresolved","unknown","no_address_range_match","","","","","","","","0","","4",""
"40XX 47TH ST","40XX 47TH ST, Chicago, IL","","","unresolved","unknown","unparsed_address","","","","","","","","0","","4",""
"40XX W MADISDON","40XX W MADISDON, Chicago, IL","","","unresolved","unknown","street_not_found","","","","","","","","0","","4",""
"41XX W CLARENDON","41XX W CLARENDON, Chicago, IL","","","unresolved","unknown","street_not_found","","","","","","","","0","","4",""
"42XX E DIVISION","42XX E DIVISION, Chicago, IL","","","unresolved","unknown","no_address_range_match","","","","","","","","0","","4",""
"47XX N BEACON DR","47XX N BEACON DR, Chicago, IL","","","unresolved","unknown","street_not_found","","","","","","","","0","","4",""
"64XX N NORTHWEST HWY","64XX N NORTHWEST HWY, Chicago, IL","","","unresolved","unknown","street_not_found","","","","","","","","0","","4",""
"64XX S DR KING DR","64XX S DR KING DR, Chicago, IL","","","unresolved","unknown","street_not_found","","","","","","","","0","","4",""
"65XX 75TH ST","65XX 75TH ST, Chicago, IL","","","unresolved","unknown","unparsed_address","","","","","","","","0","","4",""
"67XX S JEFFREY","67XX S JEFFREY, Chicago, IL","","","unresolved","unknown","street_not_found","","","","","","","","0","","4",""
"69XX N ASHLAND AV","69XX N ASHLAND AV, Chicago, IL","","","unresolved","unknown","no_address_range_match","","","","","","","","0","","4",""
"7XX N WABASH ST","7XX N WABASH ST, Chicago, IL","","","unresolved","unknown","street_not_found","","","","","","","","0","","4",""
"10XX N ADDISON","10XX N ADDISON, Chicago, IL","","","unresolved","unknown","street_not_found","","","","","","","","0","","3",""
"10XX N STOCKTON","10XX N STOCKTON, Chicago, IL","","","unresolved","unknown","no_address_range_match","","","","","","","","0","","3",""
"11XX E HURON","11XX E HURON, Chicago, IL","","","unresolved","unknown","no_address_range_match","","","","","","","","0","","3",""
"11XX E OAKWOOD BLVD","11XX E OAKWOOD BLVD, Chicago, IL","","","unresolved","unknown","no_address_range_match","","","","","","","","0","","3",""
"11XX W STATE","11XX W STATE, Chicago, IL","","","unresolved","unknown","street_not_found","","","","","","","","0","","3",""
"15XX N LUNT","15XX N LUNT, Chicago, IL","","","unresolved","unknown","street_not_found","","","","","","","","0","","3",""
"15XX N SEDGWICK AV","15XX N SEDGWICK AV, Chicago, IL","","","unresolved","unknown","street_not_found","","","","","","","","0","","3",""
"15XX S CALIFORNIA AVE","15XX S CALIFORNIA AVE, Chicago, IL","","","unresolved","unknown","no_address_range_match","","","","","","","","0","","3",""
"16XX N LAKESHORE","16XX N LAKESHORE, Chicago, IL","","","unresolved","unknown","street_not_found","","","","","","","","0","","3",""
"18XX W STOCKTON","18XX W STOCKTON, Chicago, IL","","","unresolved","unknown","street_not_found","","","","","","","","0","","3",""
"1XX E ADAMS","1XX E ADAMS, Chicago, IL","","","unresolved","unknown","no_address_range_match","","","","","","","","0","","3",""
"1XX E HURON AV","1XX E HURON AV, Chicago, IL","","","unresolved","unknown","street_not_found","","","","","","","","0","","3",""
"20XX N MILWUAKEE","20XX N MILWUAKEE, Chicago, IL","","","unresolved","unknown","street_not_found","","","","","","","","0","","3",""
"21XX W MILWAUKEE AVE","21XX W MILWAUKEE AVE, Chicago, IL","","","unresolved","unknown","street_not_found","","","","","","","","0","","3",""
"23XX N DEVON","23XX N DEVON, Chicago, IL","","","unresolved","unknown","street_not_found","","","","","","","","0","","3",""
"23XX W DEVON ST","23XX W DEVON ST, Chicago, IL","","","unresolved","unknown","street_not_found","","","","","","","","0","","3",""
"24XX N DEVON","24XX N DEVON, Chicago, IL","","","unresolved","unknown","street_not_found","","","","","","","","0","","3",""
"26XX 83RD STREET","26XX 83RD STREET, Chicago, IL","","","unresolved","unknown","unparsed_address","","","","","","","","0","","3",""
"26XX N LAKE SHORE DR","26XX N LAKE SHORE DR, Chicago, IL","","","unresolved","unknown","no_address_range_match","","","","","","","","0","","3",""
"26XX W LAKE SHORE DR","26XX W LAKE SHORE DR, Chicago, IL","","","unresolved","unknown","street_not_found","","","","","","","","0","","3",""
"27XX N DIVISION","27XX N DIVISION, Chicago, IL","","","unresolved","unknown","no_address_range_match","","","","","","","","0","","3",""
"2XX E GARFIELD BVLD","2XX E GARFIELD BVLD, Chicago, IL","","","unresolved","unknown","street_not_found","","","","","","","","0","","3",""
"2XX W DEVON AV","2XX W DEVON AV, Chicago, IL","","","unresolved","unknown","no_address_range_match","","","","","","","","0","","3",""
"30XX 83RD ST","30XX 83RD ST, Chicago, IL","","","unresolved","unknown","unparsed_address","","","","","","","","0","","3",""
"31XX N LAKESHORE DR","31XX N LAKESHORE DR, Chicago, IL","","","unresolved","unknown","street_not_found","","","","","","","","0","","3",""
"39XX S LAKE SHORE DR","39XX S LAKE SHORE DR, Chicago, IL","","","unresolved","unknown","no_address_range_match","","","","","","","","0","","3",""
"3XX E SOLIDARITY DR","3XX E SOLIDARITY DR, Chicago, IL","","","unresolved","unknown","no_address_range_match","","","","","","","","0","","3",""
"41XX 47TH ST","41XX 47TH ST, Chicago, IL","","","unresolved","unknown","unparsed_address","","","","","","","","0","","3",""
"4XX N HUBBARD ST","4XX N HUBBARD ST, Chicago, IL","","","unresolved","unknown","street_not_found","","","","","","","","0","","3",""
"4XX W JACKSON BL","4XX W JACKSON BL, Chicago, IL","","","unresolved","unknown","street_not_found","","","","","","","","0","","3",""
"51XX S HYDE PARK BLV","51XX S HYDE PARK BLV, Chicago, IL","","","unresolved","unknown","street_not_found","","","","","","","","0","","3",""
"52XX 75TH ST","52XX 75TH ST, Chicago, IL","","","unresolved","unknown","unparsed_address","","","","","","","","0","","3",""
"53XX N NORTH","53XX N NORTH, Chicago, IL","","","unresolved","unknown","street_not_found","","","","","","","","0","","3",""
"54XX S LAKE SHORE DR","54XX S LAKE SHORE DR, Chicago, IL","","","unresolved","unknown","no_address_range_match","","","","","","","","0","","3",""
"55XX 75TH ST","55XX 75TH ST, Chicago, IL","","","unresolved","unknown","unparsed_address","","","","","","","","0","","3",""
"55XX N CHICAGO","55XX N CHICAGO, Chicago, IL","","","unresolved","unknown","street_not_found","","","","","","","","0","","3",""
"57XX N GRAND","57XX N GRAND, Chicago, IL","","","unresolved","unknown","street_not_found","","","","","","","","0","","3",""
"57XX N MADISON","57XX N MADISON, Chicago, IL","","","unresolved","unknown","street_not_found","","","","","","","","0","","3",""
"57XX W MADDISON","57XX W MADDISON, Chicago, IL","","","unresolved","unknown","street_not_found","","","","","","","","0","","3",""
"61XX N NORTHWEST HWY","61XX N NORTHWEST HWY, Chicago, IL","","","unresolved","unknown","street_not_found","","","","","","","","0","","3",""
"63XX S HALSTED","63XX S HALSTED, Chicago, IL","","","unresolved","unknown","ambiguous_street","","","","","","","","0","","3",""
"64XX S COTTAGE","64XX S COTTAGE, Chicago, IL","","","unresolved","unknown","street_not_found","","","","","","","","0","","3",""
"65XX N NORTHWEST HWY","65XX N NORTHWEST HWY, Chicago, IL","","","unresolved","unknown","street_not_found","","","","","","","","0","","3",""
"69XX 75 ST","69XX 75 ST, Chicago, IL","","","unresolved","unknown","unparsed_address","","","","","","","","0","","3",""
"70XX 75TH","70XX 75TH, Chicago, IL","","","unresolved","unknown","unparsed_address","","","","","","","","0","","3",""
"73XX 75TH STREET","73XX 75TH STREET, Chicago, IL","","","unresolved","unknown","unparsed_address","","","","","","","","0","","3",""
"75XX S LANGLEY","75XX S LANGLEY, Chicago, IL","","","unresolved","unknown","no_address_range_match","","","","","","","","0","","3",""
"76XX 75TH","76XX 75TH, Chicago, IL","","","unresolved","unknown","unparsed_address","","","","","","","","0","","3",""
"78XX 75TH ST","78XX 75TH ST, Chicago, IL","","","unresolved","unknown","unparsed_address","","","","","","","","0","","3",""
"7XX N LASALLE BLVD","7XX N LASALLE BLVD, Chicago, IL","","","unresolved","unknown","street_not_found","","","","","","","","0","","3",""
"82XX S SHORE DR","82XX S SHORE DR, Chicago, IL","","","unresolved","unknown","no_address_range_match","","","","","","","","0","","3",""
"87XX S STONY","87XX S STONY, Chicago, IL","","","unresolved","unknown","street_not_found","","","","","","","","0","","3",""
"87XX S STONY ISL","87XX S STONY ISL, Chicago, IL","","","unresolved","unknown","street_not_found","","","","","","","","0","","3",""
"88XX W MADISON ST","88XX W MADISON ST, Chicago, IL","","","unresolved","unknown","no_address_range_match","","","","","","","","0","","3",""
"8XX S COTTAGE GROVE","8XX S COTTAGE GROVE, Chicago, IL","","","unresolved","unknown","no_address_range_match","","","","","","","","0","","3",""
"10XX 95TH ST","10XX 95TH ST, Chicago, IL","","","unresolved","unknown","unparsed_address","","","","","","","","0","","2",""
"10XX E HURON","10XX E HURON, Chicago, IL","","","unresolved","unknown","no_address_range_match","","","","","","","","0","","2",""
"10XX N MICHIGAN AVE","10XX N MICHIGAN AVE, Chicago, IL","","","unresolved","unknown","no_address_range_match","","","","","","","","0","","2",""
"10XX S TAYLOR ST","10XX S TAYLOR ST, Chicago, IL","","","unresolved","unknown","street_not_found","","","","","","","","0","","2",""
"10XX W ADDISDON ST","10XX W ADDISDON ST, Chicago, IL","","","unresolved","unknown","street_not_found","","","","","","","","0","","2",""
"11XX E THORNDALE","11XX E THORNDALE, Chicago, IL","","","unresolved","unknown","street_not_found","","","","","","","","0","","2",""
"11XX N THORNDALE","11XX N THORNDALE, Chicago, IL","","","unresolved","unknown","street_not_found","","","","","","","","0","","2",""
"11XX W BRYNMAWR","11XX W BRYNMAWR, Chicago, IL","","","unresolved","unknown","street_not_found","","","","","","","","0","","2",""
"12XX N LASALLE ST","12XX N LASALLE ST, Chicago, IL","","","unresolved","unknown","no_address_range_match","","","","","","","","0","","2",""
"13XX 83 ST","13XX 83 ST, Chicago, IL","","","unresolved","unknown","unparsed_address","","","","","","","","0","","2",""
"13XX 83RD ST","13XX 83RD ST, Chicago, IL","","","unresolved","unknown","unparsed_address","","","","","","","","0","","2",""
"13XX N SEDGEWICK","13XX N SEDGEWICK, Chicago, IL","","","unresolved","unknown","street_not_found","","","","","","","","0","","2",""
"13XX S LAKE SHORE DR","13XX S LAKE SHORE DR, Chicago, IL","","","unresolved","unknown","no_address_range_match","","","","","","","","0","","2",""
"13XX W LAWRANCE","13XX W LAWRANCE, Chicago, IL","","","unresolved","unknown","street_not_found","","","","","","","","0","","2",""
"13XX W PULASKI","13XX W PULASKI, Chicago, IL","","","unresolved","unknown","street_not_found","","","","","","","","0","","2",""
"14XX 95TH STREET","14XX 95TH STREET, Chicago, IL","","","unresolved","unknown","unparsed_address","","","","","","","","0","","2",""
"14XX N SSEDGWICK ST","14XX N SSEDGWICK ST, Chicago, IL","","","unresolved","unknown","street_not_found","","","","","","","","0","","2",""
"15XX 87TH","15XX 87TH, Chicago, IL","","","unresolved","unknown","unparsed_address","","","","","","","","0","","2",""
"15XX N LASALLE BLVD","15XX N LASALLE BLVD, Chicago, IL","","","unresolved","unknown","street_not_found","","","","","","","","0","","2",""
"15XX N MILWAUKE","15XX N MILWAUKE, Chicago, IL","","","unresolved","unknown","street_not_found","","","","","","","","0","","2",""
"15XX W WARREN BL","15XX W WARREN BL, Chicago, IL","","","unresolved","unknown","street_not_found","","","","","","","","0","","2",""
"16XX N DEARBORN","16XX N DEARBORN, Chicago, IL","","","unresolved","unknown","no_address_range_match","","","","","","","","0","","2",""
"17XX N DIVISION","17XX N DIVISION, Chicago, IL","","","unresolved","unknown","no_address_range_match","","","","","","","","0","","2",""
"17XX W DIVISION AVE","17XX W DIVISION AVE, Chicago, IL","","","unresolved","unknown","street_not_found","","","","","","","","0","","2",""
"18XX W ROOSVELT","18XX W ROOSVELT, Chicago, IL","","","unresolved","unknown","street_not_found","","","","","","","","0","","2",""
"18XX W STOCKTON DR","18XX W STOCKTON DR, Chicago, IL","","","unresolved","unknown","street_not_found","","","","","","","","0","","2",""
"19XX W PERSHING","19XX W PERSHING, Chicago, IL","","","unresolved","unknown","ambiguous_street","","","","","","","","0","","2",""
"1XX E MADISON","1XX E MADISON, Chicago, IL","","","unresolved","unknown","no_address_range_match","","","","","","","","0","","2",""
"1XX E MADISON ST","1XX E MADISON ST, Chicago, IL","","","unresolved","unknown","no_address_range_match","","","","","","","","0","","2",""
"1XX E STETSON ST","1XX E STETSON ST, Chicago, IL","","","unresolved","unknown","street_not_found","","","","","","","","0","","2",""
"1XX N DES PLAINES","1XX N DES PLAINES, Chicago, IL","","","unresolved","unknown","street_not_found","","","","","","","","0","","2",""
"1XX N HURON","1XX N HURON, Chicago, IL","","","unresolved","unknown","street_not_found","","","","","","","","0","","2",""
"1XX W LAWRENCE","1XX W LAWRENCE, Chicago, IL","","","unresolved","unknown","no_address_range_match","","","","","","","","0","","2",""
"1XX W MICHIGAN","1XX W MICHIGAN, Chicago, IL","","","unresolved","unknown","street_not_found","","","","","","","","0","","2",""
"20XX 12TH STR","20XX 12TH STR, Chicago, IL","","","unresolved","unknown","unparsed_address","","","","","","","","0","","2",""
"20XX W DAMEN","20XX W DAMEN, Chicago, IL","","","unresolved","unknown","street_not_found","","","","","","","","0","","2",""
"21XX  MILWAUKEE","21XX MILWAUKEE, Chicago, IL","","","unresolved","unknown","unparsed_address","","","","","","","","0","","2",""
"21XX S MICHIGANA VE","21XX S MICHIGANA VE, Chicago, IL","","","unresolved","unknown","street_not_found","","","","","","","","0","","2",""
"21XX W MILWAUKEE","21XX W MILWAUKEE, Chicago, IL","","","unresolved","unknown","street_not_found","","","","","","","","0","","2",""
"22XX N DEVON","22XX N DEVON, Chicago, IL","","","unresolved","unknown","street_not_found","","","","","","","","0","","2",""
"22XX S CLARK","22XX S CLARK, Chicago, IL","","","unresolved","unknown","no_address_range_match","","","","","","","","0","","2",""
"22XX S MICHIGA","22XX S MICHIGA, Chicago, IL","","","unresolved","unknown","street_not_found","","","","","","","","0","","2",""
"22XX S WEBSTER AVE","22XX S WEBSTER AVE, Chicago, IL","","","unresolved","unknown","street_not_found","","","","","","","","0","","2",""
"22XX W ADDISON AVE","22XX W ADDISON AVE, Chicago, IL","","","unresolved","unknown","street_not_found","","","","","","","","0","","2",""
"22XX W DIVERSEY","22XX W DIVERSEY, Chicago, IL","","","unresolved","unknown","ambiguous_street","","","","","","","","0","","2",""
"23XX N STOCKTON AV","23XX N STOCKTON AV, Chicago, IL","","","unresolved","unknown","street_not_found","","","","","","","","0","","2",""
"23XX N STOCKTONDR","23XX N STOCKTONDR, Chicago, IL","","","unresolved","unknown","street_not_found","","","","","","","","0","","2",""
"23XX S MLK DR","23XX S MLK DR, Chicago, IL","","","unresolved","unknown","street_not_found","","","","","","","","0","","2",""
"23XX W STOCKTON","23XX W STOCKTON, Chicago, IL","","","unresolved","unknown","street_not_found","","","","","","","","0","","2",""
"24XX N DEVON AVE","24XX N DEVON AVE, Chicago, IL","","","unresolved","unknown","street_not_found","","","","","","","","0","","2",""
"25XX N DEVON","25XX N DEVON, Chicago, IL","","","unresolved","unknown","street_not_found","","","","","","","","0","","2",""
"25XX S BLUE ISLAND","25XX S BLUE ISLAND, Chicago, IL","","","unresolved","unknown","ambiguous_block","","","","","","","","0","","2",""
"26XX N DEVON AV","26XX N DEVON AV, Chicago, IL","","","unresolved","unknown","street_not_found","","","","","","","","0","","2",""
"26XX W DEVO AV","26XX W DEVO AV, Chicago, IL","","","unresolved","unknown","street_not_found","","","","","","","","0","","2",""
"28XX 83RD","28XX 83RD, Chicago, IL","","","unresolved","unknown","unparsed_address","","","","","","","","0","","2",""
"28XX W GARFIELD","28XX W GARFIELD, Chicago, IL","","","unresolved","unknown","no_address_range_match","","","","","","","","0","","2",""
"29XX 79TH REDLINE","29XX 79TH REDLINE, Chicago, IL","","","unresolved","unknown","unparsed_address","","","","","","","","0","","2",""
"29XX N CLYBOURN","29XX N CLYBOURN, Chicago, IL","","","unresolved","unknown","ambiguous_block","","","","","","","","0","","2",""
"29XX N FULLERTON","29XX N FULLERTON, Chicago, IL","","","unresolved","unknown","street_not_found","","","","","","","","0","","2",""
"2XX E GARFEILD","2XX E GARFEILD, Chicago, IL","","","unresolved","unknown","street_not_found","","","","","","","","0","","2",""
"2XX S DESPLAINS","2XX S DESPLAINS, Chicago, IL","","","unresolved","unknown","street_not_found","","","","","","","","0","","2",""
"31XX S LAKE SHORE","31XX S LAKE SHORE, Chicago, IL","","","unresolved","unknown","no_address_range_match","","","","","","","","0","","2",""
"33XX 83RD","33XX 83RD, Chicago, IL","","","unresolved","unknown","unparsed_address","","","","","","","","0","","2",""
"33XX 83RD ST","33XX 83RD ST, Chicago, IL","","","unresolved","unknown","unparsed_address","","","","","","","","0","","2",""
"33XX 83ST","33XX 83ST, Chicago, IL","","","unresolved","unknown","unparsed_address","","","","","","","","0","","2",""
"34XX N CHICAGO","34XX N CHICAGO, Chicago, IL","","","unresolved","unknown","street_not_found","","","","","","","","0","","2",""
"34XX W CICERO","34XX W CICERO, Chicago, IL","","","unresolved","unknown","street_not_found","","","","","","","","0","","2",""
"35XX N LAKES HORE DR","35XX N LAKES HORE DR, Chicago, IL","","","unresolved","unknown","street_not_found","","","","","","","","0","","2",""
"35XX N PULASI RD","35XX N PULASI RD, Chicago, IL","","","unresolved","unknown","street_not_found","","","","","","","","0","","2",""
"35XX W LAKE SHORE DR","35XX W LAKE SHORE DR, Chicago, IL","","","unresolved","unknown","street_not_found","","","","","","","","0","","2",""
"36XX N ARMITAGE","36XX N ARMITAGE, Chicago, IL","","","unresolved","unknown","street_not_found","","","","","","","","0","","2",""
"37XX W CONGRESS PRKY","37XX W CONGRESS PRKY, Chicago, IL","","","unresolved","unknown","street_not_found","","","","","","","","0","","2",""
"38XX 47TH ST","38XX 47TH ST, Chicago, IL","","","unresolved","unknown","unparsed_address","","","","","","","","0","","2",""
"38XX N MILWAKEE","38XX N MILWAKEE, Chicago, IL","","","unresolved","unknown","street_not_found","","","","","","","","0","","2",""
"38XX W IMADISON","38XX W IMADISON, Chicago, IL","","","unresolved","unknown","street_not_found","","","","","","","","0","","2",""
"38XX W MADISION","38XX W MADISION, Chicago, IL","","","unresolved","unknown","street_not_found","","","","","","","","0","","2",""
"38XX W MADISON AV","38XX W MADISON AV, Chicago, IL","","","unresolved","unknown","street_not_found","","","","","","","","0","","2",""
"38XX W MILWAUKEE","38XX W MILWAUKEE, Chicago, IL","","","unresolved","unknown","street_not_found","","","","","","","","0","","2",""
"39XX  RECEATION DR","39XX RECEATION DR, Chicago, IL","","","unresolved","unknown","unparsed_address","","","","","","","","0","","2",""
"39XX 47TH ST","39XX 47TH ST, Chicago, IL","","","unresolved","unknown","unparsed_address","","","","","","","","0","","2",""
"39XX S OAKWOOD BLVD","39XX S OAKWOOD BLVD, Chicago, IL","","","unresolved","unknown","street_not_found","","","","","","","","0","","2",""
"39XX W CLARK ST","39XX W CLARK ST, Chicago, IL","","","unresolved","unknown","street_not_found","","","","","","","","0","","2",""
"3XX E RANDLOPH","3XX E RANDLOPH, Chicago, IL","","","unresolved","unknown","street_not_found","","","","","","","","0","","2",""
"3XX E SOLIDARITY","3XX E SOLIDARITY, Chicago, IL","","","unresolved","unknown","no_address_range_match","","","","","","","","0","","2",""
"3XX N LAKE","3XX N LAKE, Chicago, IL","","","unresolved","unknown","street_not_found","","","","","","","","0","","2",""
"3XX W LAWRENCE","3XX W LAWRENCE, Chicago, IL","","","unresolved","unknown","no_address_range_match","","","","","","","","0","","2",""
"3XX W ROOSEVELT","3XX W ROOSEVELT, Chicago, IL","","","unresolved","unknown","no_address_range_match","","","","","","","","0","","2",""
"40XX N MADISON ST","40XX N MADISON ST, Chicago, IL","","","unresolved","unknown","street_not_found","","","","","","","","0","","2",""
"41XX 75TH STREET","41XX 75TH STREET, Chicago, IL","","","unresolved","unknown","unparsed_address","","","","","","","","0","","2",""
"41XX N CLARENDON RD","41XX N CLARENDON RD, Chicago, IL","","","unresolved","unknown","street_not_found","","","","","","","","0","","2",""
"41XX N SHERIDAN AV","41XX N SHERIDAN AV, Chicago, IL","","","unresolved","unknown","street_not_found","","","","","","","","0","","2",""
"41XX N SHERIDAN DR","41XX N SHERIDAN DR, Chicago, IL","","","unresolved","unknown","street_not_found","","","","","","","","0","","2",""
"41XX N SHERRIDAN","41XX N SHERRIDAN, Chicago, IL","","","unresolved","unknown","street_not_found","","","","","","","","0","","2",""
"41XX W MARINE DR","41XX W MARINE DR, Chicago, IL","","","unresolved","unknown","street_not_found","","","","","","","","0","","2",""
"42XX W DIVISIO","42XX W DIVISIO, Chicago, IL","","","unresolved","unknown","street_not_found","","","","","","","","0","","2",""
"43XX W MADISON AVE","43XX W MADISON AVE, Chicago, IL","","","unresolved","unknown","street_not_found","","","","","","","","0","","2",""
"44XX N CLAREONDON","44XX N CLAREONDON, Chicago, IL","","","unresolved","unknown","street_not_found","","","","","","","","0","","2",""
"44XX N DAMEN ST","44XX N DAMEN ST, Chicago, IL","","","unresolved","unknown","street_not_found","","","","","","","","0","","2",""
"44XX N DIVISION","44XX N DIVISION, Chicago, IL","","","unresolved","unknown","no_address_range_match","","","","","","","","0","","2",""
"44XX N SIMMONDS DR","44XX N SIMMONDS DR, Chicago, IL","","","unresolved","unknown","street_not_found","","","","","","","","0","","2",""
"44XX S RHODES","44XX S RHODES, Chicago, IL","","","unresolved","unknown","no_address_range_match","","","","","","","","0","","2",""
"44XX W KIMBALL","44XX W KIMBALL, Chicago, IL","","","unresolved","unknown","street_not_found","","","","","","","","0","","2",""
"45XX N BROADWAY ST","45XX N BROADWAY ST, Chicago, IL","","","unresolved","unknown","street_not_found","","","","","","","","0","","2",""
"45XX N SHEIDAN","45XX N SHEIDAN, Chicago, IL","","","unresolved","unknown","street_not_found","","","","","","","","0","","2",""
"45XX N SHERDIAN","45XX N SHERDIAN, Chicago, IL","","","unresolved","unknown","street_not_found","","","","","","","","0","","2",""
"46XX S ASHLAND VE","46XX S ASHLAND VE, Chicago, IL","","","unresolved","unknown","street_not_found","","","","","","","","0","","2",""
"47XX N SIMMONDS DR","47XX N SIMMONDS DR, Chicago, IL","","","unresolved","unknown","street_not_found","","","","","","","","0","","2",""
"48XX N JACKSON","48XX N JACKSON, Chicago, IL","","","unresolved","unknown","street_not_found","","","","","","","","0","","2",""
"49XX N JACKSON","49XX N JACKSON, Chicago, IL","","","unresolved","unknown","street_not_found","","","","","","","","0","","2",""
"49XX W JACKSON BL","49XX W JACKSON BL, Chicago, IL","","","unresolved","unknown","street_not_found","","","","","","","","0","","2",""
"4XX N BROADWAY","4XX N BROADWAY, Chicago, IL","","","unresolved","unknown","no_address_range_match","","","","","","","","0","","2",""
"4XX N LASALLE ST","4XX N LASALLE ST, Chicago, IL","","","unresolved","unknown","no_address_range_match","","","","","","","","0","","2",""
"50XX 47TH ST","50XX 47TH ST, Chicago, IL","","","unresolved","unknown","unparsed_address","","","","","","","","0","","2",""
"50XX 75TH","50XX 75TH, Chicago, IL","","","unresolved","unknown","unparsed_address","","","","","","","","0","","2",""
"50XX 75TH STREET","50XX 75TH STREET, Chicago, IL","","","unresolved","unknown","unparsed_address","","","","","","","","0","","2",""
"51XX S RACINE ST","51XX S RACINE ST, Chicago, IL","","","unresolved","unknown","street_not_found","","","","","","","","0","","2",""
"52XX S ARCHER","52XX S ARCHER, Chicago, IL","","","unresolved","unknown","ambiguous_block","","","","","","","","0","","2",""
"53XX S HYDE PARK BLV","53XX S HYDE PARK BLV, Chicago, IL","","","unresolved","unknown","street_not_found","","","","","","","","0","","2",""
"54XX W MADISON AVE","54XX W MADISON AVE, Chicago, IL","","","unresolved","unknown","street_not_found","","","","","","","","0","","2",""
"56XX N GRAND","56XX N GRAND, Chicago, IL","","","unresolved","unknown","street_not_found","","","","","","","","0","","2",""
"57XX 75TH ST","57XX 75TH ST, Chicago, IL","","","unresolved","unknown","unparsed_address","","","","","","","","0","","2",""
"57XX W IRVING PK RD","57XX W IRVING PK RD, Chicago, IL","","","unresolved","unknown","street_not_found","","","","","","","","0","","2",""
"58XX N MADISON ST","58XX N MADISON ST, Chicago, IL","","","unresolved","unknown","street_not_found","","","","","","","","0","","2",""
"58XX W MADISON AVE","58XX W MADISON AVE, Chicago, IL","","","unresolved","unknown","street_not_found","","","","","","","","0","","2",""
"62XX 75TH ST","62XX 75TH ST, Chicago, IL","","","unresolved","unknown","unparsed_address","","","","","","","","0","","2",""
"64XX 75TH ST","64XX 75TH ST, Chicago, IL","","","unresolved","unknown","unparsed_address","","","","","","","","0","","2",""
"64XX S MLK DR","64XX S MLK DR, Chicago, IL","","","unresolved","unknown","street_not_found","","","","","","","","0","","2",""
"65XX  7STH ST","65XX 7STH ST, Chicago, IL","","","unresolved","unknown","unparsed_address","","","","","","","","0","","2",""
"65XX S COTTAGE","65XX S COTTAGE, Chicago, IL","","","unresolved","unknown","street_not_found","","","","","","","","0","","2",""
"65XX W ARMITAGE","65XX W ARMITAGE, Chicago, IL","","","unresolved","unknown","no_address_range_match","","","","","","","","0","","2",""
"66XX N NORTHEST HWY","66XX N NORTHEST HWY, Chicago, IL","","","unresolved","unknown","street_not_found","","","","","","","","0","","2",""
"66XX N NORTHWEST HWY","66XX N NORTHWEST HWY, Chicago, IL","","","unresolved","unknown","street_not_found","","","","","","","","0","","2",""
"67XX N NORTHWEST HWY","67XX N NORTHWEST HWY, Chicago, IL","","","unresolved","unknown","street_not_found","","","","","","","","0","","2",""
"6XX  SOLIDARITY","6XX SOLIDARITY, Chicago, IL","","","unresolved","unknown","unparsed_address","","","","","","","","0","","2",""
"6XX E HURON","6XX E HURON, Chicago, IL","","","unresolved","unknown","no_address_range_match","","","","","","","","0","","2",""
"6XX E LAKE SHORE","6XX E LAKE SHORE, Chicago, IL","","","unresolved","unknown","no_address_range_match","","","","","","","","0","","2",""
"6XX N LASALLE ST","6XX N LASALLE ST, Chicago, IL","","","unresolved","unknown","no_address_range_match","","","","","","","","0","","2",""
"6XX W DIVERSY","6XX W DIVERSY, Chicago, IL","","","unresolved","unknown","street_not_found","","","","","","","","0","","2",""
"6XX W IRVING PK RD","6XX W IRVING PK RD, Chicago, IL","","","unresolved","unknown","street_not_found","","","","","","","","0","","2",""
"6XX W IRVING PRK","6XX W IRVING PRK, Chicago, IL","","","unresolved","unknown","street_not_found","","","","","","","","0","","2",""
"70XX 43RD ST","70XX 43RD ST, Chicago, IL","","","unresolved","unknown","unparsed_address","","","","","","","","0","","2",""
"70XX S JEFFREY BLVD","70XX S JEFFREY BLVD, Chicago, IL","","","unresolved","unknown","street_not_found","","","","","","","","0","","2",""
"70XX W MADISON","70XX W MADISON, Chicago, IL","","","unresolved","unknown","no_address_range_match","","","","","","","","0","","2",""
"71XX 75 ST","71XX 75 ST, Chicago, IL","","","unresolved","unknown","unparsed_address","","","","","","","","0","","2",""
"71XX 75TH STREET","71XX 75TH STREET, Chicago, IL","","","unresolved","unknown","unparsed_address","","","","","","","","0","","2",""
"72XX 43RD ST","72XX 43RD ST, Chicago, IL","","","unresolved","unknown","unparsed_address","","","","","","","","0","","2",""
"72XX 75 ST","72XX 75 ST, Chicago, IL","","","unresolved","unknown","unparsed_address","","","","","","","","0","","2",""
"72XX N RODGERS","72XX N RODGERS, Chicago, IL","","","unresolved","unknown","street_not_found","","","","","","","","0","","2",""
"72XX N ROGER","72XX N ROGER, Chicago, IL","","","unresolved","unknown","street_not_found","","","","","","","","0","","2",""
"72XX W WENTWORTH","72XX W WENTWORTH, Chicago, IL","","","unresolved","unknown","street_not_found","","","","","","","","0","","2",""
"73XX N ROGERS","73XX N ROGERS, Chicago, IL","","","unresolved","unknown","ambiguous_block","","","","","","","","0","","2",""
"74XX N ROGERS AV","74XX N ROGERS AV, Chicago, IL","","","unresolved","unknown","ambiguous_block","","","","","","","","0","","2",""
"74XX W WESTERN","74XX W WESTERN, Chicago, IL","","","unresolved","unknown","street_not_found","","","","","","","","0","","2",""
"75XX 75 ST","75XX 75 ST, Chicago, IL","","","unresolved","unknown","unparsed_address","","","","","","","","0","","2",""
"75XX S COTAGE GROVE","75XX S COTAGE GROVE, Chicago, IL","","","unresolved","unknown","street_not_found","","","","","","","","0","","2",""
"75XX S COTTAGE GROOVE","75XX S COTTAGE GROOVE, Chicago, IL","","","unresolved","unknown","street_not_found","","","","","","","","0","","2",""
"7XX S SEELEY","7XX S SEELEY, Chicago, IL","","","unresolved","unknown","no_address_range_match","","","","","","","","0","","2",""
"7XX W IRVING","7XX W IRVING, Chicago, IL","","","unresolved","unknown","street_not_found","","","","","","","","0","","2",""
"82XX 75TH ST","82XX 75TH ST, Chicago, IL","","","unresolved","unknown","unparsed_address","","","","","","","","0","","2",""
"83XX W ADDISON AVE","83XX W ADDISON AVE, Chicago, IL","","","unresolved","unknown","street_not_found","","","","","","","","0","","2",""
"85XX N DELPHIA","85XX N DELPHIA, Chicago, IL","","","unresolved","unknown","no_address_range_match","","","","","","","","0","","2",""
"89XX S STONEY ISLAND","89XX S STONEY ISLAND, Chicago, IL","","","unresolved","unknown","street_not_found","","","","","","","","0","","2",""
"8XX  LASALLE","8XX LASALLE, Chicago, IL","","","unresolved","unknown","unparsed_address","","","","","","","","0","","2",""
"91XX 75TH ST","91XX 75TH ST, Chicago, IL","","","unresolved","unknown","unparsed_address","","","","","","","","0","","2",""
"96XX W DEVON AV","96XX W DEVON AV, Chicago, IL","","","unresolved","unknown","no_address_range_match","","","","","","","","0","","2",""
"99XX 75TH ST","99XX 75TH ST, Chicago, IL","","","unresolved","unknown","unparsed_address","","","","","","","","0","","2",""
"9XX E OAKWOOD BL","9XX E OAKWOOD BL, Chicago, IL","","","unresolved","unknown","street_not_found","","","","","","","","0","","2",""
"9XX N LASALLE ST","9XX N LASALLE ST, Chicago, IL","","","unresolved","unknown","no_address_range_match","","","","","","","","0","","2",""
"9XX S SOLIDARITY DR","9XX S SOLIDARITY DR, Chicago, IL","","","unresolved","unknown","street_not_found","","","","","","","","0","","2",""
"9XX W SHERIDAN","9XX W SHERIDAN, Chicago, IL","","","unresolved","unknown","ambiguous_block","","","","","","","","0","","2",""
"9XX W SHERIDAN RD","9XX W SHERIDAN RD, Chicago, IL","","","unresolved","unknown","ambiguous_block","","","","","","","","0","","2",""
"0XX 47TH ST","0XX 47TH ST, Chicago, IL","","","unresolved","unknown","unparsed_address","","","","","","","","0","","1",""
"0XX E SOLIDARITY","0XX E SOLIDARITY, Chicago, IL","","","unresolved","unknown","no_address_range_match","","","","","","","","0","","1",""
"1 XX 19TH","1 XX 19TH, Chicago, IL","","","unresolved","unknown","unparsed_address","","","","","","","","0","","1",""
"10XX  BERWYN","10XX BERWYN, Chicago, IL","","","unresolved","unknown","unparsed_address","","","","","","","","0","","1",""
"10XX  BRYN MAWR","10XX BRYN MAWR, Chicago, IL","","","unresolved","unknown","unparsed_address","","","","","","","","0","","1",""
"10XX 35TH ST","10XX 35TH ST, Chicago, IL","","","unresolved","unknown","unparsed_address","","","","","","","","0","","1",""
"10XX 79TH STREET","10XX 79TH STREET, Chicago, IL","","","unresolved","unknown","unparsed_address","","","","","","","","0","","1",""
"10XX 87TH STREET","10XX 87TH STREET, Chicago, IL","","","unresolved","unknown","unparsed_address","","","","","","","","0","","1",""
"10XX 94TH ST","10XX 94TH ST, Chicago, IL","","","unresolved","unknown","unparsed_address","","","","","","","","0","","1",""
"10XX E E","10XX E E, Chicago, IL","","","unresolved","unknown","street_not_found","","","","","","","","0","","1",""
"10XX E OAKWOOD BLVD","10XX E OAKWOOD BLVD, Chicago, IL","","","unresolved","unknown","no_address_range_match","","","","","","","","0","","1",""
"10XX E OAKWOOD PL","10XX E OAKWOOD PL, Chicago, IL","","","unresolved","unknown","street_not_found","","","","","","","","0","","1",""
"10XX N ADDISON ST","10XX N ADDISON ST, Chicago, IL","","","unresolved","unknown","street_not_found","","","","","","","","0","","1",""
"10XX N BERWYN","10XX N BERWYN, Chicago, IL","","","unresolved","unknown","street_not_found","","","","","","","","0","","1",""
"10XX N BRYN MAWR","10XX N BRYN MAWR, Chicago, IL","","","unresolved","unknown","street_not_found","","","","","","","","0","","1",""
"10XX N FOSTER","10XX N FOSTER, Chicago, IL","","","unresolved","unknown","street_not_found","","","","","","","","0","","1",""
"10XX N LA SALLE ST","10XX N LA SALLE ST, Chicago, IL","","","unresolved","unknown","no_address_range_match","","","","","","","","0","","1",""
"10XX N SEMINARY AVE","10XX N SEMINARY AVE, Chicago, IL","","","unresolved","unknown","no_address_range_match","","","","","","","","0","","1",""
"10XX S EWING","10XX S EWING, Chicago, IL","","","unresolved","unknown","no_address_range_match","","","","","","","","0","","1",""
"10XX S MARQUETTE","10XX S MARQUETTE, Chicago, IL","","","unresolved","unknown","no_address_range_match","","","","","","","","0","","1",""
"10XX S RACINE ST","10XX S RACINE ST, Chicago, IL","","","unresolved","unknown","street_not_found","","","","","","","","0","","1",""
"10XX S STONY ISLAND","10XX S STONY ISLAND, Chicago, IL","","","unresolved","unknown","no_address_range_match","","","","","","","","0","","1",""
"10XX W BERYN","10XX W BERYN, Chicago, IL","","","unresolved","unknown","street_not_found","","","","","","","","0","","1",""
"10XX W BRYN MAR","10XX W BRYN MAR, Chicago, IL","","","unresolved","unknown","street_not_found","","","","","","","","0","","1",""
"10XX W CERMACK","10XX W CERMACK, Chicago, IL","","","unresolved","unknown","street_not_found","","","","","","","","0","","1",""
"10XX W COLUMIBIA AV","10XX W COLUMIBIA AV, Chicago, IL","","","unresolved","unknown","street_not_found","","","","","","","","0","","1",""
"10XX W GRANDVILLE","10XX W GRANDVILLE, Chicago, IL","","","unresolved","unknown","street_not_found","","","","","","","","0","","1",""
"10XX W LASALLE","10XX W LASALLE, Chicago, IL","","","unresolved","unknown","no_address_range_match","","","","","","","","0","","1",""
"10XX W LAWERANCE","10XX W LAWERANCE, Chicago, IL","","","unresolved","unknown","street_not_found","","","","","","","","0","","1",""
"10XX W STATE","10XX W STATE, Chicago, IL","","","unresolved","unknown","street_not_found","","","","","","","","0","","1",""
"10XX W VANBUREN ST","10XX W VANBUREN ST, Chicago, IL","","","unresolved","unknown","street_not_found","","","","","","","","0","","1",""
"10XX W WESTERN AVE","10XX W WESTERN AVE, Chicago, IL","","","unresolved","unknown","street_not_found","","","","","","","","0","","1",""
"11XX  BRYN MAWR","11XX BRYN MAWR, Chicago, IL","","","unresolved","unknown","unparsed_address","","","","","","","","0","","1",""
"11XX  ETHORNDALE","11XX ETHORNDALE, Chicago, IL","","","unresolved","unknown","unparsed_address","","","","","","","","0","","1",""
"11XX  THORNDALE","11XX THORNDALE, Chicago, IL","","","unresolved","unknown","unparsed_address","","","","","","","","0","","1",""
"11XX  WABASH","11XX WABASH, Chicago, IL","","","unresolved","unknown","unparsed_address","","","","","","","","0","","1",""
"11XX 26TH ST","11XX 26TH ST, Chicago, IL","","","unresolved","unknown","unparsed_address","","","","","","","","0","","1",""
"11XX 83RD ST","11XX 83RD ST, Chicago, IL","","","unresolved","unknown","unparsed_address","","","","","","","","0","","1",""
"11XX 83RD STREET","11XX 83RD STREET, Chicago, IL","","","unresolved","unknown","unparsed_address","","","","","","","","0","","1",""
"11XX E MURON","11XX E MURON, Chicago, IL","","","unresolved","unknown","street_not_found","","","","","","","","0","","1",""
"11XX N GRAND","11XX N GRAND, Chicago, IL","","","unresolved","unknown","street_not_found","","","","","","","","0","","1",""
"11XX N HOMAN ST","11XX N HOMAN ST, Chicago, IL","","","unresolved","unknown","street_not_found","","","","","","","","0","","1",""
"11XX N HURON","11XX N HURON, Chicago, IL","","","unresolved","unknown","street_not_found","","","","","","","","0","","1",""
"11XX N LASALLE AVE","11XX N LASALLE AVE, Chicago, IL","","","unresolved","unknown","street_not_found","","","","","","","","0","","1",""
"11XX N LASALLE ST","11XX N LASALLE ST, Chicago, IL","","","unresolved","unknown","no_address_range_match","","","","","","","","0","","1",""
"11XX N ORLEANS AVE","11XX N ORLEANS AVE, Chicago, IL","","","unresolved","unknown","street_not_found","","","","","","","","0","","1",""
"11XX N TAYLOR ST","11XX N TAYLOR ST, Chicago, IL","","","unresolved","unknown","street_not_found","","","","","","","","0","","1",""
"11XX N WILSON","11XX N WILSON, Chicago, IL","","","unresolved","unknown","street_not_found","","","","","","","","0","","1",""
"11XX S CLAARK","11XX S CLAARK, Chicago, IL","","","unresolved","unknown","street_not_found","","","","","","","","0","","1",""
"11XX S MAJOR","11XX S MAJOR, Chicago, IL","","","unresolved","unknown","no_address_range_match","","","","","","","","0","","1",""
"11XX S MANSON","11XX S MANSON, Chicago, IL","","","unresolved","unknown","street_not_found","","","","","","","","0","","1",""
"11XX S MANSON AVE","11XX S MANSON AVE, Chicago, IL","","","unresolved","unknown","street_not_found","","","","","","","","0","","1",""
"11XX S MASON AAVENUE","11XX S MASON AAVENUE, Chicago, IL","","","unresolved","unknown","street_not_found","","","","","","","","0","","1",""
"11XX S MASON AVEUE","11XX S MASON AVEUE, Chicago, IL","","","unresolved","unknown","street_not_found","","","","","","","","0","","1",""
"11XX S OAKWOOD","11XX S OAKWOOD, Chicago, IL","","","unresolved","unknown","street_not_found","","","","","","","","0","","1",""
"11XX S ROOSEVELT","11XX S ROOSEVELT, Chicago, IL","","","unresolved","unknown","street_not_found","","","","","","","","0","","1",""
"11XX S SANGAMON","11XX S SANGAMON, Chicago, IL","","","unresolved","unknown","no_address_range_match","","","","","","","","0","","1",""
"11XX S WABAS","11XX S WABAS, Chicago, IL","","","unresolved","unknown","street_not_found","","","","","","","","0","","1",""
"11XX S WABAS AVE","11XX S WABAS AVE, Chicago, IL","","","unresolved","unknown","street_not_found","","","","","","","","0","","1",""
"11XX S WABASAH","11XX S WABASAH, Chicago, IL","","","unresolved","unknown","street_not_found","","","","","","","","0","","1",""
"11XX S WABASH ST","11XX S WABASH ST, Chicago, IL","","","unresolved","unknown","street_not_found","","","","","","","","0","","1",""
"11XX W ADDISDON","11XX W ADDISDON, Chicago, IL","","","unresolved","unknown","street_not_found","","","","","","","","0","","1",""
"11XX W BRYN MAR","11XX W BRYN MAR, Chicago, IL","","","unresolved","unknown","street_not_found","","","","","","","","0","","1",""
"11XX W CERMACK","11XX W CERMACK, Chicago, IL","","","unresolved","unknown","street_not_found","","","","","","","","0","","1",""
"11XX W DEVON","11XX W DEVON, Chicago, IL","","","unresolved","unknown","no_address_range_match","","","","","","","","0","","1",""
"11XX W DIVISION AVE","11XX W DIVISION AVE, Chicago, IL","","","unresolved","unknown","street_not_found","","","","","","","","0","","1",""
"11XX W LASALLE","11XX W LASALLE, Chicago, IL","","","unresolved","unknown","no_address_range_match","","","","","","","","0","","1",""
"11XX W THONNDALE","11XX W THONNDALE, Chicago, IL","","","unresolved","unknown","street_not_found","","","","","","","","0","","1",""
"11XX W THORNDAL","11XX W THORNDAL, Chicago, IL","","","unresolved","unknown","street_not_found","","","","","","","","0","","1",""
"12XX E HYE PARK BLV","12XX E HYE PARK BLV, Chicago, IL","","","unresolved","unknown","street_not_found","","","","","","","","0","","1",""
"12XX E ROOSEVELT RD","12XX E ROOSEVELT RD, Chicago, IL","","","unresolved","unknown","no_address_range_match","","","","","","","","0","","1",""
"12XX N LARMIE","12XX N LARMIE, Chicago, IL","","","unresolved","unknown","street_not_found","","","","","","","","0","","1",""
"12XX N PAULASIZ","12XX N PAULASIZ, Chicago, IL","","","unresolved","unknown","street_not_found","","","","","","","","0","","1",""
"12XX N PRATT BLVD","12XX N PRATT BLVD, Chicago, IL","","","unresolved","unknown","street_not_found","","","","","","","","0","","1",""
"12XX N PULASKLI","12XX N PULASKLI, Chicago, IL","","","unresolved","unknown","street_not_found","","","","","","","","0","","1",""
"12XX N STOCKTON","12XX N STOCKTON, Chicago, IL","","","unresolved","unknown","no_address_range_match","","","","","","","","0","","1",""
"12XX N WELL ST","12XX N WELL ST, Chicago, IL","","","unresolved","unknown","street_not_found","","","","","","","","0","","1",""
"12XX S ILLINOIS","12XX S ILLINOIS, Chicago, IL","","","unresolved","unknown","street_not_found","","","","","","","","0","","1",""
"12XX S LAKE SHORE DR","12XX S LAKE SHORE DR, Chicago, IL","","","unresolved","unknown","no_address_range_match","","","","","","","","0","","1",""
"12XX S MICIHIGAN AVE","12XX S MICIHIGAN AVE, Chicago, IL","","","unresolved","unknown","street_not_found","","","","","","","","0","","1",""
"12XX W LARAMIE AVE","12XX W LARAMIE AVE, Chicago, IL","","","unresolved","unknown","street_not_found","","","","","","","","0","","1",""
"12XX W LAWRANCE","12XX W LAWRANCE, Chicago, IL","","","unresolved","unknown","street_not_found","","","","","","","","0","","1",""
"12XX W PULASK","12XX W PULASK, Chicago, IL","","","unresolved","unknown","street_not_found","","","","","","","","0","","1",""
"12XX W TANLOR","12XX W TANLOR, Chicago, IL","","","unresolved","unknown","street_not_found","","","","","","","","0","","1",""
"13XX E HTDE PARK","13XX E HTDE PARK, Chicago, IL","","","unresolved","unknown","street_not_found","","","","","","","","0","","1",""
"13XX E HYDE PARK BLVCD","13XX E HYDE PARK BLVCD, Chicago, IL","","","unresolved","unknown","street_not_found","","","","","","","","0","","1",""
"13XX N LAWRENCE","13XX N LAWRENCE, Chicago, IL","","","unresolved","unknown","street_not_found","","","","","","","","0","","1",""
"13XX N PRATT","13XX N PRATT, Chicago, IL","","","unresolved","unknown","street_not_found","","","","","","","","0","","1",""
"13XX N PUALSKI RD","13XX N PUALSKI RD, Chicago, IL","","","unresolved","unknown","street_not_found","","","","","","","","0","","1",""
"13XX S CALFORNIA","13XX S CALFORNIA, Chicago, IL","","","unresolved","unknown","street_not_found","","","","","","","","0","","1",""
"13XX S CALIFARNIA","13XX S CALIFARNIA, Chicago, IL","","","unresolved","unknown","street_not_found","","","","","","","","0","","1",""
"13XX S CALIFORNA","13XX S CALIFORNA, Chicago, IL","","","unresolved","unknown","street_not_found","","","","","","","","0","","1",""
"13XX S DUSABLE","13XX S DUSABLE, Chicago, IL","","","unresolved","unknown","street_not_found","","","","","","","","0","","1",""
"13XX S FORT DEARBORN","13XX S FORT DEARBORN, Chicago, IL","","","unresolved","unknown","no_address_range_match","","","","","","","","0","","1",""
"13XX S LANGLEY","13XX S LANGLEY, Chicago, IL","","","unresolved","unknown","no_address_range_match","","","","","","","","0","","1",""
"13XX S LANGLEY AVE","13XX S LANGLEY AVE, Chicago, IL","","","unresolved","unknown","no_address_range_match","","","","","","","","0","","1",""
"13XX S MICHIGA","13XX S MICHIGA, Chicago, IL","","","unresolved","unknown","street_not_found","","","","","","","","0","","1",""
"13XX S MICHIGANA VE","13XX S MICHIGANA VE, Chicago, IL","","","unresolved","unknown","street_not_found","","","","","","","","0","","1",""
"13XX S SOLIDARITY DR","13XX S SOLIDARITY DR, Chicago, IL","","","unresolved","unknown","street_not_found","","","","","","","","0","","1",""
"13XX W ADDISO","13XX W ADDISO, Chicago, IL","","","unresolved","unknown","street_not_found","","","","","","","","0","","1",""
"13XX W BERYN","13XX W BERYN, Chicago, IL","","","unresolved","unknown","street_not_found","","","","","","","","0","","1",""
"13XX W ELSTON","13XX W ELSTON, Chicago, IL","","","unresolved","unknown","street_not_found","","","","","","","","0","","1",""
"14XX  HUDSON","14XX HUDSON, Chicago, IL","","","unresolved","unknown","unparsed_address","","","","","","","","0","","1",""
"14XX  SPECIAL OLYMICS DR","14XX SPECIAL OLYMICS DR, Chicago, IL","","","unresolved","unknown","unparsed_address","","","","","","","","0","","1",""
"14XX 26TH ST","14XX 26TH ST, Chicago, IL","","","unresolved","unknown","unparsed_address","","","","","","","","0","","1",""
"14XX 79TH ST","14XX 79TH ST, Chicago, IL","","","unresolved","unknown","unparsed_address","","","","","","","","0","","1",""
"14XX 95TH ST","14XX 95TH ST, Chicago, IL","","","unresolved","unknown","unparsed_address","","","","","","","","0","","1",""
"14XX E HYDE PARK BLV","14XX E HYDE PARK BLV, Chicago, IL","","","unresolved","unknown","street_not_found","","","","","","","","0","","1",""
"14XX E HYDE PARK BV","14XX E HYDE PARK BV, Chicago, IL","","","unresolved","unknown","street_not_found","","","","","","","","0","","1",""
"14XX E MCFETRIDGE DR","14XX E MCFETRIDGE DR, Chicago, IL","","","unresolved","unknown","no_address_range_match","","","","","","","","0","","1",""
"14XX N LAWRENCE","14XX N LAWRENCE, Chicago, IL","","","unresolved","unknown","street_not_found","","","","","","","","0","","1",""
"14XX N MILWAKEE","14XX N MILWAKEE, Chicago, IL","","","unresolved","unknown","street_not_found","","","","","","","","0","","1",""
"14XX N MILWAUKEE A","14XX N MILWAUKEE A, Chicago, IL","","","unresolved","unknown","street_not_found","","","","","","","","0","","1",""
"14XX N MLWAUKEE","14XX N MLWAUKEE, Chicago, IL","","","unresolved","unknown","street_not_found","","","","","","","","0","","1",""
"14XX N PUALSKI RD","14XX N PUALSKI RD, Chicago, IL","","","unresolved","unknown","street_not_found","","","","","","","","0","","1",""
"14XX N PULASK","14XX N PULASK, Chicago, IL","","","unresolved","unknown","street_not_found","","","","","","","","0","","1",""
"14XX N SDGWICK","14XX N SDGWICK, Chicago, IL","","","unresolved","unknown","street_not_found","","","","","","","","0","","1",""
"14XX N SDGWICK ST","14XX N SDGWICK ST, Chicago, IL","","","unresolved","unknown","street_not_found","","","","","","","","0","","1",""
"14XX N SEDGWIC","14XX N SEDGWIC, Chicago, IL","","","unresolved","unknown","street_not_found","","","","","","","","0","","1",""
"14XX N SEDGWIK","14XX N SEDGWIK, Chicago, IL","","","unresolved","unknown","street_not_found","","","","","","","","0","","1",""
"14XX N SEDWICK","14XX N SEDWICK, Chicago, IL","","","unresolved","unknown","street_not_found","","","","","","","","0","","1",""
"14XX N SEDWICK ST","14XX N SEDWICK ST, Chicago, IL","","","unresolved","unknown","street_not_found","","","","","","","","0","","1",""
"14XX N SEGDWICK","14XX N SEGDWICK, Chicago, IL","","","unresolved","unknown","street_not_found","","","","","","","","0","","1",""
"14XX N SEGEWICK","14XX N SEGEWICK, Chicago, IL","","","unresolved","unknown","street_not_found","","","","","","","","0","","1",""
"14XX N SEGWICK","14XX N SEGWICK, Chicago, IL","","","unresolved","unknown","street_not_found","","","","","","","","0","","1",""
"14XX N SIMONDS","14XX N SIMONDS, Chicago, IL","","","unresolved","unknown","no_address_range_match","","","","","","","","0","","1",""
"14XX S MICHIGA","14XX S MICHIGA, Chicago, IL","","","unresolved","unknown","street_not_found","","","","","","","","0","","1",""
"14XX S SITIATTE","14XX S SITIATTE, Chicago, IL","","","unresolved","unknown","street_not_found","","","","","","","","0","","1",""
"14XX W MILWAUKEE","14XX W MILWAUKEE, Chicago, IL","","","unresolved","unknown","street_not_found","","","","","","","","0","","1",""
"14XX W MILWAUKEE AVE","14XX W MILWAUKEE AVE, Chicago, IL","","","unresolved","unknown","street_not_found","","","","","","","","0","","1",""
"15XX 37TH","15XX 37TH, Chicago, IL","","","unresolved","unknown","unparsed_address","","","","","","","","0","","1",""
"15XX 75TH","15XX 75TH, Chicago, IL","","","unresolved","unknown","unparsed_address","","","","","","","","0","","1",""
"15XX 79TH STREET","15XX 79TH STREET, Chicago, IL","","","unresolved","unknown","unparsed_address","","","","","","","","0","","1",""
"15XX 83","15XX 83, Chicago, IL","","","unresolved","unknown","unparsed_address","","","","","","","","0","","1",""
"15XX 83RD","15XX 83RD, Chicago, IL","","","unresolved","unknown","unparsed_address","","","","","","","","0","","1",""
"15XX 83RD ST","15XX 83RD ST, Chicago, IL","","","unresolved","unknown","unparsed_address","","","","","","","","0","","1",""
"15XX 87 STREET","15XX 87 STREET, Chicago, IL","","","unresolved","unknown","unparsed_address","","","","","","","","0","","1",""
"15XX 87TH STREET","15XX 87TH STREET, Chicago, IL","","","unresolved","unknown","unparsed_address","","","","","","","","0","","1",""
"15XX 94TH ST","15XX 94TH ST, Chicago, IL","","","unresolved","unknown","unparsed_address","","","","","","","","0","","1",""
"15XX 95TH","15XX 95TH, Chicago, IL","","","unresolved","unknown","unparsed_address","","","","","","","","0","","1",""
"15XX E HYDE PARK BL","15XX E HYDE PARK BL, Chicago, IL","","","unresolved","unknown","street_not_found","","","","","","","","0","","1",""
"15XX E PRATT","15XX E PRATT, Chicago, IL","","","unresolved","unknown","street_not_found","","","","","","","","0","","1",""
"15XX E SOLIDARITY RD","15XX E SOLIDARITY RD, Chicago, IL","","","unresolved","unknown","street_not_found","","","","","","","","0","","1",""
"15XX N AUSTIN AV","15XX N AUSTIN AV, Chicago, IL","","","unresolved","unknown","no_address_range_match","","","","","","","","0","","1",""
"15XX N CALIFORINA","15XX N CALIFORINA, Chicago, IL","","","unresolved","unknown","street_not_found","","","","","","","","0","","1",""
"15XX N CALIOFRNIA","15XX N CALIOFRNIA, Chicago, IL","","","unresolved","unknown","street_not_found","","","","","","","","0","","1",""
"15XX N CLYBORN","15XX N CLYBORN, Chicago, IL","","","unresolved","unknown","street_not_found","","","","","","","","0","","1",""
"15XX N DAMON","15XX N DAMON, Chicago, IL","","","unresolved","unknown","street_not_found","","","","","","","","0","","1",""
"15XX N DEARBORNE PKWY","15XX N DEARBORNE PKWY, Chicago, IL","","","unresolved","unknown","street_not_found","","","","","","","","0","","1",""
"15XX N HALSTEAD","15XX N HALSTEAD, Chicago, IL","","","unresolved","unknown","street_not_found","","","","","","","","0","","1",""
"15XX N LUNT AVE","15XX N LUNT AVE, Chicago, IL","","","unresolved","unknown","street_not_found","","","","","","","","0","","1",""
"15XX N MILWAUEKE","15XX N MILWAUEKE, Chicago, IL","","","unresolved","unknown","street_not_found","","","","","","","","0","","1",""
"15XX N TAYLOR ST","15XX N TAYLOR ST, Chicago, IL","","","unresolved","unknown","street_not_found","","","","","","","","0","","1",""
"15XX S CENTRAL PARK RD","15XX S CENTRAL PARK RD, Chicago, IL","","","unresolved","unknown","street_not_found","","","","","","","","0","","1",""
"15XX S CENTRAL PRK","15XX S CENTRAL PRK, Chicago, IL","","","unresolved","unknown","street_not_found","","","","","","","","0","","1",""
"15XX S LYNN WHITE","15XX S LYNN WHITE, Chicago, IL","","","unresolved","unknown","street_not_found","","","","","","","","0","","1",""
"15XX S MARSHFIELD AVE","15XX S MARSHFIELD AVE, Chicago, IL","","","unresolved","unknown","no_address_range_match","","","","","","","","0","","1",""
"15XX S SACRAMENCTO","15XX S SACRAMENCTO, Chicago, IL","","","unresolved","unknown","street_not_found","","","","","","","","0","","1",""
"15XX S SACRAMENTO SDR","15XX S SACRAMENTO SDR, Chicago, IL","","","unresolved","unknown","street_not_found","","","","","","","","0","","1",""
"15XX S YICHIGAN","15XX S YICHIGAN, Chicago, IL","","","unresolved","unknown","street_not_found","","","","","","","","0","","1",""
"15XX W CALIFORNIA AV","15XX W CALIFORNIA AV, Chicago, IL","","","unresolved","unknown","street_not_found","","","","","","","","0","","1",""
"15XX W CHICAGO ST","15XX W CHICAGO ST, Chicago, IL","","","unresolved","unknown","street_not_found","","","","","","","","0","","1",""
"15XX W LUNT AE","15XX W LUNT AE, Chicago, IL","","","unresolved","unknown","street_not_found","","","","","","","","0","","1",""
"15XX W MILWAUKEE","15XX W MILWAUKEE, Chicago, IL","","","unresolved","unknown","street_not_found","","","","","","","","0","","1",""
"16XX  MORSE","16XX MORSE, Chicago, IL","","","unresolved","unknown","unparsed_address","","","","","","","","0","","1",""
"16XX 69TH ST","16XX 69TH ST, Chicago, IL","","","unresolved","unknown","unparsed_address","","","","","","","","0","","1",""
"16XX 79TH","16XX 79TH, Chicago, IL","","","unresolved","unknown","unparsed_address","","","","","","","","0","","1",""
"16XX 79TH ST","16XX 79TH ST, Chicago, IL","","","unresolved","unknown","unparsed_address","","","","","","","","0","","1",""
"16XX E HYDE PRK BLVD","16XX E HYDE PRK BLVD, Chicago, IL","","","unresolved","unknown","street_not_found","","","","","","","","0","","1",""
"16XX N AUSTIN BLVD","16XX N AUSTIN BLVD, Chicago, IL","","","unresolved","unknown","no_address_range_match","","","","","","","","0","","1",""
"16XX N CICERO ST","16XX N CICERO ST, Chicago, IL","","","unresolved","unknown","street_not_found","","","","","","","","0","","1",""
"16XX N JEAN BAPTISTE POIN","16XX N JEAN BAPTISTE POIN, Chicago, IL","","","unresolved","unknown","street_not_found","","","","","","","","0","","1",""
"16XX N LASALLE ST","16XX N LASALLE ST, Chicago, IL","","","unresolved","unknown","no_address_range_match","","","","","","","","0","","1",""
"16XX N MICHIGAN","16XX N MICHIGAN, Chicago, IL","","","unresolved","unknown","no_address_range_match","","","","","","","","0","","1",""
"16XX N NORTH AVE","16XX N NORTH AVE, Chicago, IL","","","unresolved","unknown","street_not_found","","","","","","","","0","","1",""
"16XX S MARQUETTE RD","16XX S MARQUETTE RD, Chicago, IL","","","unresolved","unknown","no_address_range_match","","","","","","","","0","","1",""
"16XX W ADDISO","16XX W ADDISO, Chicago, IL","","","unresolved","unknown","street_not_found","","","","","","","","0","","1",""
"16XX W DIVISTON AVE","16XX W DIVISTON AVE, Chicago, IL","","","unresolved","unknown","street_not_found","","","","","","","","0","","1",""
"16XX W HALSTED","16XX W HALSTED, Chicago, IL","","","unresolved","unknown","street_not_found","","","","","","","","0","","1",""
"16XX W JACKSON ST","16XX W JACKSON ST, Chicago, IL","","","unresolved","unknown","street_not_found","","","","","","","","0","","1",""
"16XX W MORRSE AV","16XX W MORRSE AV, Chicago, IL","","","unresolved","unknown","street_not_found","","","","","","","","0","","1",""
"17XX 63RD ST","17XX 63RD ST, Chicago, IL","","","unresolved","unknown","unparsed_address","","","","","","","","0","","1",""
"17XX 83RD ST","17XX 83RD ST, Chicago, IL","","","unresolved","unknown","unparsed_address","","","","","","","","0","","1",""
"17XX E HYDE PARK","17XX E HYDE PARK, Chicago, IL","","","unresolved","unknown","no_address_range_match","","","","","","","","0","","1",""
"17XX E LUNT AVE","17XX E LUNT AVE, Chicago, IL","","","unresolved","unknown","street_not_found","","","","","","","","0","","1",""
"17XX N EKDZIE","17XX N EKDZIE, Chicago, IL","","","unresolved","unknown","street_not_found","","","","","","","","0","","1",""
"17XX N HOWARD ST","17XX N HOWARD ST, Chicago, IL","","","unresolved","unknown","street_not_found","","","","","","","","0","","1",""
"17XX N LAKE SHORE DR","17XX N LAKE SHORE DR, Chicago, IL","","","unresolved","unknown","no_address_range_match","","","","","","","","0","","1",""
"17XX S CENTRAL PARK","17XX S CENTRAL PARK, Chicago, IL","","","unresolved","unknown","no_address_range_match","","","","","","","","0","","1",""
"17XX W LARENCE","17XX W LARENCE, Chicago, IL","","","unresolved","unknown","street_not_found","","","","","","","","0","","1",""
"17XX W PAULINA","17XX W PAULINA, Chicago, IL","","","unresolved","unknown","street_not_found","","","","","","","","0","","1",""
"17XX W STOCKTON","17XX W STOCKTON, Chicago, IL","","","unresolved","unknown","street_not_found","","","","","","","","0","","1",""
"18XX 75TH ST","18XX 75TH ST, Chicago, IL","","","unresolved","unknown","unparsed_address","","","","","","","","0","","1",""
"18XX E HYDE PARK BLVD","18XX E HYDE PARK BLVD, Chicago, IL","","","unresolved","unknown","no_address_range_match","","","","","","","","0","","1",""
"18XX N ASHLAND","18XX N ASHLAND, Chicago, IL","","","unresolved","unknown","no_address_range_match","","","","","","","","0","","1",""
"18XX N LINCOLN","18XX N LINCOLN, Chicago, IL","","","unresolved","unknown","ambiguous_street","","","","","","","","0","","1",""
"18XX N OGDEN","18XX N OGDEN, Chicago, IL","","","unresolved","unknown","no_address_range_match","","","","","","","","0","","1",""
"18XX N PUASKI","18XX N PUASKI, Chicago, IL","","","unresolved","unknown","street_not_found","","","","","","","","0","","1",""
"18XX N SOCKTON","18XX N SOCKTON, Chicago, IL","","","unresolved","unknown","street_not_found","","","","","","","","0","","1",""
"18XX N STOCKON DR","18XX N STOCKON DR, Chicago, IL","","","unresolved","unknown","street_not_found","","","","","","","","0","","1",""
"18XX N STOCKTO DR","18XX N STOCKTO DR, Chicago, IL","","","unresolved","unknown","street_not_found","","","","","","","","0","","1",""
"18XX N STOCKTON ST","18XX N STOCKTON ST, Chicago, IL","","","unresolved","unknown","street_not_found","","","","","","","","0","","1",""
"18XX N STOCTON DR","18XX N STOCTON DR, Chicago, IL","","","unresolved","unknown","street_not_found","","","","","","","","0","","1",""
"18XX S LAKE SHORE DR","18XX S LAKE SHORE DR, Chicago, IL","","","unresolved","unknown","no_address_range_match","","","","","","","","0","","1",""
"18XX S STATE STR","18XX S STATE STR, Chicago, IL","","","unresolved","unknown","street_not_found","","","","","","","","0","","1",""
"18XX W PRATT AVE","18XX W PRATT AVE, Chicago, IL","","","unresolved","unknown","no_address_range_match","","","","","","","","0","","1",""
"18XX W WOOD ST","18XX W WOOD ST, Chicago, IL","","","unresolved","unknown","street_not_found","","","","","","","","0","","1",""
"19XX N LUNT","19XX N LUNT, Chicago, IL","","","unresolved","unknown","street_not_found","","","","","","","","0","","1",""
"19XX N PRATT BLVD","19XX N PRATT BLVD, Chicago, IL","","","unresolved","unknown","street_not_found","","","","","","","","0","","1",""
"19XX N SEDWICK","19XX N SEDWICK, Chicago, IL","","","unresolved","unknown","street_not_found","","","","","","","","0","","1",""
"19XX S MASON","19XX S MASON, Chicago, IL","","","unresolved","unknown","no_address_range_match","","","","","","","","0","","1",""
"19XX W ADDISDON","19XX W ADDISDON, Chicago, IL","","","unresolved","unknown","street_not_found","","","","","","","","0","","1",""
"19XX W PULASKI","19XX W PULASKI, Chicago, IL","","","unresolved","unknown","street_not_found","","","","","","","","0","","1",""
"19XX W STOCKTON","19XX W STOCKTON, Chicago, IL","","","unresolved","unknown","street_not_found","","","","","","","","0","","1",""
"1XX  HURON","1XX HURON, Chicago, IL","","","unresolved","unknown","unparsed_address","","","","","","","","0","","1",""
"1XX  MICHIGAN","1XX MICHIGAN, Chicago, IL","","","unresolved","unknown","unparsed_address","","","","","","","","0","","1",""
"1XX  PEARSON AV","1XX PEARSON AV, Chicago, IL","","","unresolved","unknown","unparsed_address","","","","","","","","0","","1",""
"1XX E ALTON PL","1XX E ALTON PL, Chicago, IL","","","unresolved","unknown","street_not_found","","","","","","","","0","","1",""
"1XX E BYRON ST","1XX E BYRON ST, Chicago, IL","","","unresolved","unknown","street_not_found","","","","","","","","0","","1",""
"1XX E CERMACK","1XX E CERMACK, Chicago, IL","","","unresolved","unknown","street_not_found","","","","","","","","0","","1",""
"1XX E CONGRESS PLAZA","1XX E CONGRESS PLAZA, Chicago, IL","","","unresolved","unknown","street_not_found","","","","","","","","0","","1",""
"1XX E GARFEILD","1XX E GARFEILD, Chicago, IL","","","unresolved","unknown","street_not_found","","","","","","","","0","","1",""
"1XX E HURIN","1XX E HURIN, Chicago, IL","","","unresolved","unknown","street_not_found","","","","","","","","0","","1",""
"1XX E HURON AVE","1XX E HURON AVE, Chicago, IL","","","unresolved","unknown","street_not_found","","","","","","","","0","","1",""
"1XX E HURONST","1XX E HURONST, Chicago, IL","","","unresolved","unknown","street_not_found","","","","","","","","0","","1",""
"1XX E MADISON AVE","1XX E MADISON AVE, Chicago, IL","","","unresolved","unknown","street_not_found","","","","","","","","0","","1",""
"1XX E MICHIGAN","1XX E MICHIGAN, Chicago, IL","","","unresolved","unknown","street_not_found","","","","","","","","0","","1",""
"1XX E MYRON","1XX E MYRON, Chicago, IL","","","unresolved","unknown","street_not_found","","","","","","","","0","","1",""
"1XX N ADAMS","1XX N ADAMS, Chicago, IL","","","unresolved","unknown","street_not_found","","","","","","","","0","","1",""
"1XX N CENTRAL PK","1XX N CENTRAL PK, Chicago, IL","","","unresolved","unknown","street_not_found","","","","","","","","0","","1",""
"1XX N CHICAGO AVE","1XX N CHICAGO AVE, Chicago, IL","","","unresolved","unknown","street_not_found","","","","","","","","0","","1",""
"1XX N DEARBORN AVE","1XX N DEARBORN AVE, Chicago, IL","","","unresolved","unknown","street_not_found","","","","","","","","0","","1",""
"1XX N LAKE ST","1XX N LAKE ST, Chicago, IL","","","unresolved","unknown","street_not_found","","","","","","","","0","","1",""
"1XX N MCHIGAN","1XX N MCHIGAN, Chicago, IL","","","unresolved","unknown","street_not_found","","","","","","","","0","","1",""
"1XX N MICHGAN","1XX N MICHGAN, Chicago, IL","","","unresolved","unknown","street_not_found","","","","","","","","0","","1",""
"1XX N MICHIGAN VAE","1XX N MICHIGAN VAE, Chicago, IL","","","unresolved","unknown","street_not_found","","","","","","","","0","","1",""
"1XX N MILWAUKEE","1XX N MILWAUKEE, Chicago, IL","","","unresolved","unknown","no_address_range_match","","","","","","","","0","","1",""
"1XX N MILWAUKEE AVE","1XX N MILWAUKEE AVE, Chicago, IL","","","unresolved","unknown","no_address_range_match","","","","","","","","0","","1",""
"1XX N NORTH AVE","1XX N NORTH AVE, Chicago, IL","","","unresolved","unknown","street_not_found","","","","","","","","0","","1",""
"1XX N STATE STR","1XX N STATE STR, Chicago, IL","","","unresolved","unknown","street_not_found","","","","","","","","0","","1",""
"1XX N STENTSON AVE","1XX N STENTSON AVE, Chicago, IL","","","unresolved","unknown","street_not_found","","","","","","","","0","","1",""
"1XX N STETSON STE","1XX N STETSON STE, Chicago, IL","","","unresolved","unknown","street_not_found","","","","","","","","0","","1",""
"1XX N STETSONST","1XX N STETSONST, Chicago, IL","","","unresolved","unknown","street_not_found","","","","","","","","0","","1",""
"1XX N STETSTON","1XX N STETSTON, Chicago, IL","","","unresolved","unknown","street_not_found","","","","","","","","0","","1",""
"1XX N STOCKTON","1XX N STOCKTON, Chicago, IL","","","unresolved","unknown","no_address_range_match","","","","","","","","0","","1",""
"1XX S MICHAGAN","1XX S MICHAGAN, Chicago, IL","","","unresolved","unknown","street_not_found","","","","","","","","0","","1",""
"1XX S MICHGAN","1XX S MICHGAN, Chicago, IL","","","unresolved","unknown","street_not_found","","","","","","","","0","","1",""
"1XX S MICHGAN AVE","1XX S MICHGAN AVE, Chicago, IL","","","unresolved","unknown","street_not_found","","","","","","","","0","","1",""
"1XX S MICHIGAB","1XX S MICHIGAB, Chicago, IL","","","unresolved","unknown","street_not_found","","","","","","","","0","","1",""
"1XX S MICHIGAN VE","1XX S MICHIGAN VE, Chicago, IL","","","unresolved","unknown","street_not_found","","","","","","","","0","","1",""
"1XX S OHIO","1XX S OHIO, Chicago, IL","","","unresolved","unknown","street_not_found","","","","","","","","0","","1",""
"1XX W ARMITAGE","1XX W ARMITAGE, Chicago, IL","","","unresolved","unknown","no_address_range_match","","","","","","","","0","","1",""
"1XX W DEVON","1XX W DEVON, Chicago, IL","","","unresolved","unknown","no_address_range_match","","","","","","","","0","","1",""
"1XX W ERWYN","1XX W ERWYN, Chicago, IL","","","unresolved","unknown","street_not_found","","","","","","","","0","","1",""
"1XX W HOMAN","1XX W HOMAN, Chicago, IL","","","unresolved","unknown","street_not_found","","","","","","","","0","","1",""
"1XX W LUNT","1XX W LUNT, Chicago, IL","","","unresolved","unknown","no_address_range_match","","","","","","","","0","","1",""
"1XX W STETSON","1XX W STETSON, Chicago, IL","","","unresolved","unknown","street_not_found","","","","","","","","0","","1",""
"2 XX 03RD ST","2 XX 03RD ST, Chicago, IL","","","unresolved","unknown","unparsed_address","","","","","","","","0","","1",""
"20XX  CLARK ST","20XX CLARK ST, Chicago, IL","","","unresolved","unknown","unparsed_address","","","","","","","","0","","1",""
"20XX 21ST ST","20XX 21ST ST, Chicago, IL","","","unresolved","unknown","unparsed_address","","","","","","","","0","","1",""
"20XX 51ST ST","20XX 51ST ST, Chicago, IL","","","unresolved","unknown","unparsed_address","","","","","","","","0","","1",""
"20XX 75TH ST","20XX 75TH ST, Chicago, IL","","","unresolved","unknown","unparsed_address","","","","","","","","0","","1",""
"20XX E CHAPPEL","20XX E CHAPPEL, Chicago, IL","","","unresolved","unknown","street_not_found","","","","","","","","0","","1",""
"20XX N DEVON","20XX N DEVON, Chicago, IL","","","unresolved","unknown","street_not_found","","","","","","","","0","","1",""
"20XX N HALSTED AV","20XX N HALSTED AV, Chicago, IL","","","unresolved","unknown","street_not_found","","","","","","","","0","","1",""
"20XX N MILWAUKE","20XX N MILWAUKE, Chicago, IL","","","unresolved","unknown","street_not_found","","","","","","","","0","","1",""
"20XX N SOCKTON","20XX N SOCKTON, Chicago, IL","","","unresolved","unknown","street_not_found","","","","","","","","0","","1",""
"20XX N STO CIKITON","20XX N STO CIKITON, Chicago, IL","","","unresolved","unknown","street_not_found","","","","","","","","0","","1",""
"20XX N STOCKON DR","20XX N STOCKON DR, Chicago, IL","","","unresolved","unknown","street_not_found","","","","","","","","0","","1",""
"20XX N STOCKTON DT","20XX N STOCKTON DT, Chicago, IL","","","unresolved","unknown","street_not_found","","","","","","","","0","","1",""
"20XX N STOCKTONDR","20XX N STOCKTONDR, Chicago, IL","","","unresolved","unknown","street_not_found","","","","","","","","0","","1",""
"20XX S LOOMIS S","20XX S LOOMIS S, Chicago, IL","","","unresolved","unknown","street_not_found","","","","","","","","0","","1",""
"20XX S LOWE PARKWAY AVE","20XX S LOWE PARKWAY AVE, Chicago, IL","","","unresolved","unknown","street_not_found","","","","","","","","0","","1",""
"20XX W HARRISION ST","20XX W HARRISION ST, Chicago, IL","","","unresolved","unknown","street_not_found","","","","","","","","0","","1",""
"20XX W JACKDON","20XX W JACKDON, Chicago, IL","","","unresolved","unknown","street_not_found","","","","","","","","0","","1",""
"20XX W N","20XX W N, Chicago, IL","","","unresolved","unknown","street_not_found","","","","","","","","0","","1",""
"20XX W ROGER AVE","20XX W ROGER AVE, Chicago, IL","","","unresolved","unknown","street_not_found","","","","","","","","0","","1",""
"20XX W STOCKTON","20XX W STOCKTON, Chicago, IL","","","unresolved","unknown","street_not_found","","","","","","","","0","","1",""
"20XX W STOCKTON DR","20XX W STOCKTON DR, Chicago, IL","","","unresolved","unknown","street_not_found","","","","","","","","0","","1",""
"21XX N CALIFORNIIA","21XX N CALIFORNIIA, Chicago, IL","","","unresolved","unknown","street_not_found","","","","","","","","0","","1",""
"21XX N DIVISION","21XX N DIVISION, Chicago, IL","","","unresolved","unknown","no_address_range_match","","","","","","","","0","","1",""
"21XX N HIALSTED","21XX N HIALSTED, Chicago, IL","","","unresolved","unknown","street_not_found","","","","","","","","0","","1",""
"21XX N MILWAKEE AVE","21XX N MILWAKEE AVE, Chicago, IL","","","unresolved","unknown","street_not_found","","","","","","","","0","","1",""
"21XX N MILWAUKE AVE","21XX N MILWAUKE AVE, Chicago, IL","","","unresolved","unknown","street_not_found","","","","","","","","0","","1",""
"21XX N MILWUAKEE","21XX N MILWUAKEE, Chicago, IL","","","unresolved","unknown","street_not_found","","","","","","","","0","","1",""
"21XX N NARRAGANSETTE","21XX N NARRAGANSETTE, Chicago, IL","","","unresolved","unknown","street_not_found","","","","","","","","0","","1",""
"21XX N NARRAGANSETTE AVE","21XX N NARRAGANSETTE AVE, Chicago, IL","","","unresolved","unknown","street_not_found","","","","","","","","0","","1",""
"21XX N STOCIKTON","21XX N STOCIKTON, Chicago, IL","","","unresolved","unknown","street_not_found","","","","","","","","0","","1",""
"21XX N STOCKTON ST","21XX N STOCKTON ST, Chicago, IL","","","unresolved","unknown","street_not_found","","","","","","","","0","","1",""
"21XX S MICIGAN AV","21XX S MICIGAN AV, Chicago, IL","","","unresolved","unknown","street_not_found","","","","","","","","0","","1",""
"21XX S MIICHIGAN","21XX S MIICHIGAN, Chicago, IL","","","unresolved","unknown","street_not_found","","","","","","","","0","","1",""
"21XX S MMICHIGAN","21XX S MMICHIGAN, Chicago, IL","","","unresolved","unknown","street_not_found","","","","","","","","0","","1",""
"21XX S PULASK","21XX S PULASK, Chicago, IL","","","unresolved","unknown","street_not_found","","","","","","","","0","","1",""
"21XX S STATE STR","21XX S STATE STR, Chicago, IL","","","unresolved","unknown","street_not_found","","","","","","","","0","","1",""
"21XX S STATES ST","21XX S STATES ST, Chicago, IL","","","unresolved","unknown","street_not_found","","","","","","","","0","","1",""
"21XX S WABASH AIV","21XX S WABASH AIV, Chicago, IL","","","unresolved","unknown","street_not_found","","","","","","","","0","","1",""
"21XX W ADMAS","21XX W ADMAS, Chicago, IL","","","unresolved","unknown","street_not_found","","","","","","","","0","","1",""
"21XX W DIVISION S T","21XX W DIVISION S T, Chicago, IL","","","unresolved","unknown","street_not_found","","","","","","","","0","","1",""
"21XX W DIVISON","21XX W DIVISON, Chicago, IL","","","unresolved","unknown","street_not_found","","","","","","","","0","","1",""
"21XX W HARISON","21XX W HARISON, Chicago, IL","","","unresolved","unknown","street_not_found","","","","","","","","0","","1",""
"22XX  DEVON","22XX DEVON, Chicago, IL","","","unresolved","unknown","unparsed_address","","","","","","","","0","","1",""
"22XX  MICHIGAN AVE","22XX MICHIGAN AVE, Chicago, IL","","","unresolved","unknown","unparsed_address","","","","","","","","0","","1",""
"22XX 26TH ST","22XX 26TH ST, Chicago, IL","","","unresolved","unknown","unparsed_address","","","","","","","","0","","1",""
"22XX 83RD","22XX 83RD, Chicago, IL","","","unresolved","unknown","unparsed_address","","","","","","","","0","","1",""
"22XX E MICHIGAN AVE","22XX E MICHIGAN AVE, Chicago, IL","","","unresolved","unknown","street_not_found","","","","","","","","0","","1",""
"22XX N CALFORNIA AV","22XX N CALFORNIA AV, Chicago, IL","","","unresolved","unknown","street_not_found","","","","","","","","0","","1",""
"22XX N CALIFORNIA VE","22XX N CALIFORNIA VE, Chicago, IL","","","unresolved","unknown","street_not_found","","","","","","","","0","","1",""
"22XX N DAMEN","22XX N DAMEN, Chicago, IL","","","unresolved","unknown","no_address_range_match","","","","","","","","0","","1",""
"22XX N DEVON AV","22XX N DEVON AV, Chicago, IL","","","unresolved","unknown","street_not_found","","","","","","","","0","","1",""
"22XX N DEVON ST","22XX N DEVON ST, Chicago, IL","","","unresolved","unknown","street_not_found","","","","","","","","0","","1",""
"22XX N HOWARD","22XX N HOWARD, Chicago, IL","","","unresolved","unknown","street_not_found","","","","","","","","0","","1",""
"22XX N LINCOL AVE","22XX N LINCOL AVE, Chicago, IL","","","unresolved","unknown","street_not_found","","","","","","","","0","","1",""
"22XX N LINCOLN PARK WEST","22XX N LINCOLN PARK WEST, Chicago, IL","","","unresolved","unknown","street_not_found","","","","","","","","0","","1",""
"22XX N MILWAKEE","22XX N MILWAKEE, Chicago, IL","","","unresolved","unknown","street_not_found","","","","","","","","0","","1",""
"22XX N NARRGANSETT","22XX N NARRGANSETT, Chicago, IL","","","unresolved","unknown","street_not_found","","","","","","","","0","","1",""
"22XX N STOCKTON AVE","22XX N STOCKTON AVE, Chicago, IL","","","unresolved","unknown","street_not_found","","","","","","","","0","","1",""
"22XX S [MICHICAGN AVE","22XX S [MICHICAGN AVE, Chicago, IL","","","unresolved","unknown","street_not_found","","","","","","","","0","","1",""
"22XX S CERMAK","22XX S CERMAK, Chicago, IL","","","unresolved","unknown","street_not_found","","","","","","","","0","","1",""
"22XX S HALSTE","22XX S HALSTE, Chicago, IL","","","unresolved","unknown","street_not_found","","","","","","","","0","","1",""
"22XX S IMDIANA","22XX S IMDIANA, Chicago, IL","","","unresolved","unknown","street_not_found","","","","","","","","0","","1",""
"22XX S INDIADA AVE","22XX S INDIADA AVE, Chicago, IL","","","unresolved","unknown","street_not_found","","","","","","","","0","","1",""
"22XX S KEDZE","22XX S KEDZE, Chicago, IL","","","unresolved","unknown","street_not_found","","","","","","","","0","","1",""
"22XX S MICHAGAN AVE","22XX S MICHAGAN AVE, Chicago, IL","","","unresolved","unknown","street_not_found","","","","","","","","0","","1",""
"22XX S MICHIGA AV","22XX S MICHIGA AV, Chicago, IL","","","unresolved","unknown","street_not_found","","","","","","","","0","","1",""
"22XX S MICHIGA AVE","22XX S MICHIGA AVE, Chicago, IL","","","unresolved","unknown","street_not_found","","","","","","","","0","","1",""
"22XX S MICHIGAN A","22XX S MICHIGAN A, Chicago, IL","","","unresolved","unknown","street_not_found","","","","","","","","0","","1",""
"22XX S MICHIGAN AVSE","22XX S MICHIGAN AVSE, Chicago, IL","","","unresolved","unknown","street_not_found","","","","","","","","0","","1",""
"22XX S MICHIGAN ST","22XX S MICHIGAN ST, Chicago, IL","","","unresolved","unknown","street_not_found","","","","","","","","0","","1",""
"22XX S MICIGAN","22XX S MICIGAN, Chicago, IL","","","unresolved","unknown","street_not_found","","","","","","","","0","","1",""
"22XX S MIHIGAN AV","22XX S MIHIGAN AV, Chicago, IL","","","unresolved","unknown","street_not_found","","","","","","","","0","","1",""
"22XX S MITCHIGAN","22XX S MITCHIGAN, Chicago, IL","","","unresolved","unknown","street_not_found","","","","","","","","0","","1",""
"22XX S MLK DR","22XX S MLK DR, Chicago, IL","","","unresolved","unknown","street_not_found","","","","","","","","0","","1",""
"22XX W CALIFORNIA","22XX W CALIFORNIA, Chicago, IL","","","unresolved","unknown","no_address_range_match","","","","","","","","0","","1",""
"22XX W DEEVON","22XX W DEEVON, Chicago, IL","","","unresolved","unknown","street_not_found","","","","","","","","0","","1",""
"22XX W DEVON ST","22XX W DEVON ST, Chicago, IL","","","unresolved","unknown","street_not_found","","","","","","","","0","","1",""
"22XX W DEVONE","22XX W DEVONE, Chicago, IL","","","unresolved","unknown","street_not_found","","","","","","","","0","","1",""
"23XX  MICHGIAN","23XX MICHGIAN, Chicago, IL","","","unresolved","unknown","unparsed_address","","","","","","","","0","","1",""
"23XX  STOCKTON","23XX STOCKTON, Chicago, IL","","","unresolved","unknown","unparsed_address","","","","","","","","0","","1",""
"23XX 75ST","23XX 75ST, Chicago, IL","","","unresolved","unknown","unparsed_address","","","","","","","","0","","1",""
"23XX 75TH ST","23XX 75TH ST, Chicago, IL","","","unresolved","unknown","unparsed_address","","","","","","","","0","","1",""
"23XX E DEVON AVE","23XX E DEVON AVE, Chicago, IL","","","unresolved","unknown","street_not_found","","","","","","","","0","","1",""
"23XX N DEVON AVE","23XX N DEVON AVE, Chicago, IL","","","unresolved","unknown","street_not_found","","","","","","","","0","","1",""
"23XX N HALSTED AV","23XX N HALSTED AV, Chicago, IL","","","unresolved","unknown","street_not_found","","","","","","","","0","","1",""
"23XX N LINC","23XX N LINC, Chicago, IL","","","unresolved","unknown","street_not_found","","","","","","","","0","","1",""
"23XX N NORTH AV","23XX N NORTH AV, Chicago, IL","","","unresolved","unknown","street_not_found","","","","","","","","0","","1",""
"23XX N STOCTON DR","23XX N STOCTON DR, Chicago, IL","","","unresolved","unknown","street_not_found","","","","","","","","0","","1",""
"23XX S BLUE ISLAND AVE","23XX S BLUE ISLAND AVE, Chicago, IL","","","unresolved","unknown","ambiguous_block","","","","","","","","0","","1",""
"23XX S WEMTWORTH AVE","23XX S WEMTWORTH AVE, Chicago, IL","","","unresolved","unknown","street_not_found","","","","","","","","0","","1",""
"23XX W BELL","23XX W BELL, Chicago, IL","","","unresolved","unknown","street_not_found","","","","","","","","0","","1",""
"23XX W DEBON AVE","23XX W DEBON AVE, Chicago, IL","","","unresolved","unknown","street_not_found","","","","","","","","0","","1",""
"23XX W DEVON AN","23XX W DEVON AN, Chicago, IL","","","unresolved","unknown","street_not_found","","","","","","","","0","","1",""
"23XX W LINCOLN","23XX W LINCOLN, Chicago, IL","","","unresolved","unknown","street_not_found","","","","","","","","0","","1",""
"23XX W MOTNROSE AVE","23XX W MOTNROSE AVE, Chicago, IL","","","unresolved","unknown","street_not_found","","","","","","","","0","","1",""
"23XX W PRATT AV","23XX W PRATT AV, Chicago, IL","","","unresolved","unknown","no_address_range_match","","","","","","","","0","","1",""
"23XX W STOCKTON AV","23XX W STOCKTON AV, Chicago, IL","","","unresolved","unknown","street_not_found","","","","","","","","0","","1",""
"24XX 75TH","24XX 75TH, Chicago, IL","","","unresolved","unknown","unparsed_address","","","","","","","","0","","1",""
"24XX N CANON DR","24XX N CANON DR, Chicago, IL","","","unresolved","unknown","street_not_found","","","","","","","","0","","1",""
"24XX N DIVISION","24XX N DIVISION, Chicago, IL","","","unresolved","unknown","no_address_range_match","","","","","","","","0","","1",""
"24XX N MILWAUKE AVE","24XX N MILWAUKE AVE, Chicago, IL","","","unresolved","unknown","street_not_found","","","","","","","","0","","1",""
"24XX N MIWAUKEE","24XX N MIWAUKEE, Chicago, IL","","","unresolved","unknown","street_not_found","","","","","","","","0","","1",""
"24XX N STOCKKTON DR","24XX N STOCKKTON DR, Chicago, IL","","","unresolved","unknown","street_not_found","","","","","","","","0","","1",""
"24XX S CAVAL ST","24XX S CAVAL ST, Chicago, IL","","","unresolved","unknown","street_not_found","","","","","","","","0","","1",""
"24XX S CENTRAL APRK","24XX S CENTRAL APRK, Chicago, IL","","","unresolved","unknown","street_not_found","","","","","","","","0","","1",""
"24XX S CENTRAL PAK","24XX S CENTRAL PAK, Chicago, IL","","","unresolved","unknown","street_not_found","","","","","","","","0","","1",""
"24XX S CENTRAL PK","24XX S CENTRAL PK, Chicago, IL","","","unresolved","unknown","street_not_found","","","","","","","","0","","1",""
"24XX S JACKSON","24XX S JACKSON, Chicago, IL","","","unresolved","unknown","street_not_found","","","","","","","","0","","1",""
"24XX S RHODES AV","24XX S RHODES AV, Chicago, IL","","","unresolved","unknown","no_address_range_match","","","","","","","","0","","1",""
"24XX S WENTWORT AVE","24XX S WENTWORT AVE, Chicago, IL","","","unresolved","unknown","street_not_found","","","","","","","","0","","1",""
"24XX S WENTWORTHAVE","24XX S WENTWORTHAVE, Chicago, IL","","","unresolved","unknown","street_not_found","","","","","","","","0","","1",""
"24XX S WENWORTH","24XX S WENWORTH, Chicago, IL","","","unresolved","unknown","street_not_found","","","","","","","","0","","1",""
"24XX W AUSTIN AVE","24XX W AUSTIN AVE, Chicago, IL","","","unresolved","unknown","street_not_found","","","","","","","","0","","1",""
"24XX W DEVO AVE","24XX W DEVO AVE, Chicago, IL","","","unresolved","unknown","street_not_found","","","","","","","","0","","1",""
"24XX W DEVON A","24XX W DEVON A, Chicago, IL","","","unresolved","unknown","street_not_found","","","","","","","","0","","1",""
"24XX W DEVON ST","24XX W DEVON ST, Chicago, IL","","","unresolved","unknown","street_not_found","","","","","","","","0","","1",""
"24XX W MILWAUKEE","24XX W MILWAUKEE, Chicago, IL","","","unresolved","unknown","street_not_found","","","","","","","","0","","1",""
"25XX 75TH","25XX 75TH, Chicago, IL","","","unresolved","unknown","unparsed_address","","","","","","","","0","","1",""
"25XX 75TH ST","25XX 75TH ST, Chicago, IL","","","unresolved","unknown","unparsed_address","","","","","","","","0","","1",""
"25XX N CLARENDON","25XX N CLARENDON, Chicago, IL","","","unresolved","unknown","no_address_range_match","","","","","","","","0","","1",""
"25XX N DEYON AVE","25XX N DEYON AVE, Chicago, IL","","","unresolved","unknown","street_not_found","","","","","","","","0","","1",""
"25XX N DIVERSEY AVE","25XX N DIVERSEY AVE, Chicago, IL","","","unresolved","unknown","street_not_found","","","","","","","","0","","1",""
"25XX N MIWLAUKEE","25XX N MIWLAUKEE, Chicago, IL","","","unresolved","unknown","street_not_found","","","","","","","","0","","1",""
"25XX N MONTROSE","25XX N MONTROSE, Chicago, IL","","","unresolved","unknown","street_not_found","","","","","","","","0","","1",""
"25XX N MONTROSE AV","25XX N MONTROSE AV, Chicago, IL","","","unresolved","unknown","street_not_found","","","","","","","","0","","1",""
"25XX S BLUE ISLAND AVE","25XX S BLUE ISLAND AVE, Chicago, IL","","","unresolved","unknown","ambiguous_block","","","","","","","","0","","1",""
"25XX S EBERHART","25XX S EBERHART, Chicago, IL","","","unresolved","unknown","no_address_range_match","","","","","","","","0","","1",""
"25XX W DEVO AV","25XX W DEVO AV, Chicago, IL","","","unresolved","unknown","street_not_found","","","","","","","","0","","1",""
"25XX W DVON","25XX W DVON, Chicago, IL","","","unresolved","unknown","street_not_found","","","","","","","","0","","1",""
"26XX  CLARK ST","26XX CLARK ST, Chicago, IL","","","unresolved","unknown","unparsed_address","","","","","","","","0","","1",""
"26XX 83RD","26XX 83RD, Chicago, IL","","","unresolved","unknown","unparsed_address","","","","","","","","0","","1",""
"26XX E ARMITAGE","26XX E ARMITAGE, Chicago, IL","","","unresolved","unknown","street_not_found","","","","","","","","0","","1",""
"26XX E DEVON","26XX E DEVON, Chicago, IL","","","unresolved","unknown","street_not_found","","","","","","","","0","","1",""
"26XX N DENON","26XX N DENON, Chicago, IL","","","unresolved","unknown","street_not_found","","","","","","","","0","","1",""
"26XX N STOCKTIN","26XX N STOCKTIN, Chicago, IL","","","unresolved","unknown","street_not_found","","","","","","","","0","","1",""
"26XX N URCHARD","26XX N URCHARD, Chicago, IL","","","unresolved","unknown","street_not_found","","","","","","","","0","","1",""
"26XX S DEVON","26XX S DEVON, Chicago, IL","","","unresolved","unknown","street_not_found","","","","","","","","0","","1",""
"26XX S LAKE SHORE DR","26XX S LAKE SHORE DR, Chicago, IL","","","unresolved","unknown","no_address_range_match","","","","","","","","0","","1",""
"26XX S LANWDALE AV","26XX S LANWDALE AV, Chicago, IL","","","unresolved","unknown","street_not_found","","","","","","","","0","","1",""
"26XX S LASELL ST","26XX S LASELL ST, Chicago, IL","","","unresolved","unknown","street_not_found","","","","","","","","0","","1",""
"26XX W DENON","26XX W DENON, Chicago, IL","","","unresolved","unknown","street_not_found","","","","","","","","0","","1",""
"26XX W DEVAN","26XX W DEVAN, Chicago, IL","","","unresolved","unknown","street_not_found","","","","","","","","0","","1",""
"26XX W DEVO AVE","26XX W DEVO AVE, Chicago, IL","","","unresolved","unknown","street_not_found","","","","","","","","0","","1",""
"26XX W DEVOH","26XX W DEVOH, Chicago, IL","","","unresolved","unknown","street_not_found","","","","","","","","0","","1",""
"26XX W DEVON AIVE","26XX W DEVON AIVE, Chicago, IL","","","unresolved","unknown","street_not_found","","","","","","","","0","","1",""
"26XX W DEVON AY","26XX W DEVON AY, Chicago, IL","","","unresolved","unknown","street_not_found","","","","","","","","0","","1",""
"26XX W DEVPN","26XX W DEVPN, Chicago, IL","","","unresolved","unknown","street_not_found","","","","","","","","0","","1",""
"26XX W DEWON","26XX W DEWON, Chicago, IL","","","unresolved","unknown","street_not_found","","","","","","","","0","","1",""
"27XX  CANNON DR","27XX CANNON DR, Chicago, IL","","","unresolved","unknown","unparsed_address","","","","","","","","0","","1",""
"27XX 75ST","27XX 75ST, Chicago, IL","","","unresolved","unknown","unparsed_address","","","","","","","","0","","1",""
"27XX N NORTH","27XX N NORTH, Chicago, IL","","","unresolved","unknown","street_not_found","","","","","","","","0","","1",""
"27XX S ULASKI","27XX S ULASKI, Chicago, IL","","","unresolved","unknown","street_not_found","","","","","","","","0","","1",""
"27XX W HARISON","27XX W HARISON, Chicago, IL","","","unresolved","unknown","street_not_found","","","","","","","","0","","1",""
"27XX W ROOSEVLET","27XX W ROOSEVLET, Chicago, IL","","","unresolved","unknown","street_not_found","","","","","","","","0","","1",""
"27XX W SACRAMENTO","27XX W SACRAMENTO, Chicago, IL","","","unresolved","unknown","no_address_range_match","","","","","","","","0","","1",""
"28XX  BELMONT","28XX BELMONT, Chicago, IL","","","unresolved","unknown","unparsed_address","","","","","","","","0","","1",""
"28XX 47TH","28XX 47TH, Chicago, IL","","","unresolved","unknown","unparsed_address","","","","","","","","0","","1",""
"28XX N DAMAN","28XX N DAMAN, Chicago, IL","","","unresolved","unknown","street_not_found","","","","","","","","0","","1",""
"28XX N DEVON AVE","28XX N DEVON AVE, Chicago, IL","","","unresolved","unknown","street_not_found","","","","","","","","0","","1",""
"28XX N KIMBAL AVE","28XX N KIMBAL AVE, Chicago, IL","","","unresolved","unknown","street_not_found","","","","","","","","0","","1",""
"28XX N STOCKTON DR","28XX N STOCKTON DR, Chicago, IL","","","unresolved","unknown","no_address_range_match","","","","","","","","0","","1",""
"28XX S BLUE ISLAND","28XX S BLUE ISLAND, Chicago, IL","","","unresolved","unknown","no_address_range_match","","","","","","","","0","","1",""
"28XX S FORT DEARBORN DR","28XX S FORT DEARBORN DR, Chicago, IL","","","unresolved","unknown","street_not_found","","","","","","","","0","","1",""
"28XX W BELLE PLAIN","28XX W BELLE PLAIN, Chicago, IL","","","unresolved","unknown","street_not_found","","","","","","","","0","","1",""
"28XX W CORNELL AVE","28XX W CORNELL AVE, Chicago, IL","","","unresolved","unknown","street_not_found","","","","","","","","0","","1",""
"29XX 83 ST","29XX 83 ST, Chicago, IL","","","unresolved","unknown","unparsed_address","","","","","","","","0","","1",""
"29XX N DEVON AVE","29XX N DEVON AVE, Chicago, IL","","","unresolved","unknown","street_not_found","","","","","","","","0","","1",""
"29XX N HARRISON","29XX N HARRISON, Chicago, IL","","","unresolved","unknown","street_not_found","","","","","","","","0","","1",""
"29XX N LAKE SHORE DR WEST","29XX N LAKE SHORE DR WEST, Chicago, IL","","","unresolved","unknown","street_not_found","","","","","","","","0","","1",""
"29XX N LAKE SHORE PK","29XX N LAKE SHORE PK, Chicago, IL","","","unresolved","unknown","street_not_found","","","","","","","","0","","1",""
"29XX S CENTRAL PARK","29XX S CENTRAL PARK, Chicago, IL","","","unresolved","unknown","no_address_range_match","","","","","","","","0","","1",""
"29XX S DR MARTIN LUTHER K","29XX S DR MARTIN LUTHER K, Chicago, IL","","","unresolved","unknown","street_not_found","","","","","","","","0","","1",""
"29XX S WALLACE AVE","29XX S WALLACE AVE, Chicago, IL","","","unresolved","unknown","street_not_found","","","","","","","","0","","1",""
"29XX W [ERSJOMG RD","29XX W [ERSJOMG RD, Chicago, IL","","","unresolved","unknown","street_not_found","","","","","","","","0","","1",""
"29XX W DAMEN AVE","29XX W DAMEN AVE, Chicago, IL","","","unresolved","unknown","street_not_found","","","","","","","","0","","1",""
"29XX W FULLERTION","29XX W FULLERTION, Chicago, IL","","","unresolved","unknown","street_not_found","","","","","","","","0","","1",""
"29XX W LAKE SHORE DR","29XX W LAKE SHORE DR, Chicago, IL","","","unresolved","unknown","street_not_found","","","","","","","","0","","1",""
"29XX W LAKE SHORE DRIVE","29XX W LAKE SHORE DRIVE, Chicago, IL","","","unresolved","unknown","street_not_found","","","","","","","","0","","1",""
"2XX 60TH ST","2XX 60TH ST, Chicago, IL","","","unresolved","unknown","unparsed_address","","","","","","","","0","","1",""
"2XX 94TH ST","2XX 94TH ST, Chicago, IL","","","unresolved","unknown","unparsed_address","","","","","","","","0","","1",""
"2XX E CHESNUT ST","2XX E CHESNUT ST, Chicago, IL","","","unresolved","unknown","street_not_found","","","","","","","","0","","1",""
"2XX E GARFEILD BLVD","2XX E GARFEILD BLVD, Chicago, IL","","","unresolved","unknown","street_not_found","","","","","","","","0","","1",""
"2XX E GARFIELD AVE","2XX E GARFIELD AVE, Chicago, IL","","","unresolved","unknown","street_not_found","","","","","","","","0","","1",""
"2XX E MCFETRIDGE","2XX E MCFETRIDGE, Chicago, IL","","","unresolved","unknown","no_address_range_match","","","","","","","","0","","1",""
"2XX E NORTH AVE","2XX E NORTH AVE, Chicago, IL","","","unresolved","unknown","no_address_range_match","","","","","","","","0","","1",""
"2XX E SOLIDARITY DR","2XX E SOLIDARITY DR, Chicago, IL","","","unresolved","unknown","no_address_range_match","","","","","","","","0","","1",""
"2XX N ACKER","2XX N ACKER, Chicago, IL","","","unresolved","unknown","street_not_found","","","","","","","","0","","1",""
"2XX N BELMONT","2XX N BELMONT, Chicago, IL","","","unresolved","unknown","street_not_found","","","","","","","","0","","1",""
"2XX N COLUBUS DR","2XX N COLUBUS DR, Chicago, IL","","","unresolved","unknown","street_not_found","","","","","","","","0","","1",""
"2XX N COLUMBUS AV","2XX N COLUMBUS AV, Chicago, IL","","","unresolved","unknown","street_not_found","","","","","","","","0","","1",""
"2XX N DEVON AV","2XX N DEVON AV, Chicago, IL","","","unresolved","unknown","street_not_found","","","","","","","","0","","1",""
"2XX N ORLEANS","2XX N ORLEANS, Chicago, IL","","","unresolved","unknown","no_address_range_match","","","","","","","","0","","1",""
"2XX N WELL ST","2XX N WELL ST, Chicago, IL","","","unresolved","unknown","street_not_found","","","","","","","","0","","1",""
"2XX S DESPLAINE ST","2XX S DESPLAINE ST, Chicago, IL","","","unresolved","unknown","street_not_found","","","","","","","","0","","1",""
"2XX S FRAKLIN","2XX S FRAKLIN, Chicago, IL","","","unresolved","unknown","street_not_found","","","","","","","","0","","1",""
"2XX S GARFIELD BVLD","2XX S GARFIELD BVLD, Chicago, IL","","","unresolved","unknown","street_not_found","","","","","","","","0","","1",""
"2XX S ONTARIO","2XX S ONTARIO, Chicago, IL","","","unresolved","unknown","street_not_found","","","","","","","","0","","1",""
"2XX S W","2XX S W, Chicago, IL","","","unresolved","unknown","street_not_found","","","","","","","","0","","1",""
"2XX W ARCHER","2XX W ARCHER, Chicago, IL","","","unresolved","unknown","no_address_range_match","","","","","","","","0","","1",""
"2XX W DEVON","2XX W DEVON, Chicago, IL","","","unresolved","unknown","no_address_range_match","","","","","","","","0","","1",""
"2XX W DEVON AVE","2XX W DEVON AVE, Chicago, IL","","","unresolved","unknown","no_address_range_match","","","","","","","","0","","1",""
"2XX W PULASKI","2XX W PULASKI, Chicago, IL","","","unresolved","unknown","street_not_found","","","","","","","","0","","1",""
"30XX  LAKE SHORE DR","30XX LAKE SHORE DR, Chicago, IL","","","unresolved","unknown","unparsed_address","","","","","","","","0","","1",""
"30XX 12TH STR","30XX 12TH STR, Chicago, IL","","","unresolved","unknown","unparsed_address","","","","","","","","0","","1",""
"30XX 47TH ST","30XX 47TH ST, Chicago, IL","","","unresolved","unknown","unparsed_address","","","","","","","","0","","1",""
"30XX 83RD STREET","30XX 83RD STREET, Chicago, IL","","","unresolved","unknown","unparsed_address","","","","","","","","0","","1",""
"30XX N ADAMS ST","30XX N ADAMS ST, Chicago, IL","","","unresolved","unknown","street_not_found","","","","","","","","0","","1",""
"30XX N AUSTIN BLVD","30XX N AUSTIN BLVD, Chicago, IL","","","unresolved","unknown","no_address_range_match","","","","","","","","0","","1",""
"30XX N CICEOR AVE","30XX N CICEOR AVE, Chicago, IL","","","unresolved","unknown","street_not_found","","","","","","","","0","","1",""
"30XX N CICEREO","30XX N CICEREO, Chicago, IL","","","unresolved","unknown","street_not_found","","","","","","","","0","","1",""
"30XX N DUSABLE DR","30XX N DUSABLE DR, Chicago, IL","","","unresolved","unknown","street_not_found","","","","","","","","0","","1",""
"30XX N HALSTED AV","30XX N HALSTED AV, Chicago, IL","","","unresolved","unknown","street_not_found","","","","","","","","0","","1",""
"30XX N LAKE SHORE DR WEST","30XX N LAKE SHORE DR WEST, Chicago, IL","","","unresolved","unknown","street_not_found","","","","","","","","0","","1",""
"30XX N LAKE SHORE RD","30XX N LAKE SHORE RD, Chicago, IL","","","unresolved","unknown","street_not_found","","","","","","","","0","","1",""
"30XX N LAKE SORE DR","30XX N LAKE SORE DR, Chicago, IL","","","unresolved","unknown","street_not_found","","","","","","","","0","","1",""
"30XX N LAKESHORE","30XX N LAKESHORE, Chicago, IL","","","unresolved","unknown","street_not_found","","","","","","","","0","","1",""
"30XX N LAKESHORE AV","30XX N LAKESHORE AV, Chicago, IL","","","unresolved","unknown","street_not_found","","","","","","","","0","","1",""
"30XX N LAKEVIEW","30XX N LAKEVIEW, Chicago, IL","","","unresolved","unknown","no_address_range_match","","","","","","","","0","","1",""
"30XX N LAWRE NCE","30XX N LAWRE NCE, Chicago, IL","","","unresolved","unknown","street_not_found","","","","","","","","0","","1",""
"30XX S ARCHER","30XX S ARCHER, Chicago, IL","","","unresolved","unknown","ambiguous_block","","","","","","","","0","","1",""
"30XX S DUABLE LAKE SHORE","30XX S DUABLE LAKE SHORE, Chicago, IL","","","unresolved","unknown","street_not_found","","","","","","","","0","","1",""
"30XX S DUSABLE LAKE SH","30XX S DUSABLE LAKE SH, Chicago, IL","","","unresolved","unknown","street_not_found","","","","","","","","0","","1",""
"30XX S DUSABLE LAKE SHORE","30XX S DUSABLE LAKE SHORE, Chicago, IL","","","unresolved","unknown","street_not_found","","","","","","","","0","","1",""
"30XX S DUSABLE LK SHORE","30XX S DUSABLE LK SHORE, Chicago, IL","","","unresolved","unknown","street_not_found","","","","","","","","0","","1",""
"30XX S DUSABLE LSD","30XX S DUSABLE LSD, Chicago, IL","","","unresolved","unknown","street_not_found","","","","","","","","0","","1",""
"30XX S FORT DEARBORN DR","30XX S FORT DEARBORN DR, Chicago, IL","","","unresolved","unknown","street_not_found","","","","","","","","0","","1",""
"30XX S LAKESHORE DR","30XX S LAKESHORE DR, Chicago, IL","","","unresolved","unknown","street_not_found","","","","","","","","0","","1",""
"30XX S LSD","30XX S LSD, Chicago, IL","","","unresolved","unknown","street_not_found","","","","","","","","0","","1",""
"30XX W AUGUSTA BL","30XX W AUGUSTA BL, Chicago, IL","","","unresolved","unknown","street_not_found","","","","","","","","0","","1",""
"30XX W LAKESHORE","30XX W LAKESHORE, Chicago, IL","","","unresolved","unknown","street_not_found","","","","","","","","0","","1",""
"30XX W ROOSVELT","30XX W ROOSVELT, Chicago, IL","","","unresolved","unknown","street_not_found","","","","","","","","0","","1",""
"31XX  5ISIT ST","31XX 5ISIT ST, Chicago, IL","","","unresolved","unknown","unparsed_address","","","","","","","","0","","1",""
"31XX N BROADWAY AVE","31XX N BROADWAY AVE, Chicago, IL","","","unresolved","unknown","street_not_found","","","","","","","","0","","1",""
"31XX N LAKE SHORE DR WESC","31XX N LAKE SHORE DR WESC, Chicago, IL","","","unresolved","unknown","street_not_found","","","","","","","","0","","1",""
"31XX N LAKE SHORE DR WEST","31XX N LAKE SHORE DR WEST, Chicago, IL","","","unresolved","unknown","street_not_found","","","","","","","","0","","1",""
"31XX N LAKEVIEW","31XX N LAKEVIEW, Chicago, IL","","","unresolved","unknown","no_address_range_match","","","","","","","","0","","1",""
"31XX N NARAGANSETT","31XX N NARAGANSETT, Chicago, IL","","","unresolved","unknown","street_not_found","","","","","","","","0","","1",""
"31XX S CENTRA PARK","31XX S CENTRA PARK, Chicago, IL","","","unresolved","unknown","street_not_found","","","","","","","","0","","1",""
"31XX S CENTRAL PK","31XX S CENTRAL PK, Chicago, IL","","","unresolved","unknown","street_not_found","","","","","","","","0","","1",""
"31XX W BROADWAY","31XX W BROADWAY, Chicago, IL","","","unresolved","unknown","street_not_found","","","","","","","","0","","1",""
"31XX W IRVING","31XX W IRVING, Chicago, IL","","","unresolved","unknown","street_not_found","","","","","","","","0","","1",""
"31XX W JAKSON","31XX W JAKSON, Chicago, IL","","","unresolved","unknown","street_not_found","","","","","","","","0","","1",""
"31XX W LAKE SHORE DR","31XX W LAKE SHORE DR, Chicago, IL","","","unresolved","unknown","street_not_found","","","","","","","","0","","1",""
"31XX W LAWRANCE AVE","31XX W LAWRANCE AVE, Chicago, IL","","","unresolved","unknown","street_not_found","","","","","","","","0","","1",""
"32XX  CERMAK RD","32XX CERMAK RD, Chicago, IL","","","unresolved","unknown","unparsed_address","","","","","","","","0","","1",""
"32XX 75TH ST","32XX 75TH ST, Chicago, IL","","","unresolved","unknown","unparsed_address","","","","","","","","0","","1",""
"32XX 83RD ST","32XX 83RD ST, Chicago, IL","","","unresolved","unknown","unparsed_address","","","","","","","","0","","1",""
"32XX N FRANKLIN","32XX N FRANKLIN, Chicago, IL","","","unresolved","unknown","no_address_range_match","","","","","","","","0","","1",""
"32XX N HALSTED AVE","32XX N HALSTED AVE, Chicago, IL","","","unresolved","unknown","street_not_found","","","","","","","","0","","1",""
"32XX N LAKESHORE DR","32XX N LAKESHORE DR, Chicago, IL","","","unresolved","unknown","street_not_found","","","","","","","","0","","1",""
"32XX S RHODE AVE","32XX S RHODE AVE, Chicago, IL","","","unresolved","unknown","street_not_found","","","","","","","","0","","1",""
"32XX W CONGRESS PKW","32XX W CONGRESS PKW, Chicago, IL","","","unresolved","unknown","street_not_found","","","","","","","","0","","1",""
"32XX W DIVISON","32XX W DIVISON, Chicago, IL","","","unresolved","unknown","street_not_found","","","","","","","","0","","1",""
"32XX W KINGSTON PKWY","32XX W KINGSTON PKWY, Chicago, IL","","","unresolved","unknown","street_not_found","","","","","","","","0","","1",""
"33XX N ARMITAGE","33XX N ARMITAGE, Chicago, IL","","","unresolved","unknown","street_not_found","","","","","","","","0","","1",""
"33XX N CERMAK","33XX N CERMAK, Chicago, IL","","","unresolved","unknown","street_not_found","","","","","","","","0","","1",""
"33XX N CHICAGO","33XX N CHICAGO, Chicago, IL","","","unresolved","unknown","street_not_found","","","","","","","","0","","1",""
"33XX N HALSTEAD","33XX N HALSTEAD, Chicago, IL","","","unresolved","unknown","street_not_found","","","","","","","","0","","1",""
"33XX S COTTAGE","33XX S COTTAGE, Chicago, IL","","","unresolved","unknown","street_not_found","","","","","","","","0","","1",""
"33XX S WALLACAE","33XX S WALLACAE, Chicago, IL","","","unresolved","unknown","street_not_found","","","","","","","","0","","1",""
"33XX W KILDARE","33XX W KILDARE, Chicago, IL","","","unresolved","unknown","street_not_found","","","","","","","","0","","1",""
"34XX  CLARK ST","34XX CLARK ST, Chicago, IL","","","unresolved","unknown","unparsed_address","","","","","","","","0","","1",""
"34XX 47TH ST","34XX 47TH ST, Chicago, IL","","","unresolved","unknown","unparsed_address","","","","","","","","0","","1",""
"34XX 83RD ST","34XX 83RD ST, Chicago, IL","","","unresolved","unknown","unparsed_address","","","","","","","","0","","1",""
"34XX 83RD STREET","34XX 83RD STREET, Chicago, IL","","","unresolved","unknown","unparsed_address","","","","","","","","0","","1",""
"34XX N BELMONT AVE","34XX N BELMONT AVE, Chicago, IL","","","unresolved","unknown","street_not_found","","","","","","","","0","","1",""
"34XX N CHICAGO AVE","34XX N CHICAGO AVE, Chicago, IL","","","unresolved","unknown","street_not_found","","","","","","","","0","","1",""
"34XX N CLARCK","34XX N CLARCK, Chicago, IL","","","unresolved","unknown","street_not_found","","","","","","","","0","","1",""
"34XX N HALSTEAD","34XX N HALSTEAD, Chicago, IL","","","unresolved","unknown","street_not_found","","","","","","","","0","","1",""
"34XX N HALSTED AVE","34XX N HALSTED AVE, Chicago, IL","","","unresolved","unknown","street_not_found","","","","","","","","0","","1",""
"34XX N LAKE SHORE D","34XX N LAKE SHORE D, Chicago, IL","","","unresolved","unknown","street_not_found","","","","","","","","0","","1",""
"34XX N LAKE SHORE DRIV","34XX N LAKE SHORE DRIV, Chicago, IL","","","unresolved","unknown","street_not_found","","","","","","","","0","","1",""
"34XX N LAKE SHORE DRIVE","34XX N LAKE SHORE DRIVE, Chicago, IL","","","unresolved","unknown","ambiguous_block","","","","","","","","0","","1",""
"34XX N LAKESHORE DR","34XX N LAKESHORE DR, Chicago, IL","","","unresolved","unknown","street_not_found","","","","","","","","0","","1",""
"34XX N SHERIDAN","34XX N SHERIDAN, Chicago, IL","","","unresolved","unknown","no_address_range_match","","","","","","","","0","","1",""
"34XX S COTTAGE","34XX S COTTAGE, Chicago, IL","","","unresolved","unknown","street_not_found","","","","","","","","0","","1",""
"34XX S HODES","34XX S HODES, Chicago, IL","","","unresolved","unknown","street_not_found","","","","","","","","0","","1",""
"34XX W CICERO AVE","34XX W CICERO AVE, Chicago, IL","","","unresolved","unknown","street_not_found","","","","","","","","0","","1",""
"34XX W DOUGLASS","34XX W DOUGLASS, Chicago, IL","","","unresolved","unknown","street_not_found","","","","","","","","0","","1",""
"35XX N ALDINE AVE","35XX N ALDINE AVE, Chicago, IL","","","unresolved","unknown","street_not_found","","","","","","","","0","","1",""
"35XX N CLARCK","35XX N CLARCK, Chicago, IL","","","unresolved","unknown","street_not_found","","","","","","","","0","","1",""
"35XX N CLARK CT","35XX N CLARK CT, Chicago, IL","","","unresolved","unknown","street_not_found","","","","","","","","0","","1",""
"35XX N CLARKS T","35XX N CLARKS T, Chicago, IL","","","unresolved","unknown","street_not_found","","","","","","","","0","","1",""
"35XX N HALSTE","35XX N HALSTE, Chicago, IL","","","unresolved","unknown","street_not_found","","","","","","","","0","","1",""
"35XX N LAKESHORE","35XX N LAKESHORE, Chicago, IL","","","unresolved","unknown","street_not_found","","","","","","","","0","","1",""
"35XX N MADISON ST","35XX N MADISON ST, Chicago, IL","","","unresolved","unknown","street_not_found","","","","","","","","0","","1",""
"35XX N MONTROSE","35XX N MONTROSE, Chicago, IL","","","unresolved","unknown","street_not_found","","","","","","","","0","","1",""
"35XX N PARKVIEW TER","35XX N PARKVIEW TER, Chicago, IL","","","unresolved","unknown","no_address_range_match","","","","","","","","0","","1",""
"35XX W BROADWAY","35XX W BROADWAY, Chicago, IL","","","unresolved","unknown","street_not_found","","","","","","","","0","","1",""
"35XX W CLARK ST","35XX W CLARK ST, Chicago, IL","","","unresolved","unknown","street_not_found","","","","","","","","0","","1",""
"35XX W LAWERENCE","35XX W LAWERENCE, Chicago, IL","","","unresolved","unknown","street_not_found","","","","","","","","0","","1",""
"36XX  LAKE SHORE DR","36XX LAKE SHORE DR, Chicago, IL","","","unresolved","unknown","unparsed_address","","","","","","","","0","","1",""
"36XX N ASLAND AV","36XX N ASLAND AV, Chicago, IL","","","unresolved","unknown","street_not_found","","","","","","","","0","","1",""
"36XX N DIVERSEY","36XX N DIVERSEY, Chicago, IL","","","unresolved","unknown","street_not_found","","","","","","","","0","","1",""
"36XX N ECEATION DR","36XX N ECEATION DR, Chicago, IL","","","unresolved","unknown","street_not_found","","","","","","","","0","","1",""
"36XX N ECREATION DR","36XX N ECREATION DR, Chicago, IL","","","unresolved","unknown","street_not_found","","","","","","","","0","","1",""
"36XX N LAKE SHORE DRIV","36XX N LAKE SHORE DRIV, Chicago, IL","","","unresolved","unknown","street_not_found","","","","","","","","0","","1",""
"36XX N LAKESHORE DR","36XX N LAKESHORE DR, Chicago, IL","","","unresolved","unknown","street_not_found","","","","","","","","0","","1",""
"36XX N LAWRENCE","36XX N LAWRENCE, Chicago, IL","","","unresolved","unknown","street_not_found","","","","","","","","0","","1",""
"36XX N NARRAGANSET","36XX N NARRAGANSET, Chicago, IL","","","unresolved","unknown","street_not_found","","","","","","","","0","","1",""
"36XX N NORTH AVE","36XX N NORTH AVE, Chicago, IL","","","unresolved","unknown","street_not_found","","","","","","","","0","","1",""
"36XX N RECEATION DR","36XX N RECEATION DR, Chicago, IL","","","unresolved","unknown","street_not_found","","","","","","","","0","","1",""
"36XX N RECREAWTION DR","36XX N RECREAWTION DR, Chicago, IL","","","unresolved","unknown","street_not_found","","","","","","","","0","","1",""
"36XX W ARMIAGE","36XX W ARMIAGE, Chicago, IL","","","unresolved","unknown","street_not_found","","","","","","","","0","","1",""
"36XX W CLARK","36XX W CLARK, Chicago, IL","","","unresolved","unknown","street_not_found","","","","","","","","0","","1",""
"36XX W DIVESY","36XX W DIVESY, Chicago, IL","","","unresolved","unknown","street_not_found","","","","","","","","0","","1",""
"36XX W DOULAS BLVD","36XX W DOULAS BLVD, Chicago, IL","","","unresolved","unknown","street_not_found","","","","","","","","0","","1",""
"36XX W LARENCE","36XX W LARENCE, Chicago, IL","","","unresolved","unknown","street_not_found","","","","","","","","0","","1",""
"36XX W LAWERENCE","36XX W LAWERENCE, Chicago, IL","","","unresolved","unknown","street_not_found","","","","","","","","0","","1",""
"36XX W LAWRENE","36XX W LAWRENE, Chicago, IL","","","unresolved","unknown","street_not_found","","","","","","","","0","","1",""
"37XX  MILWAUKEE","37XX MILWAUKEE, Chicago, IL","","","unresolved","unknown","unparsed_address","","","","","","","","0","","1",""
"37XX 47TH ST","37XX 47TH ST, Chicago, IL","","","unresolved","unknown","unparsed_address","","","","","","","","0","","1",""
"37XX N ARMITAGE AVE","37XX N ARMITAGE AVE, Chicago, IL","","","unresolved","unknown","street_not_found","","","","","","","","0","","1",""
"37XX N CCIERO","37XX N CCIERO, Chicago, IL","","","unresolved","unknown","street_not_found","","","","","","","","0","","1",""
"37XX N CLAK","37XX N CLAK, Chicago, IL","","","unresolved","unknown","street_not_found","","","","","","","","0","","1",""
"37XX N HIALSTED","37XX N HIALSTED, Chicago, IL","","","unresolved","unknown","street_not_found","","","","","","","","0","","1",""
"37XX N LAKE SHORE D","37XX N LAKE SHORE D, Chicago, IL","","","unresolved","unknown","street_not_found","","","","","","","","0","","1",""
"37XX N LAKESHORE","37XX N LAKESHORE, Chicago, IL","","","unresolved","unknown","street_not_found","","","","","","","","0","","1",""
"37XX W CONGRESS PRKWY","37XX W CONGRESS PRKWY, Chicago, IL","","","unresolved","unknown","street_not_found","","","","","","","","0","","1",""
"37XX W LAKE SHORE DR","37XX W LAKE SHORE DR, Chicago, IL","","","unresolved","unknown","street_not_found","","","","","","","","0","","1",""
"38XX E MADISON","38XX E MADISON, Chicago, IL","","","unresolved","unknown","no_address_range_match","","","","","","","","0","","1",""
"38XX N LAWRENCE","38XX N LAWRENCE, Chicago, IL","","","unresolved","unknown","street_not_found","","","","","","","","0","","1",""
"38XX N MILWAUKEED AVER","38XX N MILWAUKEED AVER, Chicago, IL","","","unresolved","unknown","street_not_found","","","","","","","","0","","1",""
"38XX N MILWUAKEE","38XX N MILWUAKEE, Chicago, IL","","","unresolved","unknown","street_not_found","","","","","","","","0","","1",""
"38XX N MIWAUKEE","38XX N MIWAUKEE, Chicago, IL","","","unresolved","unknown","street_not_found","","","","","","","","0","","1",""
"38XX S COTTAGE","38XX S COTTAGE, Chicago, IL","","","unresolved","unknown","street_not_found","","","","","","","","0","","1",""
"38XX S STATE AVE","38XX S STATE AVE, Chicago, IL","","","unresolved","unknown","street_not_found","","","","","","","","0","","1",""
"38XX W DOUGLAS","38XX W DOUGLAS, Chicago, IL","","","unresolved","unknown","no_address_range_match","","","","","","","","0","","1",""
"38XX W JACKSO BLVD","38XX W JACKSO BLVD, Chicago, IL","","","unresolved","unknown","street_not_found","","","","","","","","0","","1",""
"38XX W LAWRENE","38XX W LAWRENE, Chicago, IL","","","unresolved","unknown","street_not_found","","","","","","","","0","","1",""
"38XX W MAD","38XX W MAD, Chicago, IL","","","unresolved","unknown","street_not_found","","","","","","","","0","","1",""
"38XX W MADISDON","38XX W MADISDON, Chicago, IL","","","unresolved","unknown","street_not_found","","","","","","","","0","","1",""
"38XX W MADISONN","38XX W MADISONN, Chicago, IL","","","unresolved","unknown","street_not_found","","","","","","","","0","","1",""
"38XX W MAVISON","38XX W MAVISON, Chicago, IL","","","unresolved","unknown","street_not_found","","","","","","","","0","","1",""
"38XX W MEDISON","38XX W MEDISON, Chicago, IL","","","unresolved","unknown","street_not_found","","","","","","","","0","","1",""
"38XX W PERSHING","38XX W PERSHING, Chicago, IL","","","unresolved","unknown","no_address_range_match","","","","","","","","0","","1",""
"39XX N MADISON","39XX N MADISON, Chicago, IL","","","unresolved","unknown","street_not_found","","","","","","","","0","","1",""
"39XX N MADISON ST","39XX N MADISON ST, Chicago, IL","","","unresolved","unknown","street_not_found","","","","","","","","0","","1",""
"39XX N PULASI RD","39XX N PULASI RD, Chicago, IL","","","unresolved","unknown","street_not_found","","","","","","","","0","","1",""
"39XX S RHODES","39XX S RHODES, Chicago, IL","","","unresolved","unknown","no_address_range_match","","","","","","","","0","","1",""
"39XX W AINSLE","39XX W AINSLE, Chicago, IL","","","unresolved","unknown","street_not_found","","","","","","","","0","","1",""
"39XX W JACKSON BLV","39XX W JACKSON BLV, Chicago, IL","","","unresolved","unknown","street_not_found","","","","","","","","0","","1",""
"39XX W MONTROSE AE","39XX W MONTROSE AE, Chicago, IL","","","unresolved","unknown","street_not_found","","","","","","","","0","","1",""
"3XX  STATE","3XX STATE, Chicago, IL","","","unresolved","unknown","unparsed_address","","","","","","","","0","","1",""
"3XX 11ST ST","3XX 11ST ST, Chicago, IL","","","unresolved","unknown","unparsed_address","","","","","","","","0","","1",""
"3XX 47TH ST","3XX 47TH ST, Chicago, IL","","","unresolved","unknown","unparsed_address","","","","","","","","0","","1",""
"3XX E RANDLOP","3XX E RANDLOP, Chicago, IL","","","unresolved","unknown","street_not_found","","","","","","","","0","","1",""
"3XX E RANDOL PH ST","3XX E RANDOL PH ST, Chicago, IL","","","unresolved","unknown","street_not_found","","","","","","","","0","","1",""
"3XX E RANDOLH","3XX E RANDOLH, Chicago, IL","","","unresolved","unknown","street_not_found","","","","","","","","0","","1",""
"3XX E RANDOLP","3XX E RANDOLP, Chicago, IL","","","unresolved","unknown","street_not_found","","","","","","","","0","","1",""
"3XX N ARMITAGE AVE","3XX N ARMITAGE AVE, Chicago, IL","","","unresolved","unknown","street_not_found","","","","","","","","0","","1",""
"3XX N BROADWAY","3XX N BROADWAY, Chicago, IL","","","unresolved","unknown","no_address_range_match","","","","","","","","0","","1",""
"3XX N CHICAGO","3XX N CHICAGO, Chicago, IL","","","unresolved","unknown","street_not_found","","","","","","","","0","","1",""
"3XX N LARANIE AVE","3XX N LARANIE AVE, Chicago, IL","","","unresolved","unknown","street_not_found","","","","","","","","0","","1",""
"3XX N MCCLURG CT","3XX N MCCLURG CT, Chicago, IL","","","unresolved","unknown","no_address_range_match","","","","","","","","0","","1",""
"3XX N MICHIAN","3XX N MICHIAN, Chicago, IL","","","unresolved","unknown","street_not_found","","","","","","","","0","","1",""
"3XX N MICHICAN","3XX N MICHICAN, Chicago, IL","","","unresolved","unknown","street_not_found","","","","","","","","0","","1",""
"3XX N NORTH AVE","3XX N NORTH AVE, Chicago, IL","","","unresolved","unknown","street_not_found","","","","","","","","0","","1",""
"3XX N WARASH ST","3XX N WARASH ST, Chicago, IL","","","unresolved","unknown","street_not_found","","","","","","","","0","","1",""
"3XX S CENTRAL PK","3XX S CENTRAL PK, Chicago, IL","","","unresolved","unknown","street_not_found","","","","","","","","0","","1",""
"3XX S DESPLAINES AV","3XX S DESPLAINES AV, Chicago, IL","","","unresolved","unknown","street_not_found","","","","","","","","0","","1",""
"3XX S RHODES","3XX S RHODES, Chicago, IL","","","unresolved","unknown","no_address_range_match","","","","","","","","0","","1",""
"3XX W DAMEN AVE","3XX W DAMEN AVE, Chicago, IL","","","unresolved","unknown","street_not_found","","","","","","","","0","","1",""
"3XX W MICHIGAN","3XX W MICHIGAN, Chicago, IL","","","unresolved","unknown","street_not_found","","","","","","","","0","","1",""
"3XX W ST JAMES PLACE","3XX W ST JAMES PLACE, Chicago, IL","","","unresolved","unknown","no_address_range_match","","","","","","","","0","","1",""
"40XX  7STH","40XX 7STH, Chicago, IL","","","unresolved","unknown","unparsed_address","","","","","","","","0","","1",""
"40XX  MADISON","40XX MADISON, Chicago, IL","","","unresolved","unknown","unparsed_address","","","","","","","","0","","1",""
"40XX 47TH","40XX 47TH, Chicago, IL","","","unresolved","unknown","unparsed_address","","","","","","","","0","","1",""
"40XX E NORTH","40XX E NORTH, Chicago, IL","","","unresolved","unknown","no_address_range_match","","","","","","","","0","","1",""
"40XX N ADDISON ST","40XX N ADDISON ST, Chicago, IL","","","unresolved","unknown","street_not_found","","","","","","","","0","","1",""
"40XX N CHICAGO","40XX N CHICAGO, Chicago, IL","","","unresolved","unknown","street_not_found","","","","","","","","0","","1",""
"40XX N NORTH","40XX N NORTH, Chicago, IL","","","unresolved","unknown","street_not_found","","","","","","","","0","","1",""
"40XX N NORTH AVE","40XX N NORTH AVE, Chicago, IL","","","unresolved","unknown","street_not_found","","","","","","","","0","","1",""
"40XX W AMDISON","40XX W AMDISON, Chicago, IL","","","unresolved","unknown","street_not_found","","","","","","","","0","","1",""
"40XX W CLARENDON","40XX W CLARENDON, Chicago, IL","","","unresolved","unknown","street_not_found","","","","","","","","0","","1",""
"40XX W DIVISON","40XX W DIVISON, Chicago, IL","","","unresolved","unknown","street_not_found","","","","","","","","0","","1",""
"40XX W LAWRANCE","40XX W LAWRANCE, Chicago, IL","","","unresolved","unknown","street_not_found","","","","","","","","0","","1",""
"40XX W MADISO","40XX W MADISO, Chicago, IL","","","unresolved","unknown","street_not_found","","","","","","","","0","","1",""
"40XX W MADISON AVE","40XX W MADISON AVE, Chicago, IL","","","unresolved","unknown","street_not_found","","","","","","","","0","","1",""
"40XX W MDISON","40XX W MDISON, Chicago, IL","","","unresolved","unknown","street_not_found","","","","","","","","0","","1",""
"40XX W MORTH","40XX W MORTH, Chicago, IL","","","unresolved","unknown","street_not_found","","","","","","","","0","","1",""
"40XX W PULASKI","40XX W PULASKI, Chicago, IL","","","unresolved","unknown","street_not_found","","","","","","","","0","","1",""
"40XX W WASHINTON","40XX W WASHINTON, Chicago, IL","","","unresolved","unknown","street_not_found","","","","","","","","0","","1",""
"41XX N AUSTINN","41XX N AUSTINN, Chicago, IL","","","unresolved","unknown","street_not_found","","","","","","","","0","","1",""
"41XX N BROADWAY AV","41XX N BROADWAY AV, Chicago, IL","","","unresolved","unknown","street_not_found","","","","","","","","0","","1",""
"41XX N CALRENDON","41XX N CALRENDON, Chicago, IL","","","unresolved","unknown","street_not_found","","","","","","","","0","","1",""
"41XX N CLAERNDON","41XX N CLAERNDON, Chicago, IL","","","unresolved","unknown","street_not_found","","","","","","","","0","","1",""
"41XX N CLARADEN","41XX N CLARADEN, Chicago, IL","","","unresolved","unknown","street_not_found","","","","","","","","0","","1",""
"41XX N CLAREND","41XX N CLAREND, Chicago, IL","","","unresolved","unknown","street_not_found","","","","","","","","0","","1",""
"41XX N CLARENDONAV","41XX N CLARENDONAV, Chicago, IL","","","unresolved","unknown","street_not_found","","","","","","","","0","","1",""
"41XX N CLERANDON","41XX N CLERANDON, Chicago, IL","","","unresolved","unknown","street_not_found","","","","","","","","0","","1",""
"41XX N LAKE SHORE","41XX N LAKE SHORE, Chicago, IL","","","unresolved","unknown","no_address_range_match","","","","","","","","0","","1",""
"41XX N LAKE SHORE DRIVE","41XX N LAKE SHORE DRIVE, Chicago, IL","","","unresolved","unknown","no_address_range_match","","","","","","","","0","","1",""
"41XX N MADISON","41XX N MADISON, Chicago, IL","","","unresolved","unknown","street_not_found","","","","","","","","0","","1",""
"41XX N MARINE D","41XX N MARINE D, Chicago, IL","","","unresolved","unknown","street_not_found","","","","","","","","0","","1",""
"41XX N MARSWE DR","41XX N MARSWE DR, Chicago, IL","","","unresolved","unknown","street_not_found","","","","","","","","0","","1",""
"41XX N NARRAGANSETTR","41XX N NARRAGANSETTR, Chicago, IL","","","unresolved","unknown","street_not_found","","","","","","","","0","","1",""
"41XX N SHERDAN RD","41XX N SHERDAN RD, Chicago, IL","","","unresolved","unknown","street_not_found","","","","","","","","0","","1",""
"41XX N SHERIDA RD","41XX N SHERIDA RD, Chicago, IL","","","unresolved","unknown","street_not_found","","","","","","","","0","","1",""
"41XX N SHERIDANRD","41XX N SHERIDANRD, Chicago, IL","","","unresolved","unknown","street_not_found","","","","","","","","0","","1",""
"41XX S MASON","41XX S MASON, Chicago, IL","","","unresolved","unknown","no_address_range_match","","","","","","","","0","","1",""
"41XX W SHERRIDAN","41XX W SHERRIDAN, Chicago, IL","","","unresolved","unknown","street_not_found","","","","","","","","0","","1",""
"42XX 47TH ST","42XX 47TH ST, Chicago, IL","","","unresolved","unknown","unparsed_address","","","","","","","","0","","1",""
"42XX E IRVING PARK RD","42XX E IRVING PARK RD, Chicago, IL","","","unresolved","unknown","street_not_found","","","","","","","","0","","1",""
"42XX N MAIRNE DR","42XX N MAIRNE DR, Chicago, IL","","","unresolved","unknown","street_not_found","","","","","","","","0","","1",""
"42XX N MARENE DR","42XX N MARENE DR, Chicago, IL","","","unresolved","unknown","street_not_found","","","","","","","","0","","1",""
"42XX N MARINEDR","42XX N MARINEDR, Chicago, IL","","","unresolved","unknown","street_not_found","","","","","","","","0","","1",""
"42XX N SHERIDAN AVE","42XX N SHERIDAN AVE, Chicago, IL","","","unresolved","unknown","street_not_found","","","","","","","","0","","1",""
"42XX N SHERIDIN RD","42XX N SHERIDIN RD, Chicago, IL","","","unresolved","unknown","street_not_found","","","","","","","","0","","1",""
"42XX N SHERIDON","42XX N SHERIDON, Chicago, IL","","","unresolved","unknown","street_not_found","","","","","","","","0","","1",""
"42XX S CALIOFRNIA","42XX S CALIOFRNIA, Chicago, IL","","","unresolved","unknown","street_not_found","","","","","","","","0","","1",""
"42XX S KIMBALL","42XX S KIMBALL, Chicago, IL","","","unresolved","unknown","street_not_found","","","","","","","","0","","1",""
"42XX S STATE AVE","42XX S STATE AVE, Chicago, IL","","","unresolved","unknown","street_not_found","","","","","","","","0","","1",""
"42XX W BROADWAY","42XX W BROADWAY, Chicago, IL","","","unresolved","unknown","street_not_found","","","","","","","","0","","1",""
"42XX W DIVISIOJ","42XX W DIVISIOJ, Chicago, IL","","","unresolved","unknown","street_not_found","","","","","","","","0","","1",""
"42XX W DOVISION","42XX W DOVISION, Chicago, IL","","","unresolved","unknown","street_not_found","","","","","","","","0","","1",""
"42XX W IRVING","42XX W IRVING, Chicago, IL","","","unresolved","unknown","street_not_found","","","","","","","","0","","1",""
"42XX W ROOSVELT","42XX W ROOSVELT, Chicago, IL","","","unresolved","unknown","street_not_found","","","","","","","","0","","1",""
"42XX W WILSON","42XX W WILSON, Chicago, IL","","","unresolved","unknown","no_address_range_match","","","","","","","","0","","1",""
"43XX N ARMITAGE","43XX N ARMITAGE, Chicago, IL","","","unresolved","unknown","street_not_found","","","","","","","","0","","1",""
"43XX N FULLERTON","43XX N FULLERTON, Chicago, IL","","","unresolved","unknown","street_not_found","","","","","","","","0","","1",""
"43XX N SHERIDAN AVE","43XX N SHERIDAN AVE, Chicago, IL","","","unresolved","unknown","street_not_found","","","","","","","","0","","1",""
"43XX W FFULLERTON","43XX W FFULLERTON, Chicago, IL","","","unresolved","unknown","street_not_found","","","","","","","","0","","1",""
"43XX W FULLERTO","43XX W FULLERTO, Chicago, IL","","","unresolved","unknown","street_not_found","","","","","","","","0","","1",""
"43XX W FULLLERTON","43XX W FULLLERTON, Chicago, IL","","","unresolved","unknown","street_not_found","","","","","","","","0","","1",""
"43XX W JACKSON AVE","43XX W JACKSON AVE, Chicago, IL","","","unresolved","unknown","street_not_found","","","","","","","","0","","1",""
"43XX W MADISDON","43XX W MADISDON, Chicago, IL","","","unresolved","unknown","street_not_found","","","","","","","","0","","1",""
"43XX W MIADISON","43XX W MIADISON, Chicago, IL","","","unresolved","unknown","street_not_found","","","","","","","","0","","1",""
"43XX W SHERIDAN RD","43XX W SHERIDAN RD, Chicago, IL","","","unresolved","unknown","no_address_range_match","","","","","","","","0","","1",""
"44XX  CLARENDON","44XX CLARENDON, Chicago, IL","","","unresolved","unknown","unparsed_address","","","","","","","","0","","1",""
"44XX  MADISON","44XX MADISON, Chicago, IL","","","unresolved","unknown","unparsed_address","","","","","","","","0","","1",""
"44XX E HYDE PARK","44XX E HYDE PARK, Chicago, IL","","","unresolved","unknown","no_address_range_match","","","","","","","","0","","1",""
"44XX E MADISON","44XX E MADISON, Chicago, IL","","","unresolved","unknown","no_address_range_match","","","","","","","","0","","1",""
"44XX N CLAREDON","44XX N CLAREDON, Chicago, IL","","","unresolved","unknown","street_not_found","","","","","","","","0","","1",""
"44XX N CLAREDON AVE","44XX N CLAREDON AVE, Chicago, IL","","","unresolved","unknown","street_not_found","","","","","","","","0","","1",""
"44XX N KIMBAL","44XX N KIMBAL, Chicago, IL","","","unresolved","unknown","street_not_found","","","","","","","","0","","1",""
"44XX N SIMOND.S","44XX N SIMOND S, Chicago, IL","","","unresolved","unknown","street_not_found","","","","","","","","0","","1",""
"44XX N SIMONDS","44XX N SIMONDS, Chicago, IL","","","unresolved","unknown","ambiguous_block","","","","","","","","0","","1",""
"44XX S CALUME AVE","44XX S CALUME AVE, Chicago, IL","","","unresolved","unknown","street_not_found","","","","","","","","0","","1",""
"44XX S COLUMBUS DR","44XX S COLUMBUS DR, Chicago, IL","","","unresolved","unknown","no_address_range_match","","","","","","","","0","","1",""
"44XX S COTAGE GROVE","44XX S COTAGE GROVE, Chicago, IL","","","unresolved","unknown","street_not_found","","","","","","","","0","","1",""
"44XX S COTTAGE","44XX S COTTAGE, Chicago, IL","","","unresolved","unknown","street_not_found","","","","","","","","0","","1",""
"44XX W CLARENDON","44XX W CLARENDON, Chicago, IL","","","unresolved","unknown","street_not_found","","","","","","","","0","","1",""
"44XX W DIVISON","44XX W DIVISON, Chicago, IL","","","unresolved","unknown","street_not_found","","","","","","","","0","","1",""
"44XX W ELSTON AVE","44XX W ELSTON AVE, Chicago, IL","","","unresolved","unknown","street_not_found","","","","","","","","0","","1",""
"44XX W JACKSON AVE","44XX W JACKSON AVE, Chicago, IL","","","unresolved","unknown","street_not_found","","","","","","","","0","","1",""
"44XX W KIMBALL AVE","44XX W KIMBALL AVE, Chicago, IL","","","unresolved","unknown","street_not_found","","","","","","","","0","","1",""
"45XX E MCFETRIDGE","45XX E MCFETRIDGE, Chicago, IL","","","unresolved","unknown","no_address_range_match","","","","","","","","0","","1",""
"45XX N CLALRENDON","45XX N CLALRENDON, Chicago, IL","","","unresolved","unknown","street_not_found","","","","","","","","0","","1",""
"45XX N CLAREDON","45XX N CLAREDON, Chicago, IL","","","unresolved","unknown","street_not_found","","","","","","","","0","","1",""
"45XX N CLARENDEN","45XX N CLARENDEN, Chicago, IL","","","unresolved","unknown","street_not_found","","","","","","","","0","","1",""
"45XX N CLARNDON","45XX N CLARNDON, Chicago, IL","","","unresolved","unknown","street_not_found","","","","","","","","0","","1",""
"45XX N DIVISION","45XX N DIVISION, Chicago, IL","","","unresolved","unknown","no_address_range_match","","","","","","","","0","","1",""
"45XX N WELLS","45XX N WELLS, Chicago, IL","","","unresolved","unknown","no_address_range_match","","","","","","","","0","","1",""
"45XX S COTTAGE","45XX S COTTAGE, Chicago, IL","","","unresolved","unknown","street_not_found","","","","","","","","0","","1",""
"45XX W CLARENDON","45XX W CLARENDON, Chicago, IL","","","unresolved","unknown","street_not_found","","","","","","","","0","","1",""
"45XX W HARRISO ST","45XX W HARRISO ST, Chicago, IL","","","unresolved","unknown","street_not_found","","","","","","","","0","","1",""
"45XX W JACKSON B","45XX W JACKSON B, Chicago, IL","","","unresolved","unknown","street_not_found","","","","","","","","0","","1",""
"45XX W SHERIDAN","45XX W SHERIDAN, Chicago, IL","","","unresolved","unknown","no_address_range_match","","","","","","","","0","","1",""
"46XX  ASHLAND AVE","46XX ASHLAND AVE, Chicago, IL","","","unresolved","unknown","unparsed_address","","","","","","","","0","","1",""
"46XX N CLEARANDON","46XX N CLEARANDON, Chicago, IL","","","unresolved","unknown","street_not_found","","","","","","","","0","","1",""
"46XX N MARIEN DR","46XX N MARIEN DR, Chicago, IL","","","unresolved","unknown","street_not_found","","","","","","","","0","","1",""
"46XX S CALIFORINIA","46XX S CALIFORINIA, Chicago, IL","","","unresolved","unknown","street_not_found","","","","","","","","0","","1",""
"46XX S MARINE","46XX S MARINE, Chicago, IL","","","unresolved","unknown","street_not_found","","","","","","","","0","","1",""
"46XX W JACKSON AVE","46XX W JACKSON AVE, Chicago, IL","","","unresolved","unknown","street_not_found","","","","","","","","0","","1",""
"46XX W MARINE DRIVE","46XX W MARINE DRIVE, Chicago, IL","","","unresolved","unknown","street_not_found","","","","","","","","0","","1",""
"47XX N BEACON AVE","47XX N BEACON AVE, Chicago, IL","","","unresolved","unknown","street_not_found","","","","","","","","0","","1",""
"47XX N CLAREDON","47XX N CLAREDON, Chicago, IL","","","unresolved","unknown","street_not_found","","","","","","","","0","","1",""
"47XX N CLARNDON","47XX N CLARNDON, Chicago, IL","","","unresolved","unknown","street_not_found","","","","","","","","0","","1",""
"47XX N VIRGINA","47XX N VIRGINA, Chicago, IL","","","unresolved","unknown","street_not_found","","","","","","","","0","","1",""
"47XX S LAKE SHORE DRIVE","47XX S LAKE SHORE DRIVE, Chicago, IL","","","unresolved","unknown","no_address_range_match","","","","","","","","0","","1",""
"47XX S STAE ST","47XX S STAE ST, Chicago, IL","","","unresolved","unknown","street_not_found","","","","","","","","0","","1",""
"47XX W HARISON ST","47XX W HARISON ST, Chicago, IL","","","unresolved","unknown","street_not_found","","","","","","","","0","","1",""
"48XX 47TH ST","48XX 47TH ST, Chicago, IL","","","unresolved","unknown","unparsed_address","","","","","","","","0","","1",""
"48XX N ADDISON ST","48XX N ADDISON ST, Chicago, IL","","","unresolved","unknown","street_not_found","","","","","","","","0","","1",""
"48XX N ARMITAGE","48XX N ARMITAGE, Chicago, IL","","","unresolved","unknown","street_not_found","","","","","","","","0","","1",""
"48XX N FULLERTON","48XX N FULLERTON, Chicago, IL","","","unresolved","unknown","street_not_found","","","","","","","","0","","1",""
"48XX N JACKSON BLVD","48XX N JACKSON BLVD, Chicago, IL","","","unresolved","unknown","street_not_found","","","","","","","","0","","1",""
"48XX N MAGNOLIA","48XX N MAGNOLIA, Chicago, IL","","","unresolved","unknown","ambiguous_block","","","","","","","","0","","1",""
"48XX N MARINE RD","48XX N MARINE RD, Chicago, IL","","","unresolved","unknown","street_not_found","","","","","","","","0","","1",""
"48XX N SHERIDAIN RD","48XX N SHERIDAIN RD, Chicago, IL","","","unresolved","unknown","street_not_found","","","","","","","","0","","1",""
"48XX N SHERIDAN AVE","48XX N SHERIDAN AVE, Chicago, IL","","","unresolved","unknown","street_not_found","","","","","","","","0","","1",""
"48XX S CLINTON ST","48XX S CLINTON ST, Chicago, IL","","","unresolved","unknown","no_address_range_match","","","","","","","","0","","1",""
"48XX S SAMEN","48XX S SAMEN, Chicago, IL","","","unresolved","unknown","street_not_found","","","","","","","","0","","1",""
"48XX W ADDISON AVE","48XX W ADDISON AVE, Chicago, IL","","","unresolved","unknown","street_not_found","","","","","","","","0","","1",""
"48XX W AMITAGE AV","48XX W AMITAGE AV, Chicago, IL","","","unresolved","unknown","street_not_found","","","","","","","","0","","1",""
"48XX W ARMITGE","48XX W ARMITGE, Chicago, IL","","","unresolved","unknown","street_not_found","","","","","","","","0","","1",""
"48XX W IRVING PK RD","48XX W IRVING PK RD, Chicago, IL","","","unresolved","unknown","street_not_found","","","","","","","","0","","1",""
"48XX W JACKSON BLKD","48XX W JACKSON BLKD, Chicago, IL","","","unresolved","unknown","street_not_found","","","","","","","","0","","1",""
"48XX W SHERIDAN","48XX W SHERIDAN, Chicago, IL","","","unresolved","unknown","no_address_range_match","","","","","","","","0","","1",""
"48XX W SPRINGFIELD","48XX W SPRINGFIELD, Chicago, IL","","","unresolved","unknown","street_not_found","","","","","","","","0","","1",""
"49XX 75TH ST","49XX 75TH ST, Chicago, IL","","","unresolved","unknown","unparsed_address","","","","","","","","0","","1",""
"49XX N CHICAGO","49XX N CHICAGO, Chicago, IL","","","unresolved","unknown","street_not_found","","","","","","","","0","","1",""
"49XX N LAKE SHORE","49XX N LAKE SHORE, Chicago, IL","","","unresolved","unknown","no_address_range_match","","","","","","","","0","","1",""
"49XX W AJCKSON","49XX W AJCKSON, Chicago, IL","","","unresolved","unknown","street_not_found","","","","","","","","0","","1",""
"49XX W JACKSON BVLD","49XX W JACKSON BVLD, Chicago, IL","","","unresolved","unknown","street_not_found","","","","","","","","0","","1",""
"49XX W JACKSON ST","49XX W JACKSON ST, Chicago, IL","","","unresolved","unknown","street_not_found","","","","","","","","0","","1",""
"49XX W MILWAUKEE","49XX W MILWAUKEE, Chicago, IL","","","unresolved","unknown","street_not_found","","","","","","","","0","","1",""
"49XX W NORTH AVWE","49XX W NORTH AVWE, Chicago, IL","","","unresolved","unknown","street_not_found","","","","","","","","0","","1",""
"49XX W NORTHAVE","49XX W NORTHAVE, Chicago, IL","","","unresolved","unknown","street_not_found","","","","","","","","0","","1",""
"49XX W W","49XX W W, Chicago, IL","","","unresolved","unknown","street_not_found","","","","","","","","0","","1",""
"4XX E CLARK","4XX E CLARK, Chicago, IL","","","unresolved","unknown","street_not_found","","","","","","","","0","","1",""
"4XX E WACKER DR","4XX E WACKER DR, Chicago, IL","","","unresolved","unknown","no_address_range_match","","","","","","","","0","","1",""
"4XX E WITIH","4XX E WITIH, Chicago, IL","","","unresolved","unknown","street_not_found","","","","","","","","0","","1",""
"4XX N CLARENDON","4XX N CLARENDON, Chicago, IL","","","unresolved","unknown","no_address_range_match","","","","","","","","0","","1",""
"4XX N HURBARD","4XX N HURBARD, Chicago, IL","","","unresolved","unknown","street_not_found","","","","","","","","0","","1",""
"4XX N JACKSON","4XX N JACKSON, Chicago, IL","","","unresolved","unknown","street_not_found","","","","","","","","0","","1",""
"4XX N LASALLE D","4XX N LASALLE D, Chicago, IL","","","unresolved","unknown","street_not_found","","","","","","","","0","","1",""
"4XX N LASALLE DR BLVD","4XX N LASALLE DR BLVD, Chicago, IL","","","unresolved","unknown","street_not_found","","","","","","","","0","","1",""
"4XX N MARQUETTE","4XX N MARQUETTE, Chicago, IL","","","unresolved","unknown","street_not_found","","","","","","","","0","","1",""
"4XX N MCCLURG ST","4XX N MCCLURG ST, Chicago, IL","","","unresolved","unknown","street_not_found","","","","","","","","0","","1",""
"4XX N MICHIGA","4XX N MICHIGA, Chicago, IL","","","unresolved","unknown","street_not_found","","","","","","","","0","","1",""
"4XX N MICHIGN","4XX N MICHIGN, Chicago, IL","","","unresolved","unknown","street_not_found","","","","","","","","0","","1",""
"4XX N OAK","4XX N OAK, Chicago, IL","","","unresolved","unknown","street_not_found","","","","","","","","0","","1",""
"4XX N OAK ST","4XX N OAK ST, Chicago, IL","","","unresolved","unknown","street_not_found","","","","","","","","0","","1",""
"4XX N WASHINGTON ST","4XX N WASHINGTON ST, Chicago, IL","","","unresolved","unknown","street_not_found","","","","","","","","0","","1",""
"4XX S CANAL ST","4XX S CANAL ST, Chicago, IL","","","unresolved","unknown","no_address_range_match","","","","","","","","0","","1",""
"4XX S JACKSON BL","4XX S JACKSON BL, Chicago, IL","","","unresolved","unknown","street_not_found","","","","","","","","0","","1",""
"4XX W ADDISON","4XX W ADDISON, Chicago, IL","","","unresolved","unknown","no_address_range_match","","","","","","","","0","","1",""
"4XX W DIVERSY PKWY","4XX W DIVERSY PKWY, Chicago, IL","","","unresolved","unknown","street_not_found","","","","","","","","0","","1",""
"4XX W JACKSON ST","4XX W JACKSON ST, Chicago, IL","","","unresolved","unknown","street_not_found","","","","","","","","0","","1",""
"4XX W LASALLE","4XX W LASALLE, Chicago, IL","","","unresolved","unknown","no_address_range_match","","","","","","","","0","","1",""
"4XX W MARQUETTER RD","4XX W MARQUETTER RD, Chicago, IL","","","unresolved","unknown","street_not_found","","","","","","","","0","","1",""
"4XX W MCCLURG","4XX W MCCLURG, Chicago, IL","","","unresolved","unknown","street_not_found","","","","","","","","0","","1",""
"4XX W MICHIGAN","4XX W MICHIGAN, Chicago, IL","","","unresolved","unknown","street_not_found","","","","","","","","0","","1",""
"4XX W MONTROSE","4XX W MONTROSE, Chicago, IL","","","unresolved","unknown","no_address_range_match","","","","","","","","0","","1",""
"4XX W OHARE","4XX W OHARE, Chicago, IL","","","unresolved","unknown","no_address_range_match","","","","","","","","0","","1",""
"4XX W OHARE ST","4XX W OHARE ST, Chicago, IL","","","unresolved","unknown","no_address_range_match","","","","","","","","0","","1",""
"4XX W PARK","4XX W PARK, Chicago, IL","","","unresolved","unknown","street_not_found","","","","","","","","0","","1",""
"4XX W WORTH","4XX W WORTH, Chicago, IL","","","unresolved","unknown","street_not_found","","","","","","","","0","","1",""
"50XX 71ST","50XX 71ST, Chicago, IL","","","unresolved","unknown","unparsed_address","","","","","","","","0","","1",""
"50XX 79TH","50XX 79TH, Chicago, IL","","","unresolved","unknown","unparsed_address","","","","","","","","0","","1",""
"50XX N MADISON","50XX N MADISON, Chicago, IL","","","unresolved","unknown","street_not_found","","","","","","","","0","","1",""
"50XX S KENWOOD AVE","50XX S KENWOOD AVE, Chicago, IL","","","unresolved","unknown","no_address_range_match","","","","","","","","0","","1",""
"50XX W MADISDON","50XX W MADISDON, Chicago, IL","","","unresolved","unknown","street_not_found","","","","","","","","0","","1",""
"50XX W MADISDON ST","50XX W MADISDON ST, Chicago, IL","","","unresolved","unknown","street_not_found","","","","","","","","0","","1",""
"50XX W MADISONST","50XX W MADISONST, Chicago, IL","","","unresolved","unknown","street_not_found","","","","","","","","0","","1",""
"51XX  SIMONDS S","51XX SIMONDS S, Chicago, IL","","","unresolved","unknown","unparsed_address","","","","","","","","0","","1",""
"51XX 25TH ST","51XX 25TH ST, Chicago, IL","","","unresolved","unknown","unparsed_address","","","","","","","","0","","1",""
"51XX 75TH","51XX 75TH, Chicago, IL","","","unresolved","unknown","unparsed_address","","","","","","","","0","","1",""
"51XX E GRAND","51XX E GRAND, Chicago, IL","","","unresolved","unknown","no_address_range_match","","","","","","","","0","","1",""
"51XX E HYDE PARK","51XX E HYDE PARK, Chicago, IL","","","unresolved","unknown","no_address_range_match","","","","","","","","0","","1",""
"51XX N GRAND AVE","51XX N GRAND AVE, Chicago, IL","","","unresolved","unknown","street_not_found","","","","","","","","0","","1",""
"51XX N NORTH WEST","51XX N NORTH WEST, Chicago, IL","","","unresolved","unknown","street_not_found","","","","","","","","0","","1",""
"51XX N NORTHWEST HWY","51XX N NORTHWEST HWY, Chicago, IL","","","unresolved","unknown","street_not_found","","","","","","","","0","","1",""
"51XX N SHERDAN RD","51XX N SHERDAN RD, Chicago, IL","","","unresolved","unknown","street_not_found","","","","","","","","0","","1",""
"51XX N SIMMONDS","51XX N SIMMONDS, Chicago, IL","","","unresolved","unknown","street_not_found","","","","","","","","0","","1",""
"51XX N SIMMONDS DR","51XX N SIMMONDS DR, Chicago, IL","","","unresolved","unknown","street_not_found","","","","","","","","0","","1",""
"51XX S COTAGE GROVE","51XX S COTAGE GROVE, Chicago, IL","","","unresolved","unknown","street_not_found","","","","","","","","0","","1",""
"51XX S COTTAGE G ROVE","51XX S COTTAGE G ROVE, Chicago, IL","","","unresolved","unknown","street_not_found","","","","","","","","0","","1",""
"51XX S COTTAGE GROV AV","51XX S COTTAGE GROV AV, Chicago, IL","","","unresolved","unknown","street_not_found","","","","","","","","0","","1",""
"51XX S COTTAGE GROVE A","51XX S COTTAGE GROVE A, Chicago, IL","","","unresolved","unknown","street_not_found","","","","","","","","0","","1",""
"51XX S DR KING DR","51XX S DR KING DR, Chicago, IL","","","unresolved","unknown","street_not_found","","","","","","","","0","","1",""
"51XX S EAST END","51XX S EAST END, Chicago, IL","","","unresolved","unknown","no_address_range_match","","","","","","","","0","","1",""
"51XX S HYDE PARK BL","51XX S HYDE PARK BL, Chicago, IL","","","unresolved","unknown","street_not_found","","","","","","","","0","","1",""
"51XX S HYDE PARK BVLD","51XX S HYDE PARK BVLD, Chicago, IL","","","unresolved","unknown","street_not_found","","","","","","","","0","","1",""
"51XX S HYDE PK BLVD","51XX S HYDE PK BLVD, Chicago, IL","","","unresolved","unknown","street_not_found","","","","","","","","0","","1",""
"51XX S RACING","51XX S RACING, Chicago, IL","","","unresolved","unknown","street_not_found","","","","","","","","0","","1",""
"51XX S SHORE DR","51XX S SHORE DR, Chicago, IL","","","unresolved","unknown","no_address_range_match","","","","","","","","0","","1",""
"51XX W CHCIAGO","51XX W CHCIAGO, Chicago, IL","","","unresolved","unknown","street_not_found","","","","","","","","0","","1",""
"51XX W DIVISON","51XX W DIVISON, Chicago, IL","","","unresolved","unknown","street_not_found","","","","","","","","0","","1",""
"51XX W IRVING PK","51XX W IRVING PK, Chicago, IL","","","unresolved","unknown","street_not_found","","","","","","","","0","","1",""
"52XX  IRVING PARK","52XX IRVING PARK, Chicago, IL","","","unresolved","unknown","unparsed_address","","","","","","","","0","","1",""
"52XX 75TH STREET","52XX 75TH STREET, Chicago, IL","","","unresolved","unknown","unparsed_address","","","","","","","","0","","1",""
"52XX N MICHIGAN AVE","52XX N MICHIGAN AVE, Chicago, IL","","","unresolved","unknown","no_address_range_match","","","","","","","","0","","1",""
"52XX N NORTH","52XX N NORTH, Chicago, IL","","","unresolved","unknown","street_not_found","","","","","","","","0","","1",""
"52XX S COTTAG GROVE","52XX S COTTAG GROVE, Chicago, IL","","","unresolved","unknown","street_not_found","","","","","","","","0","","1",""
"52XX S COTTAGE GROVE A","52XX S COTTAGE GROVE A, Chicago, IL","","","unresolved","unknown","street_not_found","","","","","","","","0","","1",""
"52XX S HDYE PARK BLVD","52XX S HDYE PARK BLVD, Chicago, IL","","","unresolved","unknown","street_not_found","","","","","","","","0","","1",""
"52XX S HYDE PARK BVKD","52XX S HYDE PARK BVKD, Chicago, IL","","","unresolved","unknown","street_not_found","","","","","","","","0","","1",""
"52XX S HYDEPARK","52XX S HYDEPARK, Chicago, IL","","","unresolved","unknown","street_not_found","","","","","","","","0","","1",""
"52XX S MARTIN LUTHER KI D","52XX S MARTIN LUTHER KI D, Chicago, IL","","","unresolved","unknown","street_not_found","","","","","","","","0","","1",""
"52XX S PUALSKI RD","52XX S PUALSKI RD, Chicago, IL","","","unresolved","unknown","street_not_found","","","","","","","","0","","1",""
"52XX W EAST RIVER RD","52XX W EAST RIVER RD, Chicago, IL","","","unresolved","unknown","street_not_found","","","","","","","","0","","1",""
"52XX W HARRISON AVE","52XX W HARRISON AVE, Chicago, IL","","","unresolved","unknown","street_not_found","","","","","","","","0","","1",""
"52XX W KEDZIE","52XX W KEDZIE, Chicago, IL","","","unresolved","unknown","street_not_found","","","","","","","","0","","1",""
"52XX W W","52XX W W, Chicago, IL","","","unresolved","unknown","street_not_found","","","","","","","","0","","1",""
"53XX 35TH ST","53XX 35TH ST, Chicago, IL","","","unresolved","unknown","unparsed_address","","","","","","","","0","","1",""
"53XX 75TH ST","53XX 75TH ST, Chicago, IL","","","unresolved","unknown","unparsed_address","","","","","","","","0","","1",""
"53XX E JACKSON BLVD","53XX E JACKSON BLVD, Chicago, IL","","","unresolved","unknown","no_address_range_match","","","","","","","","0","","1",""
"53XX N CHICAGO","53XX N CHICAGO, Chicago, IL","","","unresolved","unknown","street_not_found","","","","","","","","0","","1",""
"53XX N NELSON AV","53XX N NELSON AV, Chicago, IL","","","unresolved","unknown","street_not_found","","","","","","","","0","","1",""
"53XX S HDYE PARK BLVD","53XX S HDYE PARK BLVD, Chicago, IL","","","unresolved","unknown","street_not_found","","","","","","","","0","","1",""
"53XX S HYDE PARK AVE","53XX S HYDE PARK AVE, Chicago, IL","","","unresolved","unknown","street_not_found","","","","","","","","0","","1",""
"53XX S HYDE PARK BLD","53XX S HYDE PARK BLD, Chicago, IL","","","unresolved","unknown","street_not_found","","","","","","","","0","","1",""
"53XX S HYDE PK BLVD","53XX S HYDE PK BLVD, Chicago, IL","","","unresolved","unknown","street_not_found","","","","","","","","0","","1",""
"53XX S HYDE PRK BLVD","53XX S HYDE PRK BLVD, Chicago, IL","","","unresolved","unknown","street_not_found","","","","","","","","0","","1",""
"53XX W ARMITAGE","53XX W ARMITAGE, Chicago, IL","","","unresolved","unknown","no_address_range_match","","","","","","","","0","","1",""
"53XX W CHIICAGO","53XX W CHIICAGO, Chicago, IL","","","unresolved","unknown","street_not_found","","","","","","","","0","","1",""
"53XX W CLARK","53XX W CLARK, Chicago, IL","","","unresolved","unknown","street_not_found","","","","","","","","0","","1",""
"53XX W NOTH AVE","53XX W NOTH AVE, Chicago, IL","","","unresolved","unknown","street_not_found","","","","","","","","0","","1",""
"54XX  SHORE DR","54XX SHORE DR, Chicago, IL","","","unresolved","unknown","unparsed_address","","","","","","","","0","","1",""
"54XX 75TH","54XX 75TH, Chicago, IL","","","unresolved","unknown","unparsed_address","","","","","","","","0","","1",""
"54XX E MADISON ST","54XX E MADISON ST, Chicago, IL","","","unresolved","unknown","no_address_range_match","","","","","","","","0","","1",""
"54XX N DIVISION","54XX N DIVISION, Chicago, IL","","","unresolved","unknown","no_address_range_match","","","","","","","","0","","1",""
"54XX N LAKE","54XX N LAKE, Chicago, IL","","","unresolved","unknown","street_not_found","","","","","","","","0","","1",""
"54XX N MADISON","54XX N MADISON, Chicago, IL","","","unresolved","unknown","street_not_found","","","","","","","","0","","1",""
"54XX N NORTH AVE","54XX N NORTH AVE, Chicago, IL","","","unresolved","unknown","street_not_found","","","","","","","","0","","1",""
"54XX S HALSTED AV","54XX S HALSTED AV, Chicago, IL","","","unresolved","unknown","street_not_found","","","","","","","","0","","1",""
"54XX S LAKE SHORE","54XX S LAKE SHORE, Chicago, IL","","","unresolved","unknown","no_address_range_match","","","","","","","","0","","1",""
"54XX S SHORE RR","54XX S SHORE RR, Chicago, IL","","","unresolved","unknown","street_not_found","","","","","","","","0","","1",""
"54XX W ARMITAGE","54XX W ARMITAGE, Chicago, IL","","","unresolved","unknown","no_address_range_match","","","","","","","","0","","1",""
"54XX W DIVISON","54XX W DIVISON, Chicago, IL","","","unresolved","unknown","street_not_found","","","","","","","","0","","1",""
"54XX W JACKSON AVE","54XX W JACKSON AVE, Chicago, IL","","","unresolved","unknown","street_not_found","","","","","","","","0","","1",""
"54XX W LONG","54XX W LONG, Chicago, IL","","","unresolved","unknown","street_not_found","","","","","","","","0","","1",""
"54XX W MADISO ST","54XX W MADISO ST, Chicago, IL","","","unresolved","unknown","street_not_found","","","","","","","","0","","1",""
"54XX W MONTROS","54XX W MONTROS, Chicago, IL","","","unresolved","unknown","street_not_found","","","","","","","","0","","1",""
"55XX E JACKSON","55XX E JACKSON, Chicago, IL","","","unresolved","unknown","no_address_range_match","","","","","","","","0","","1",""
"55XX E MORGAN DR","55XX E MORGAN DR, Chicago, IL","","","unresolved","unknown","no_address_range_match","","","","","","","","0","","1",""
"55XX N CORTLAND","55XX N CORTLAND, Chicago, IL","","","unresolved","unknown","street_not_found","","","","","","","","0","","1",""
"55XX N JACKSON","55XX N JACKSON, Chicago, IL","","","unresolved","unknown","street_not_found","","","","","","","","0","","1",""
"55XX N NORTHWEST HWY","55XX N NORTHWEST HWY, Chicago, IL","","","unresolved","unknown","street_not_found","","","","","","","","0","","1",""
"55XX N SHEIDAN","55XX N SHEIDAN, Chicago, IL","","","unresolved","unknown","street_not_found","","","","","","","","0","","1",""
"55XX N WINTHROPE","55XX N WINTHROPE, Chicago, IL","","","unresolved","unknown","street_not_found","","","","","","","","0","","1",""
"55XX S ARCEHR","55XX S ARCEHR, Chicago, IL","","","unresolved","unknown","street_not_found","","","","","","","","0","","1",""
"55XX S HYDE PARK BLV","55XX S HYDE PARK BLV, Chicago, IL","","","unresolved","unknown","street_not_found","","","","","","","","0","","1",""
"55XX S HYDE PARK BVLD","55XX S HYDE PARK BVLD, Chicago, IL","","","unresolved","unknown","street_not_found","","","","","","","","0","","1",""
"55XX S RAICNE","55XX S RAICNE, Chicago, IL","","","unresolved","unknown","street_not_found","","","","","","","","0","","1",""
"55XX W BELONT AVE","55XX W BELONT AVE, Chicago, IL","","","unresolved","unknown","street_not_found","","","","","","","","0","","1",""
"55XX W CENTRAL","55XX W CENTRAL, Chicago, IL","","","unresolved","unknown","street_not_found","","","","","","","","0","","1",""
"55XX W IRVING","55XX W IRVING, Chicago, IL","","","unresolved","unknown","street_not_found","","","","","","","","0","","1",""
"55XX W LAWRANCE","55XX W LAWRANCE, Chicago, IL","","","unresolved","unknown","street_not_found","","","","","","","","0","","1",""
"55XX W LAWRNCE AVE","55XX W LAWRNCE AVE, Chicago, IL","","","unresolved","unknown","street_not_found","","","","","","","","0","","1",""
"56XX 48TH ST","56XX 48TH ST, Chicago, IL","","","unresolved","unknown","unparsed_address","","","","","","","","0","","1",""
"56XX N GRAND AVE","56XX N GRAND AVE, Chicago, IL","","","unresolved","unknown","street_not_found","","","","","","","","0","","1",""
"56XX N HIGGINS","56XX N HIGGINS, Chicago, IL","","","unresolved","unknown","street_not_found","","","","","","","","0","","1",""
"56XX N LAKE SHORE DR","56XX N LAKE SHORE DR, Chicago, IL","","","unresolved","unknown","no_address_range_match","","","","","","","","0","","1",""
"56XX N MADISON","56XX N MADISON, Chicago, IL","","","unresolved","unknown","street_not_found","","","","","","","","0","","1",""
"56XX S COTTAGE GROVE DR","56XX S COTTAGE GROVE DR, Chicago, IL","","","unresolved","unknown","street_not_found","","","","","","","","0","","1",""
"56XX S DIVISION","56XX S DIVISION, Chicago, IL","","","unresolved","unknown","street_not_found","","","","","","","","0","","1",""
"56XX W DELMONT","56XX W DELMONT, Chicago, IL","","","unresolved","unknown","street_not_found","","","","","","","","0","","1",""
"56XX W JACKSOW","56XX W JACKSOW, Chicago, IL","","","unresolved","unknown","street_not_found","","","","","","","","0","","1",""
"57XX 75ST","57XX 75ST, Chicago, IL","","","unresolved","unknown","unparsed_address","","","","","","","","0","","1",""
"57XX E GRAND","57XX E GRAND, Chicago, IL","","","unresolved","unknown","no_address_range_match","","","","","","","","0","","1",""
"57XX E GRAND AVE","57XX E GRAND AVE, Chicago, IL","","","unresolved","unknown","no_address_range_match","","","","","","","","0","","1",""
"57XX N GRAND AVE","57XX N GRAND AVE, Chicago, IL","","","unresolved","unknown","street_not_found","","","","","","","","0","","1",""
"57XX N HIGGINS AV","57XX N HIGGINS AV, Chicago, IL","","","unresolved","unknown","street_not_found","","","","","","","","0","","1",""
"57XX N IRVING PARK","57XX N IRVING PARK, Chicago, IL","","","unresolved","unknown","street_not_found","","","","","","","","0","","1",""
"57XX N LAKE FRONT TRAIL","57XX N LAKE FRONT TRAIL, Chicago, IL","","","unresolved","unknown","street_not_found","","","","","","","","0","","1",""
"57XX N MILWALKIEE","57XX N MILWALKIEE, Chicago, IL","","","unresolved","unknown","street_not_found","","","","","","","","0","","1",""
"57XX N NORTHWEST HWY","57XX N NORTHWEST HWY, Chicago, IL","","","unresolved","unknown","street_not_found","","","","","","","","0","","1",""
"57XX S CICERL","57XX S CICERL, Chicago, IL","","","unresolved","unknown","street_not_found","","","","","","","","0","","1",""
"57XX S HYDE PARK BLVD","57XX S HYDE PARK BLVD, Chicago, IL","","","unresolved","unknown","no_address_range_match","","","","","","","","0","","1",""
"57XX S SCIENCE DR","57XX S SCIENCE DR, Chicago, IL","","","unresolved","unknown","street_not_found","","","","","","","","0","","1",""
"57XX W GRAN AVE","57XX W GRAN AVE, Chicago, IL","","","unresolved","unknown","street_not_found","","","","","","","","0","","1",""
"57XX W HADDON","57XX W HADDON, Chicago, IL","","","unresolved","unknown","no_address_range_match","","","","","","","","0","","1",""
"57XX W IRVING PK","57XX W IRVING PK, Chicago, IL","","","unresolved","unknown","street_not_found","","","","","","","","0","","1",""
"57XX W OHARE","57XX W OHARE, Chicago, IL","","","unresolved","unknown","no_address_range_match","","","","","","","","0","","1",""
"58XX  MADISON","58XX MADISON, Chicago, IL","","","unresolved","unknown","unparsed_address","","","","","","","","0","","1",""
"58XX S COTTAGE","58XX S COTTAGE, Chicago, IL","","","unresolved","unknown","street_not_found","","","","","","","","0","","1",""
"58XX W MADDISON","58XX W MADDISON, Chicago, IL","","","unresolved","unknown","street_not_found","","","","","","","","0","","1",""
"58XX W MADISON S","58XX W MADISON S, Chicago, IL","","","unresolved","unknown","street_not_found","","","","","","","","0","","1",""
"59XX  CLARK","59XX CLARK, Chicago, IL","","","unresolved","unknown","unparsed_address","","","","","","","","0","","1",""
"59XX  THORNDALE","59XX THORNDALE, Chicago, IL","","","unresolved","unknown","unparsed_address","","","","","","","","0","","1",""
"59XX 35TH ST","59XX 35TH ST, Chicago, IL","","","unresolved","unknown","unparsed_address","","","","","","","","0","","1",""
"59XX 75TH ST","59XX 75TH ST, Chicago, IL","","","unresolved","unknown","unparsed_address","","","","","","","","0","","1",""
"59XX N CLARK AVE","59XX N CLARK AVE, Chicago, IL","","","unresolved","unknown","street_not_found","","","","","","","","0","","1",""
"59XX N JACKSON","59XX N JACKSON, Chicago, IL","","","unresolved","unknown","street_not_found","","","","","","","","0","","1",""
"59XX N NORTH WEST HWY","59XX N NORTH WEST HWY, Chicago, IL","","","unresolved","unknown","street_not_found","","","","","","","","0","","1",""
"59XX N NORTHWEST HWY","59XX N NORTHWEST HWY, Chicago, IL","","","unresolved","unknown","street_not_found","","","","","","","","0","","1",""
"59XX S DUSABLE LSD","59XX S DUSABLE LSD, Chicago, IL","","","unresolved","unknown","street_not_found","","","","","","","","0","","1",""
"59XX W CLARK ST","59XX W CLARK ST, Chicago, IL","","","unresolved","unknown","street_not_found","","","","","","","","0","","1",""
"5XX  MICHIGAN","5XX MICHIGAN, Chicago, IL","","","unresolved","unknown","unparsed_address","","","","","","","","0","","1",""
"5XX  STATE","5XX STATE, Chicago, IL","","","unresolved","unknown","unparsed_address","","","","","","","","0","","1",""
"5XX E SOLDARITY","5XX E SOLDARITY, Chicago, IL","","","unresolved","unknown","street_not_found","","","","","","","","0","","1",""
"5XX E SOLDARITY DR","5XX E SOLDARITY DR, Chicago, IL","","","unresolved","unknown","street_not_found","","","","","","","","0","","1",""
"5XX E SOLIDAIRTY DR","5XX E SOLIDAIRTY DR, Chicago, IL","","","unresolved","unknown","street_not_found","","","","","","","","0","","1",""
"5XX E SOLIDARITY D","5XX E SOLIDARITY D, Chicago, IL","","","unresolved","unknown","street_not_found","","","","","","","","0","","1",""
"5XX N DIVERSEY PKWY","5XX N DIVERSEY PKWY, Chicago, IL","","","unresolved","unknown","street_not_found","","","","","","","","0","","1",""
"5XX N FULLERTON AVE","5XX N FULLERTON AVE, Chicago, IL","","","unresolved","unknown","street_not_found","","","","","","","","0","","1",""
"5XX N MILWAKEE","5XX N MILWAKEE, Chicago, IL","","","unresolved","unknown","street_not_found","","","","","","","","0","","1",""
"5XX N STATE IL","5XX N STATE IL, Chicago, IL","","","unresolved","unknown","street_not_found","","","","","","","","0","","1",""
"5XX N WINTHROP","5XX N WINTHROP, Chicago, IL","","","unresolved","unknown","no_address_range_match","","","","","","","","0","","1",""
"5XX S DEARBORN STR","5XX S DEARBORN STR, Chicago, IL","","","unresolved","unknown","street_not_found","","","","","","","","0","","1",""
"5XX S LAKE PARK","5XX S LAKE PARK, Chicago, IL","","","unresolved","unknown","no_address_range_match","","","","","","","","0","","1",""
"5XX S MADISON","5XX S MADISON, Chicago, IL","","","unresolved","unknown","street_not_found","","","","","","","","0","","1",""
"5XX S SOLIDARITY","5XX S SOLIDARITY, Chicago, IL","","","unresolved","unknown","street_not_found","","","","","","","","0","","1",""
"5XX S STATE S","5XX S STATE S, Chicago, IL","","","unresolved","unknown","street_not_found","","","","","","","","0","","1",""
"5XX W DIVEREY","5XX W DIVEREY, Chicago, IL","","","unresolved","unknown","street_not_found","","","","","","","","0","","1",""
"5XX W HAWTHRONE","5XX W HAWTHRONE, Chicago, IL","","","unresolved","unknown","street_not_found","","","","","","","","0","","1",""
"5XX W IRVING PK RD","5XX W IRVING PK RD, Chicago, IL","","","unresolved","unknown","street_not_found","","","","","","","","0","","1",""
"5XX W JACKSON ST","5XX W JACKSON ST, Chicago, IL","","","unresolved","unknown","street_not_found","","","","","","","","0","","1",""
"5XX W MADISON AV","5XX W MADISON AV, Chicago, IL","","","unresolved","unknown","street_not_found","","","","","","","","0","","1",""
"5XX W MADISON S","5XX W MADISON S, Chicago, IL","","","unresolved","unknown","street_not_found","","","","","","","","0","","1",""
"5XX W MARQUETTE RD","5XX W MARQUETTE RD, Chicago, IL","","","unresolved","unknown","ambiguous_block","","","","","","","","0","","1",""
"5XX W MDISON ST","5XX W MDISON ST, Chicago, IL","","","unresolved","unknown","street_not_found","","","","","","","","0","","1",""
"5XX W MICHIGAN AVE","5XX W MICHIGAN AVE, Chicago, IL","","","unresolved","unknown","street_not_found","","","","","","","","0","","1",""
"5XX W OHARE","5XX W OHARE, Chicago, IL","","","unresolved","unknown","no_address_range_match","","","","","","","","0","","1",""
"5XX W ORLEANS ST","5XX W ORLEANS ST, Chicago, IL","","","unresolved","unknown","street_not_found","","","","","","","","0","","1",""
"6 XX 11TH PL","6 XX 11TH PL, Chicago, IL","","","unresolved","unknown","unparsed_address","","","","","","","","0","","1",""
"60XX  7STH ST","60XX 7STH ST, Chicago, IL","","","unresolved","unknown","unparsed_address","","","","","","","","0","","1",""
"60XX 75TH ST","60XX 75TH ST, Chicago, IL","","","unresolved","unknown","unparsed_address","","","","","","","","0","","1",""
"60XX E CERMAK RD","60XX E CERMAK RD, Chicago, IL","","","unresolved","unknown","no_address_range_match","","","","","","","","0","","1",""
"60XX E SOLIDARITY","60XX E SOLIDARITY, Chicago, IL","","","unresolved","unknown","no_address_range_match","","","","","","","","0","","1",""
"60XX N NORTWEST HWY","60XX N NORTWEST HWY, Chicago, IL","","","unresolved","unknown","street_not_found","","","","","","","","0","","1",""
"60XX S COTTAGE","60XX S COTTAGE, Chicago, IL","","","unresolved","unknown","street_not_found","","","","","","","","0","","1",""
"61XX 47TH ST","61XX 47TH ST, Chicago, IL","","","unresolved","unknown","unparsed_address","","","","","","","","0","","1",""
"61XX 75TH ST","61XX 75TH ST, Chicago, IL","","","unresolved","unknown","unparsed_address","","","","","","","","0","","1",""
"61XX N CLARK AV","61XX N CLARK AV, Chicago, IL","","","unresolved","unknown","street_not_found","","","","","","","","0","","1",""
"61XX N LAVIATT","61XX N LAVIATT, Chicago, IL","","","unresolved","unknown","street_not_found","","","","","","","","0","","1",""
"61XX S COTTAGE","61XX S COTTAGE, Chicago, IL","","","unresolved","unknown","street_not_found","","","","","","","","0","","1",""
"61XX S TRUMBULL","61XX S TRUMBULL, Chicago, IL","","","unresolved","unknown","no_address_range_match","","","","","","","","0","","1",""
"61XX W CLARK ST","61XX W CLARK ST, Chicago, IL","","","unresolved","unknown","street_not_found","","","","","","","","0","","1",""
"62XX N BELMONT AVE","62XX N BELMONT AVE, Chicago, IL","","","unresolved","unknown","street_not_found","","","","","","","","0","","1",""
"62XX N CALIFORNIA V","62XX N CALIFORNIA V, Chicago, IL","","","unresolved","unknown","street_not_found","","","","","","","","0","","1",""
"62XX N CALIFORNIA VA","62XX N CALIFORNIA VA, Chicago, IL","","","unresolved","unknown","street_not_found","","","","","","","","0","","1",""
"62XX N NORTHWEST HWY","62XX N NORTHWEST HWY, Chicago, IL","","","unresolved","unknown","street_not_found","","","","","","","","0","","1",""
"62XX S CTOTAGE GROVE","62XX S CTOTAGE GROVE, Chicago, IL","","","unresolved","unknown","street_not_found","","","","","","","","0","","1",""
"62XX S DAN RYAN","62XX S DAN RYAN, Chicago, IL","","","unresolved","unknown","street_not_found","","","","","","","","0","","1",""
"62XX S HAYES DR","62XX S HAYES DR, Chicago, IL","","","unresolved","unknown","street_not_found","","","","","","","","0","","1",""
"62XX S JEFFERY","62XX S JEFFERY, Chicago, IL","","","unresolved","unknown","no_address_range_match","","","","","","","","0","","1",""
"62XX S KIMG DRIVE","62XX S KIMG DRIVE, Chicago, IL","","","unresolved","unknown","street_not_found","","","","","","","","0","","1",""
"62XX S M L KING DR","62XX S M L KING DR, Chicago, IL","","","unresolved","unknown","street_not_found","","","","","","","","0","","1",""
"62XX S MLK DR","62XX S MLK DR, Chicago, IL","","","unresolved","unknown","street_not_found","","","","","","","","0","","1",""
"62XX S MLK DRIVE","62XX S MLK DRIVE, Chicago, IL","","","unresolved","unknown","street_not_found","","","","","","","","0","","1",""
"62XX S RACINE ST","62XX S RACINE ST, Chicago, IL","","","unresolved","unknown","street_not_found","","","","","","","","0","","1",""
"62XX W DIVIERSEY","62XX W DIVIERSEY, Chicago, IL","","","unresolved","unknown","street_not_found","","","","","","","","0","","1",""
"62XX W KING DR","62XX W KING DR, Chicago, IL","","","unresolved","unknown","street_not_found","","","","","","","","0","","1",""
"63XX S CCALIFORNIA AV","63XX S CCALIFORNIA AV, Chicago, IL","","","unresolved","unknown","street_not_found","","","","","","","","0","","1",""
"63XX S HAYES D","63XX S HAYES D, Chicago, IL","","","unresolved","unknown","street_not_found","","","","","","","","0","","1",""
"63XX S HAYES DRIVE","63XX S HAYES DRIVE, Chicago, IL","","","unresolved","unknown","street_not_found","","","","","","","","0","","1",""
"63XX S HAYSE DR","63XX S HAYSE DR, Chicago, IL","","","unresolved","unknown","street_not_found","","","","","","","","0","","1",""
"63XX S LAKE SHORE DR","63XX S LAKE SHORE DR, Chicago, IL","","","unresolved","unknown","no_address_range_match","","","","","","","","0","","1",""
"63XX S S","63XX S S, Chicago, IL","","","unresolved","unknown","street_not_found","","","","","","","","0","","1",""
"63XX W CICERO","63XX W CICERO, Chicago, IL","","","unresolved","unknown","street_not_found","","","","","","","","0","","1",""
"63XX W DIVRESY","63XX W DIVRESY, Chicago, IL","","","unresolved","unknown","street_not_found","","","","","","","","0","","1",""
"64XX N SIHERIDAN RD","64XX N SIHERIDAN RD, Chicago, IL","","","unresolved","unknown","street_not_found","","","","","","","","0","","1",""
"64XX S CALI FORNIA","64XX S CALI FORNIA, Chicago, IL","","","unresolved","unknown","street_not_found","","","","","","","","0","","1",""
"64XX S DR MARTIN LUT","64XX S DR MARTIN LUT, Chicago, IL","","","unresolved","unknown","street_not_found","","","","","","","","0","","1",""
"64XX S STONY ISLD AV","64XX S STONY ISLD AV, Chicago, IL","","","unresolved","unknown","street_not_found","","","","","","","","0","","1",""
"64XX W WESTERN AV","64XX W WESTERN AV, Chicago, IL","","","unresolved","unknown","street_not_found","","","","","","","","0","","1",""
"65XX  WESTERN AVE","65XX WESTERN AVE, Chicago, IL","","","unresolved","unknown","unparsed_address","","","","","","","","0","","1",""
"65XX N HALSTED","65XX N HALSTED, Chicago, IL","","","unresolved","unknown","no_address_range_match","","","","","","","","0","","1",""
"65XX S HALSTED","65XX S HALSTED, Chicago, IL","","","unresolved","unknown","ambiguous_street","","","","","","","","0","","1",""
"66XX 75TH ST","66XX 75TH ST, Chicago, IL","","","unresolved","unknown","unparsed_address","","","","","","","","0","","1",""
"66XX N NORTHWEST HGWY","66XX N NORTHWEST HGWY, Chicago, IL","","","unresolved","unknown","street_not_found","","","","","","","","0","","1",""
"66XX N SHERDIAN AV","66XX N SHERDIAN AV, Chicago, IL","","","unresolved","unknown","street_not_found","","","","","","","","0","","1",""
"66XX S DR MLK DR","66XX S DR MLK DR, Chicago, IL","","","unresolved","unknown","street_not_found","","","","","","","","0","","1",""
"67XX S JEFFERY BL","67XX S JEFFERY BL, Chicago, IL","","","unresolved","unknown","street_not_found","","","","","","","","0","","1",""
"67XX S JEFFREY BLVD","67XX S JEFFREY BLVD, Chicago, IL","","","unresolved","unknown","street_not_found","","","","","","","","0","","1",""
"67XX S MINERVA","67XX S MINERVA, Chicago, IL","","","unresolved","unknown","no_address_range_match","","","","","","","","0","","1",""
"67XX S SHORE DR","67XX S SHORE DR, Chicago, IL","","","unresolved","unknown","no_address_range_match","","","","","","","","0","","1",""
"68XX N NORTHWEST HWY","68XX N NORTHWEST HWY, Chicago, IL","","","unresolved","unknown","street_not_found","","","","","","","","0","","1",""
"68XX N NORTHWEST HY","68XX N NORTHWEST HY, Chicago, IL","","","unresolved","unknown","street_not_found","","","","","","","","0","","1",""
"68XX N SHERIDA","68XX N SHERIDA, Chicago, IL","","","unresolved","unknown","street_not_found","","","","","","","","0","","1",""
"68XX S STONEY ISLAND","68XX S STONEY ISLAND, Chicago, IL","","","unresolved","unknown","street_not_found","","","","","","","","0","","1",""
"68XX W CLARK ST","68XX W CLARK ST, Chicago, IL","","","unresolved","unknown","street_not_found","","","","","","","","0","","1",""
"68XX W MADISON","68XX W MADISON, Chicago, IL","","","unresolved","unknown","no_address_range_match","","","","","","","","0","","1",""
"68XX W PRATT BLVD","68XX W PRATT BLVD, Chicago, IL","","","unresolved","unknown","no_address_range_match","","","","","","","","0","","1",""
"69XX 73RD ST","69XX 73RD ST, Chicago, IL","","","unresolved","unknown","unparsed_address","","","","","","","","0","","1",""
"69XX 75ST","69XX 75ST, Chicago, IL","","","unresolved","unknown","unparsed_address","","","","","","","","0","","1",""
"69XX 75TH STRERET","69XX 75TH STRERET, Chicago, IL","","","unresolved","unknown","unparsed_address","","","","","","","","0","","1",""
"69XX 78TH","69XX 78TH, Chicago, IL","","","unresolved","unknown","unparsed_address","","","","","","","","0","","1",""
"69XX 78TH ST","69XX 78TH ST, Chicago, IL","","","unresolved","unknown","unparsed_address","","","","","","","","0","","1",""
"69XX N ASHLAND AVE","69XX N ASHLAND AVE, Chicago, IL","","","unresolved","unknown","no_address_range_match","","","","","","","","0","","1",""
"69XX N SHERIDANRD","69XX N SHERIDANRD, Chicago, IL","","","unresolved","unknown","street_not_found","","","","","","","","0","","1",""
"69XX N SHERRIDAN","69XX N SHERRIDAN, Chicago, IL","","","unresolved","unknown","street_not_found","","","","","","","","0","","1",""
"69XX S JEFFREY BLVD","69XX S JEFFREY BLVD, Chicago, IL","","","unresolved","unknown","street_not_found","","","","","","","","0","","1",""
"69XX W SHERIDAN","69XX W SHERIDAN, Chicago, IL","","","unresolved","unknown","no_address_range_match","","","","","","","","0","","1",""
"6XX  7STH ST","6XX 7STH ST, Chicago, IL","","","unresolved","unknown","unparsed_address","","","","","","","","0","","1",""
"6XX E DUSABLE LAKE","6XX E DUSABLE LAKE, Chicago, IL","","","unresolved","unknown","street_not_found","","","","","","","","0","","1",""
"6XX E IRVING PARK RD","6XX E IRVING PARK RD, Chicago, IL","","","unresolved","unknown","street_not_found","","","","","","","","0","","1",""
"6XX E MADISON","6XX E MADISON, Chicago, IL","","","unresolved","unknown","no_address_range_match","","","","","","","","0","","1",""
"6XX E SOLIDARITYW","6XX E SOLIDARITYW, Chicago, IL","","","unresolved","unknown","street_not_found","","","","","","","","0","","1",""
"6XX E SOLIDERTY","6XX E SOLIDERTY, Chicago, IL","","","unresolved","unknown","street_not_found","","","","","","","","0","","1",""
"6XX N CERMAK RD","6XX N CERMAK RD, Chicago, IL","","","unresolved","unknown","street_not_found","","","","","","","","0","","1",""
"6XX N LSD","6XX N LSD, Chicago, IL","","","unresolved","unknown","street_not_found","","","","","","","","0","","1",""
"6XX N MARQUETTE RD","6XX N MARQUETTE RD, Chicago, IL","","","unresolved","unknown","street_not_found","","","","","","","","0","","1",""
"6XX N MCCLERG CT","6XX N MCCLERG CT, Chicago, IL","","","unresolved","unknown","street_not_found","","","","","","","","0","","1",""
"6XX N MCCLURG ST","6XX N MCCLURG ST, Chicago, IL","","","unresolved","unknown","street_not_found","","","","","","","","0","","1",""
"6XX N MICHIGAN ST","6XX N MICHIGAN ST, Chicago, IL","","","unresolved","unknown","street_not_found","","","","","","","","0","","1",""
"6XX N WEBSTER ST","6XX N WEBSTER ST, Chicago, IL","","","unresolved","unknown","street_not_found","","","","","","","","0","","1",""
"6XX S PAYNE DR","6XX S PAYNE DR, Chicago, IL","","","unresolved","unknown","no_address_range_match","","","","","","","","0","","1",""
"6XX S SOLIDARITY","6XX S SOLIDARITY, Chicago, IL","","","unresolved","unknown","street_not_found","","","","","","","","0","","1",""
"6XX S SOUTH CHICAGO","6XX S SOUTH CHICAGO, Chicago, IL","","","unresolved","unknown","no_address_range_match","","","","","","","","0","","1",""
"6XX W DES PLAINES","6XX W DES PLAINES, Chicago, IL","","","unresolved","unknown","street_not_found","","","","","","","","0","","1",""
"6XX W DEVON","6XX W DEVON, Chicago, IL","","","unresolved","unknown","no_address_range_match","","","","","","","","0","","1",""
"6XX W IRVING","6XX W IRVING, Chicago, IL","","","unresolved","unknown","street_not_found","","","","","","","","0","","1",""
"6XX W JACKSON BL","6XX W JACKSON BL, Chicago, IL","","","unresolved","unknown","street_not_found","","","","","","","","0","","1",""
"6XX W LAWRENCE","6XX W LAWRENCE, Chicago, IL","","","unresolved","unknown","no_address_range_match","","","","","","","","0","","1",""
"6XX W MCCLURG","6XX W MCCLURG, Chicago, IL","","","unresolved","unknown","street_not_found","","","","","","","","0","","1",""
"6XX W MILWAUKEE","6XX W MILWAUKEE, Chicago, IL","","","unresolved","unknown","street_not_found","","","","","","","","0","","1",""
"70XX  7STH ST","70XX 7STH ST, Chicago, IL","","","unresolved","unknown","unparsed_address","","","","","","","","0","","1",""
"70XX 75TH ST","70XX 75TH ST, Chicago, IL","","","unresolved","unknown","unparsed_address","","","","","","","","0","","1",""
"70XX S JEFFRY BLVD","70XX S JEFFRY BLVD, Chicago, IL","","","unresolved","unknown","street_not_found","","","","","","","","0","","1",""
"70XX S STATEE","70XX S STATEE, Chicago, IL","","","unresolved","unknown","street_not_found","","","","","","","","0","","1",""
"71XX 47TH ST","71XX 47TH ST, Chicago, IL","","","unresolved","unknown","unparsed_address","","","","","","","","0","","1",""
"71XX 71ST","71XX 71ST, Chicago, IL","","","unresolved","unknown","unparsed_address","","","","","","","","0","","1",""
"71XX 71ST ST","71XX 71ST ST, Chicago, IL","","","unresolved","unknown","unparsed_address","","","","","","","","0","","1",""
"71XX 75T ST","71XX 75T ST, Chicago, IL","","","unresolved","unknown","unparsed_address","","","","","","","","0","","1",""
"71XX 75TJ ST","71XX 75TJ ST, Chicago, IL","","","unresolved","unknown","unparsed_address","","","","","","","","0","","1",""
"71XX N HIGGINS","71XX N HIGGINS, Chicago, IL","","","unresolved","unknown","street_not_found","","","","","","","","0","","1",""
"71XX S JEFFREY","71XX S JEFFREY, Chicago, IL","","","unresolved","unknown","street_not_found","","","","","","","","0","","1",""
"72XX 73TH","72XX 73TH, Chicago, IL","","","unresolved","unknown","unparsed_address","","","","","","","","0","","1",""
"72XX N LINCOLN","72XX N LINCOLN, Chicago, IL","","","unresolved","unknown","no_address_range_match","","","","","","","","0","","1",""
"72XX N RDGERS","72XX N RDGERS, Chicago, IL","","","unresolved","unknown","street_not_found","","","","","","","","0","","1",""
"72XX N RODGERS AVE","72XX N RODGERS AVE, Chicago, IL","","","unresolved","unknown","street_not_found","","","","","","","","0","","1",""
"72XX W ROGERS AV","72XX W ROGERS AV, Chicago, IL","","","unresolved","unknown","street_not_found","","","","","","","","0","","1",""
"73XX 39TH ST","73XX 39TH ST, Chicago, IL","","","unresolved","unknown","unparsed_address","","","","","","","","0","","1",""
"73XX 75ST","73XX 75ST, Chicago, IL","","","unresolved","unknown","unparsed_address","","","","","","","","0","","1",""
"73XX 75THST","73XX 75THST, Chicago, IL","","","unresolved","unknown","unparsed_address","","","","","","","","0","","1",""
"73XX 78TH ST","73XX 78TH ST, Chicago, IL","","","unresolved","unknown","unparsed_address","","","","","","","","0","","1",""
"73XX 79TH ST","73XX 79TH ST, Chicago, IL","","","unresolved","unknown","unparsed_address","","","","","","","","0","","1",""
"73XX N LINCOLN","73XX N LINCOLN, Chicago, IL","","","unresolved","unknown","no_address_range_match","","","","","","","","0","","1",""
"73XX N ROGERS AV","73XX N ROGERS AV, Chicago, IL","","","unresolved","unknown","ambiguous_block","","","","","","","","0","","1",""
"73XX N ROGERS AVE","73XX N ROGERS AVE, Chicago, IL","","","unresolved","unknown","ambiguous_block","","","","","","","","0","","1",""
"73XX S JEFFEREY BLVD","73XX S JEFFEREY BLVD, Chicago, IL","","","unresolved","unknown","street_not_found","","","","","","","","0","","1",""
"73XX W WESTERN AVE","73XX W WESTERN AVE, Chicago, IL","","","unresolved","unknown","street_not_found","","","","","","","","0","","1",""
"74XX N MILWAUKEE","74XX N MILWAUKEE, Chicago, IL","","","unresolved","unknown","no_address_range_match","","","","","","","","0","","1",""
"74XX N RODGERS AVE","74XX N RODGERS AVE, Chicago, IL","","","unresolved","unknown","street_not_found","","","","","","","","0","","1",""
"74XX N SEDGEWICK","74XX N SEDGEWICK, Chicago, IL","","","unresolved","unknown","street_not_found","","","","","","","","0","","1",""
"74XX N SIMONDS DR","74XX N SIMONDS DR, Chicago, IL","","","unresolved","unknown","no_address_range_match","","","","","","","","0","","1",""
"74XX N WESTERM","74XX N WESTERM, Chicago, IL","","","unresolved","unknown","street_not_found","","","","","","","","0","","1",""
"74XX N WESTERN A","74XX N WESTERN A, Chicago, IL","","","unresolved","unknown","street_not_found","","","","","","","","0","","1",""
"74XX W BELMOT","74XX W BELMOT, Chicago, IL","","","unresolved","unknown","street_not_found","","","","","","","","0","","1",""
"74XX W BITTERSWEET","74XX W BITTERSWEET, Chicago, IL","","","unresolved","unknown","no_address_range_match","","","","","","","","0","","1",""
"74XX W ROGERS AVE","74XX W ROGERS AVE, Chicago, IL","","","unresolved","unknown","street_not_found","","","","","","","","0","","1",""
"75XX  7STH ST","75XX 7STH ST, Chicago, IL","","","unresolved","unknown","unparsed_address","","","","","","","","0","","1",""
"75XX  COTTAGE GROVE","75XX COTTAGE GROVE, Chicago, IL","","","unresolved","unknown","unparsed_address","","","","","","","","0","","1",""
"75XX 74TH ST","75XX 74TH ST, Chicago, IL","","","unresolved","unknown","unparsed_address","","","","","","","","0","","1",""
"75XX 75ST","75XX 75ST, Chicago, IL","","","unresolved","unknown","unparsed_address","","","","","","","","0","","1",""
"75XX 75TH","75XX 75TH, Chicago, IL","","","unresolved","unknown","unparsed_address","","","","","","","","0","","1",""
"75XX 75TH STREET","75XX 75TH STREET, Chicago, IL","","","unresolved","unknown","unparsed_address","","","","","","","","0","","1",""
"75XX E COTTAGE","75XX E COTTAGE, Chicago, IL","","","unresolved","unknown","street_not_found","","","","","","","","0","","1",""
"75XX E COTTAGE GROVE","75XX E COTTAGE GROVE, Chicago, IL","","","unresolved","unknown","street_not_found","","","","","","","","0","","1",""
"75XX E KING DR","75XX E KING DR, Chicago, IL","","","unresolved","unknown","street_not_found","","","","","","","","0","","1",""
"75XX N EAST LAKE AVE","75XX N EAST LAKE AVE, Chicago, IL","","","unresolved","unknown","street_not_found","","","","","","","","0","","1",""
"75XX S CAUGLRY","75XX S CAUGLRY, Chicago, IL","","","unresolved","unknown","street_not_found","","","","","","","","0","","1",""
"75XX S COTTAGE AVE","75XX S COTTAGE AVE, Chicago, IL","","","unresolved","unknown","street_not_found","","","","","","","","0","","1",""
"75XX S COTTAGE GREVE","75XX S COTTAGE GREVE, Chicago, IL","","","unresolved","unknown","street_not_found","","","","","","","","0","","1",""
"75XX S OTTAGE GROVE","75XX S OTTAGE GROVE, Chicago, IL","","","unresolved","unknown","street_not_found","","","","","","","","0","","1",""
"76XX 43RD ST","76XX 43RD ST, Chicago, IL","","","unresolved","unknown","unparsed_address","","","","","","","","0","","1",""
"76XX 75TH ST","76XX 75TH ST, Chicago, IL","","","unresolved","unknown","unparsed_address","","","","","","","","0","","1",""
"76XX N STOCKTON","76XX N STOCKTON, Chicago, IL","","","unresolved","unknown","no_address_range_match","","","","","","","","0","","1",""
"76XX S COTTAGE GROVCE","76XX S COTTAGE GROVCE, Chicago, IL","","","unresolved","unknown","street_not_found","","","","","","","","0","","1",""
"76XX S COTTAGE GRV","76XX S COTTAGE GRV, Chicago, IL","","","unresolved","unknown","street_not_found","","","","","","","","0","","1",""
"77XX N LASALLE","77XX N LASALLE, Chicago, IL","","","unresolved","unknown","no_address_range_match","","","","","","","","0","","1",""
"78XX 75TH","78XX 75TH, Chicago, IL","","","unresolved","unknown","unparsed_address","","","","","","","","0","","1",""
"78XX S COITT AGE GROIVE","78XX S COITT AGE GROIVE, Chicago, IL","","","unresolved","unknown","street_not_found","","","","","","","","0","","1",""
"78XX S SOUTH SHORE","78XX S SOUTH SHORE, Chicago, IL","","","unresolved","unknown","ambiguous_block","","","","","","","","0","","1",""
"79XX 75TH ST","79XX 75TH ST, Chicago, IL","","","unresolved","unknown","unparsed_address","","","","","","","","0","","1",""
"79XX S COTTAGE AVE","79XX S COTTAGE AVE, Chicago, IL","","","unresolved","unknown","street_not_found","","","","","","","","0","","1",""
"79XX S M L KING DR","79XX S M L KING DR, Chicago, IL","","","unresolved","unknown","street_not_found","","","","","","","","0","","1",""
"79XX S ML KING DR","79XX S ML KING DR, Chicago, IL","","","unresolved","unknown","street_not_found","","","","","","","","0","","1",""
"79XX S STONEY","79XX S STONEY, Chicago, IL","","","unresolved","unknown","street_not_found","","","","","","","","0","","1",""
"7XX 71ST","7XX 71ST, Chicago, IL","","","unresolved","unknown","unparsed_address","","","","","","","","0","","1",""
"7XX E DEARBORN","7XX E DEARBORN, Chicago, IL","","","unresolved","unknown","street_not_found","","","","","","","","0","","1",""
"7XX E HURON","7XX E HURON, Chicago, IL","","","unresolved","unknown","no_address_range_match","","","","","","","","0","","1",""
"7XX E HURON ST","7XX E HURON ST, Chicago, IL","","","unresolved","unknown","no_address_range_match","","","","","","","","0","","1",""
"7XX E MADISON","7XX E MADISON, Chicago, IL","","","unresolved","unknown","no_address_range_match","","","","","","","","0","","1",""
"7XX E OAKWOOD BL","7XX E OAKWOOD BL, Chicago, IL","","","unresolved","unknown","street_not_found","","","","","","","","0","","1",""
"7XX E SOLIDARY DR","7XX E SOLIDARY DR, Chicago, IL","","","unresolved","unknown","street_not_found","","","","","","","","0","","1",""
"7XX N ADDISON ST","7XX N ADDISON ST, Chicago, IL","","","unresolved","unknown","street_not_found","","","","","","","","0","","1",""
"7XX N BROADWAY","7XX N BROADWAY, Chicago, IL","","","unresolved","unknown","no_address_range_match","","","","","","","","0","","1",""
"7XX N LASALLA","7XX N LASALLA, Chicago, IL","","","unresolved","unknown","street_not_found","","","","","","","","0","","1",""
"7XX N LASALLE D","7XX N LASALLE D, Chicago, IL","","","unresolved","unknown","street_not_found","","","","","","","","0","","1",""
"7XX N LASSALLE","7XX N LASSALLE, Chicago, IL","","","unresolved","unknown","street_not_found","","","","","","","","0","","1",""
"7XX N MICHIGANA VE","7XX N MICHIGANA VE, Chicago, IL","","","unresolved","unknown","street_not_found","","","","","","","","0","","1",""
"7XX N RODGERS","7XX N RODGERS, Chicago, IL","","","unresolved","unknown","street_not_found","","","","","","","","0","","1",""
"7XX W CONGRESS PKWY","7XX W CONGRESS PKWY, Chicago, IL","","","unresolved","unknown","no_address_range_match","","","","","","","","0","","1",""
"7XX W DIVESEY","7XX W DIVESEY, Chicago, IL","","","unresolved","unknown","street_not_found","","","","","","","","0","","1",""
"7XX W FOSTER","7XX W FOSTER, Chicago, IL","","","unresolved","unknown","no_address_range_match","","","","","","","","0","","1",""
"7XX W GARFIELD BLV","7XX W GARFIELD BLV, Chicago, IL","","","unresolved","unknown","street_not_found","","","","","","","","0","","1",""
"7XX W ILLINOIS","7XX W ILLINOIS, Chicago, IL","","","unresolved","unknown","no_address_range_match","","","","","","","","0","","1",""
"7XX W IRVING PK RD","7XX W IRVING PK RD, Chicago, IL","","","unresolved","unknown","street_not_found","","","","","","","","0","","1",""
"7XX W IRVING PRK RD","7XX W IRVING PRK RD, Chicago, IL","","","unresolved","unknown","street_not_found","","","","","","","","0","","1",""
"7XX W JACKSON BLV","7XX W JACKSON BLV, Chicago, IL","","","unresolved","unknown","street_not_found","","","","","","","","0","","1",""
"7XX W LASALLE DR","7XX W LASALLE DR, Chicago, IL","","","unresolved","unknown","no_address_range_match","","","","","","","","0","","1",""
"7XX W LAWRANCE","7XX W LAWRANCE, Chicago, IL","","","unresolved","unknown","street_not_found","","","","","","","","0","","1",""
"80XX  8OTH ST","80XX 8OTH ST, Chicago, IL","","","unresolved","unknown","unparsed_address","","","","","","","","0","","1",""
"80XX 75TH ST","80XX 75TH ST, Chicago, IL","","","unresolved","unknown","unparsed_address","","","","","","","","0","","1",""
"80XX E PERSHING","80XX E PERSHING, Chicago, IL","","","unresolved","unknown","no_address_range_match","","","","","","","","0","","1",""
"80XX S COTTASE GROVE","80XX S COTTASE GROVE, Chicago, IL","","","unresolved","unknown","street_not_found","","","","","","","","0","","1",""
"80XX S RCINE","80XX S RCINE, Chicago, IL","","","unresolved","unknown","street_not_found","","","","","","","","0","","1",""
"80XX S VINNCENES","80XX S VINNCENES, Chicago, IL","","","unresolved","unknown","street_not_found","","","","","","","","0","","1",""
"81XX 75TH ST","81XX 75TH ST, Chicago, IL","","","unresolved","unknown","unparsed_address","","","","","","","","0","","1",""
"81XX N CLARENDON","81XX N CLARENDON, Chicago, IL","","","unresolved","unknown","no_address_range_match","","","","","","","","0","","1",""
"81XX N MARINE DR","81XX N MARINE DR, Chicago, IL","","","unresolved","unknown","no_address_range_match","","","","","","","","0","","1",""
"81XX S COTTAGE","81XX S COTTAGE, Chicago, IL","","","unresolved","unknown","street_not_found","","","","","","","","0","","1",""
"81XX S HALSTED SDT","81XX S HALSTED SDT, Chicago, IL","","","unresolved","unknown","street_not_found","","","","","","","","0","","1",""
"81XX S SHORE DR","81XX S SHORE DR, Chicago, IL","","","unresolved","unknown","no_address_range_match","","","","","","","","0","","1",""
"82XX W DEVON AV","82XX W DEVON AV, Chicago, IL","","","unresolved","unknown","no_address_range_match","","","","","","","","0","","1",""
"83XX W DEVON AV","83XX W DEVON AV, Chicago, IL","","","unresolved","unknown","no_address_range_match","","","","","","","","0","","1",""
"83XX W MADISON","83XX W MADISON, Chicago, IL","","","unresolved","unknown","no_address_range_match","","","","","","","","0","","1",""
"84XX W DIVISION","84XX W DIVISION, Chicago, IL","","","unresolved","unknown","no_address_range_match","","","","","","","","0","","1",""
"85XX E KING DR","85XX E KING DR, Chicago, IL","","","unresolved","unknown","street_not_found","","","","","","","","0","","1",""
"85XX W DEVON AV","85XX W DEVON AV, Chicago, IL","","","unresolved","unknown","no_address_range_match","","","","","","","","0","","1",""
"87XX 87TH ST","87XX 87TH ST, Chicago, IL","","","unresolved","unknown","unparsed_address","","","","","","","","0","","1",""
"87XX E COMMERCIAL","87XX E COMMERCIAL, Chicago, IL","","","unresolved","unknown","street_not_found","","","","","","","","0","","1",""
"87XX N LAKE SHORE","87XX N LAKE SHORE, Chicago, IL","","","unresolved","unknown","no_address_range_match","","","","","","","","0","","1",""
"87XX N LAKE SHORE DR","87XX N LAKE SHORE DR, Chicago, IL","","","unresolved","unknown","no_address_range_match","","","","","","","","0","","1",""
"87XX S STON ISL","87XX S STON ISL, Chicago, IL","","","unresolved","unknown","street_not_found","","","","","","","","0","","1",""
"87XX W GREGPRU ST","87XX W GREGPRU ST, Chicago, IL","","","unresolved","unknown","street_not_found","","","","","","","","0","","1",""
"88XX N MILWAUKEE","88XX N MILWAUKEE, Chicago, IL","","","unresolved","unknown","no_address_range_match","","","","","","","","0","","1",""
"88XX W MADISON","88XX W MADISON, Chicago, IL","","","unresolved","unknown","no_address_range_match","","","","","","","","0","","1",""
"88XX W NORTH AVE","88XX W NORTH AVE, Chicago, IL","","","unresolved","unknown","no_address_range_match","","","","","","","","0","","1",""
"88XX W ROOSEVELT","88XX W ROOSEVELT, Chicago, IL","","","unresolved","unknown","no_address_range_match","","","","","","","","0","","1",""
"89XX 75TH","89XX 75TH, Chicago, IL","","","unresolved","unknown","unparsed_address","","","","","","","","0","","1",""
"89XX 75TH ST","89XX 75TH ST, Chicago, IL","","","unresolved","unknown","unparsed_address","","","","","","","","0","","1",""
"89XX N CLARK ST","89XX N CLARK ST, Chicago, IL","","","unresolved","unknown","no_address_range_match","","","","","","","","0","","1",""
"89XX S STON ISL","89XX S STON ISL, Chicago, IL","","","unresolved","unknown","street_not_found","","","","","","","","0","","1",""
"89XX S STONY","89XX S STONY, Chicago, IL","","","unresolved","unknown","street_not_found","","","","","","","","0","","1",""
"89XX S STONYU ISLAND","89XX S STONYU ISLAND, Chicago, IL","","","unresolved","unknown","street_not_found","","","","","","","","0","","1",""
"8XX E LAWRENCE AV","8XX E LAWRENCE AV, Chicago, IL","","","unresolved","unknown","street_not_found","","","","","","","","0","","1",""
"8XX E MADISON","8XX E MADISON, Chicago, IL","","","unresolved","unknown","no_address_range_match","","","","","","","","0","","1",""
"8XX E SOLIDARITYF DR","8XX E SOLIDARITYF DR, Chicago, IL","","","unresolved","unknown","street_not_found","","","","","","","","0","","1",""
"8XX E SOLIDRITY","8XX E SOLIDRITY, Chicago, IL","","","unresolved","unknown","street_not_found","","","","","","","","0","","1",""
"8XX E SOLIDRITY DR","8XX E SOLIDRITY DR, Chicago, IL","","","unresolved","unknown","street_not_found","","","","","","","","0","","1",""
"8XX N ADDISON ST","8XX N ADDISON ST, Chicago, IL","","","unresolved","unknown","street_not_found","","","","","","","","0","","1",""
"8XX N CLARENDON AVE","8XX N CLARENDON AVE, Chicago, IL","","","unresolved","unknown","no_address_range_match","","","","","","","","0","","1",""
"8XX N DEARBPRME","8XX N DEARBPRME, Chicago, IL","","","unresolved","unknown","street_not_found","","","","","","","","0","","1",""
"8XX N LASALLE ST","8XX N LASALLE ST, Chicago, IL","","","unresolved","unknown","no_address_range_match","","","","","","","","0","","1",""
"8XX N ROSCOE","8XX N ROSCOE, Chicago, IL","","","unresolved","unknown","street_not_found","","","","","","","","0","","1",""
"8XX S CENTRAL TERR","8XX S CENTRAL TERR, Chicago, IL","","","unresolved","unknown","street_not_found","","","","","","","","0","","1",""
"8XX S CLINTON AVE","8XX S CLINTON AVE, Chicago, IL","","","unresolved","unknown","street_not_found","","","","","","","","0","","1",""
"8XX S SOLIDARITY DR","8XX S SOLIDARITY DR, Chicago, IL","","","unresolved","unknown","street_not_found","","","","","","","","0","","1",""
"8XX S WABAASH","8XX S WABAASH, Chicago, IL","","","unresolved","unknown","street_not_found","","","","","","","","0","","1",""
"8XX S WARASH","8XX S WARASH, Chicago, IL","","","unresolved","unknown","street_not_found","","","","","","","","0","","1",""
"8XX W AEMITAGE","8XX W AEMITAGE, Chicago, IL","","","unresolved","unknown","street_not_found","","","","","","","","0","","1",""
"8XX W AMITAGE","8XX W AMITAGE, Chicago, IL","","","unresolved","unknown","street_not_found","","","","","","","","0","","1",""
"8XX W ARMIAGE","8XX W ARMIAGE, Chicago, IL","","","unresolved","unknown","street_not_found","","","","","","","","0","","1",""
"8XX W ARMITGE","8XX W ARMITGE, Chicago, IL","","","unresolved","unknown","street_not_found","","","","","","","","0","","1",""
"8XX W ARMTIAGE","8XX W ARMTIAGE, Chicago, IL","","","unresolved","unknown","street_not_found","","","","","","","","0","","1",""
"8XX W LASALLE","8XX W LASALLE, Chicago, IL","","","unresolved","unknown","no_address_range_match","","","","","","","","0","","1",""
"8XX W MICHIGAN AVE","8XX W MICHIGAN AVE, Chicago, IL","","","unresolved","unknown","street_not_found","","","","","","","","0","","1",""
"8XX W ORLEANS","8XX W ORLEANS, Chicago, IL","","","unresolved","unknown","street_not_found","","","","","","","","0","","1",""
"8XX W ORLEANS ST","8XX W ORLEANS ST, Chicago, IL","","","unresolved","unknown","street_not_found","","","","","","","","0","","1",""
"8XX W VANBUREN","8XX W VANBUREN, Chicago, IL","","","unresolved","unknown","street_not_found","","","","","","","","0","","1",""
"8XX W WESTERN","8XX W WESTERN, Chicago, IL","","","unresolved","unknown","street_not_found","","","","","","","","0","","1",""
"9 XX 15TH ST","9 XX 15TH ST, Chicago, IL","","","unresolved","unknown","unparsed_address","","","","","","","","0","","1",""
"90XX  8TH ST","90XX 8TH ST, Chicago, IL","","","unresolved","unknown","unparsed_address","","","","","","","","0","","1",""
"90XX W MADISON ST","90XX W MADISON ST, Chicago, IL","","","unresolved","unknown","no_address_range_match","","","","","","","","0","","1",""
"91XX N SHERIDAN","91XX N SHERIDAN, Chicago, IL","","","unresolved","unknown","no_address_range_match","","","","","","","","0","","1",""
"91XX S COTTAG GROVE","91XX S COTTAG GROVE, Chicago, IL","","","unresolved","unknown","street_not_found","","","","","","","","0","","1",""
"91XX S HALSTED AVE","91XX S HALSTED AVE, Chicago, IL","","","unresolved","unknown","street_not_found","","","","","","","","0","","1",""
"92XX W DEVON AVE","92XX W DEVON AVE, Chicago, IL","","","unresolved","unknown","no_address_range_match","","","","","","","","0","","1",""
"95XX 35TH","95XX 35TH, Chicago, IL","","","unresolved","unknown","unparsed_address","","","","","","","","0","","1",""
"95XX 75TH ST","95XX 75TH ST, Chicago, IL","","","unresolved","unknown","unparsed_address","","","","","","","","0","","1",""
"96XX S ASHLAND AVE","96XX S ASHLAND AVE, Chicago, IL","","","unresolved","unknown","no_address_range_match","","","","","","","","0","","1",""
"97XX N CLARK ST","97XX N CLARK ST, Chicago, IL","","","unresolved","unknown","no_address_range_match","","","","","","","","0","","1",""
"98XX 22ND ST","98XX 22ND ST, Chicago, IL","","","unresolved","unknown","unparsed_address","","","","","","","","0","","1",""
"98XX 95TH ST","98XX 95TH ST, Chicago, IL","","","unresolved","unknown","unparsed_address","","","","","","","","0","","1",""
"9XX E MARQUETT RD","9XX E MARQUETT RD, Chicago, IL","","","unresolved","unknown","street_not_found","","","","","","","","0","","1",""
"9XX E PAYNE DR","9XX E PAYNE DR, Chicago, IL","","","unresolved","unknown","street_not_found","","","","","","","","0","","1",""
"9XX E SOLIDAIRTY DR","9XX E SOLIDAIRTY DR, Chicago, IL","","","unresolved","unknown","street_not_found","","","","","","","","0","","1",""
"9XX E SOLIDARITTY DR","9XX E SOLIDARITTY DR, Chicago, IL","","","unresolved","unknown","street_not_found","","","","","","","","0","","1",""
"9XX N ADDISON","9XX N ADDISON, Chicago, IL","","","unresolved","unknown","street_not_found","","","","","","","","0","","1",""
"9XX N LASALLE BLVD","9XX N LASALLE BLVD, Chicago, IL","","","unresolved","unknown","street_not_found","","","","","","","","0","","1",""
"9XX N LAWRENCE","9XX N LAWRENCE, Chicago, IL","","","unresolved","unknown","street_not_found","","","","","","","","0","","1",""
"9XX S JEFFERY","9XX S JEFFERY, Chicago, IL","","","unresolved","unknown","no_address_range_match","","","","","","","","0","","1",""
"9XX S PAYNE DR","9XX S PAYNE DR, Chicago, IL","","","unresolved","unknown","no_address_range_match","","","","","","","","0","","1",""
"9XX W ADDISDON","9XX W ADDISDON, Chicago, IL","","","unresolved","unknown","street_not_found","","","","","","","","0","","1",""
"9XX W BELMONT A V","9XX W BELMONT A V, Chicago, IL","","","unresolved","unknown","street_not_found","","","","","","","","0","","1",""
"9XX W HOMAN","9XX W HOMAN, Chicago, IL","","","unresolved","unknown","street_not_found","","","","","","","","0","","1",""
"9XX W ORLEANS ST","9XX W ORLEANS ST, Chicago, IL","","","unresolved","unknown","street_not_found","","","","","","","","0","","1",""
"9XX W RANDLPH","9XX W RANDLPH, Chicago, IL","","","unresolved","unknown","street_not_found","","","","","","","","0","","1",""
"9XX W RUSH ST","9XX W RUSH ST, Chicago, IL","","","unresolved","unknown","street_not_found","","","","","","","","0","","1",""
