orig_location,address_clean,latitude,longitude
1111 S WABANSIA AVE,"1111 S WABANSIA AVE Chicago, IL",41.91398861,-87.66165316
1878468 N WELLS ST,"1878468 N WELLS ST Chicago, IL",41.91544808,-87.63485882
40 E CHICAGO AVE,"40 E CHICAGO AVE Chicago, IL.",41.89675794,-87.62664737
140 W CHICAGO AVE,"140 W CHICAGO AVE Chicago, IL.",41.89665919,-87.63396235
1600 W  CHICAGO AVE,"1600 W  CHICAGO AVE Chicago, IL.",41.89612944,-87.66737021
340 W CHICAGO AVE,"340 W CHICAGO AVE Chicago, IL.",41.8966121,-87.63692634
36 W CHICAGO AVE,"36 W CHICAGO AVE Chicago, IL.",41.89671444,-87.62959082
400 E ILLINOIS ST,"400 E ILLINOIS ST Chicago, IL.",41.89110881,-87.61759217
1 W CHICAGO AVE,"1 W CHICAGO AVE Chicago, IL.",41.89661785,-87.62827422
1400 W  CHICAGO AVE,"1400 W  CHICAGO AVE Chicago, IL.",41.89620741,-87.66248708
340 W GRAND AVE ,"340 W GRAND AVE  Chicago, IL.",41.89160295,-87.63669488
400 E GRAND AVE,"400 E GRAND AVE Chicago, IL.",41.89190844,-87.61761728
600 N WELLS ST ,"600 N WELLS ST  Chicago, IL.",41.89244532,-87.63416869
1438 W CHICAGO AVE,"1438 W CHICAGO AVE Chicago, IL.",41.89618344,-87.66395376
522 N MILWAUKEE AVE,"522 N MILWAUKEE AVE Chicago, IL.",41.89188712,-87.64877271
732 N WELLS ST ,"732 N WELLS ST  Chicago, IL.",41.89567648,-87.63425396
1400 W CHICAGO AVE,"1400 W CHICAGO AVE Chicago, IL.",41.89620741,-87.66248708
1500 W CHICAGO AVE,"1500 W CHICAGO AVE Chicago, IL.",41.89616544,-87.66498071
65 E CHICAGO AVE,"65 E CHICAGO AVE Chicago, IL.",41.89664776,-87.62606409
100 W CHICAGO AVE,"100 W CHICAGO AVE Chicago, IL.",41.89669417,-87.63132366
300 W CHICAGO AVE,"300 W CHICAGO AVE Chicago, IL.",41.89663164,-87.63607957
200 W CHICAGO AVE,"200 W CHICAGO AVE Chicago, IL.",41.89664244,-87.63485322
1518 W CHICAGO AVE,"1518 W CHICAGO AVE Chicago, IL.",41.89615426,-87.66573953
502 N MILWAUKEE AVE,"502 N MILWAUKEE AVE Chicago, IL.",41.89124456,-87.64783136
1429 N WELLS ST,"1429 N WELLS ST Chicago, IL.",41.90819268,-87.63454385
1515 N WELLS ST,"1515 N WELLS ST Chicago, IL.",41.90963628,-87.63458391
212 E GRAND AVE,"212 E GRAND AVE Chicago, IL.",41.89182117,-87.62231298
353 N DESPLAINES ST,"353 N DESPLAINES ST Chicago, IL.",41.88834887,-87.64424081
499 N NEW ST,"499 N NEW ST Chicago, IL.",41.89097485,-87.61853078
747 N WELLS ST,"747 N WELLS ST Chicago, IL.",41.89586144,-87.63410679
158 E GRAND AVE,"158 E GRAND AVE Chicago, IL.",41.89180516,-87.62326497
0 E ILLINOIS ST,"1 E ILLINOIS ST Chicago, IL.",41.89081285,-87.62796278
1364 N WELLS ST,"1364 N WELLS ST Chicago, IL.",41.90730804,-87.63467261
1246 N WELLS ST,"1246 N WELLS ST Chicago, IL.",41.90511001,-87.6346013
812 N WELLS ST,"812 N WELLS ST Chicago, IL.",41.89673761,-87.63428572
916 N WELLS ST,"916 N WELLS ST Chicago, IL.",41.8999265,-87.63440339
1241 N WELLS ST,"1241 N WELLS ST Chicago, IL.",41.90431361,-87.63441947
444 N WELLS ST,"444 N WELLS ST Chicago, IL.",41.89020949,-87.63411199
1469 N HALSTED ST,"1469 N HALSTED ST Chicago, IL.",41.90781413,-87.64811776
928 N WELLS ST,"928 N WELLS ST Chicago, IL.",41.90000834,-87.6344074
370 N DESPLAINES ST,"370 N DESPLAINES ST Chicago, IL.",41.88858046,-87.64439829
1421 N WELLS ST,"1421 N WELLS ST Chicago, IL.",41.9080584,-87.63453986
914 N WELLS ST,"914 N WELLS ST Chicago, IL.",41.89991376,-87.63440295
868 N WELLS ST,"868 N WELLS ST Chicago, IL.",41.8971449,-87.63430039
732 N FAIRBANKS CT,"732 N FAIRBANKS CT Chicago, IL.",41.89529346,-87.62040724
641 W GRAND AVE,"641 W GRAND AVE Chicago, IL.",41.89116385,-87.64468172
1438 W  CHICAGO AVE,"1438 W  CHICAGO AVE Chicago, IL.",41.89618344,-87.66395376
1113 W CHICAGO AVE,"1113 W CHICAGO AVE Chicago, IL.",41.89620385,-87.65568355
588 E GRAND AVE,"588 E GRAND AVE Chicago, IL.",41.89218744,-87.60992725
1100 W CHICAGO AVE,"1100 W CHICAGO AVE Chicago, IL.",41.89631457,-87.65602158
1538 N CLARK ST,"1538 N CLARK ST Chicago, IL.",41.91064366,-87.63173202
1362 N DEARBORN PKWY,"1362 N DEARBORN PKWY Chicago, IL.",41.90717032,-87.63016176
875 N WELLS ST,"875 N WELLS ST Chicago, IL.",41.89798587,-87.63417504
1244 N WELLS ST,"1244 N WELLS ST Chicago, IL.",41.90508849,-87.6346007
215 W ILLINOIS ST,"215 W ILLINOIS ST Chicago, IL.",41.89072176,-87.63469872
1219 N MILWAUKEE AVE,"1219 N MILWAUKEE AVE Chicago, IL.",41.90381499,-87.66708125
1303 N MILWAUKEE AVE,"1303 N MILWAUKEE AVE Chicago, IL.",41.90560759,-87.66988453
1441 N MILWAUKEE AVE,"1441 N MILWAUKEE AVE Chicago, IL.",41.90807449,-87.67375429
1444 N MILWAUKEE AVE,"1444 N MILWAUKEE AVE Chicago, IL.",41.90814119,-87.67409458
1166 N MILWAUKEE AVE,"1166 N MILWAUKEE AVE Chicago, IL.",41.90286428,-87.6658296
60 W KINZIE ST,"60 W KINZIE ST Chicago, IL.",41.88927745,-87.63017564
1100 N WELLS ST,"1100 N WELLS ST Chicago, IL.",41.903005,-87.634557
118 W KINZIE ST,"118 W KINZIE ST Chicago, IL.",41.88926288,-87.63136038
1159 N MILWAUKEE AVE,"1159 N MILWAUKEE AVE Chicago, IL.",41.90295556,-87.66573609
1 E CHICAGO AVE,"1 E CHICAGO AVE Chicago, IL.",41.89663871,-87.62677111
532 N ORLEANS ST,"532 N ORLEANS ST Chicago, IL.",41.89102398,-87.63709411
323 E RANDOLPH ST,"323 E RANDOLPH ST Chicago, IL.",41.88425185,-87.62035146
16 W GRAND AVE,"16 W GRAND AVE Chicago, IL.",41.89171944,-87.62835585
1212 N WELLS ST,"1212 N WELLS ST Chicago, IL.",41.90425687,-87.63457155
1306 N DEARBORN PKWY,"1306 N DEARBORN PKWY Chicago, IL.",41.90601377,-87.63012651
1111 N WELLS ST,"1111 N WELLS ST Chicago, IL.",41.90283041,-87.63436297
162 W KINZIE ST,"162 W KINZIE ST Chicago, IL.",41.88925253,-87.6319005
160 W KINZIE ST,"160 W KINZIE ST Chicago, IL.",41.88925299,-87.6318759
802 N DEARBORN ST,"802 N DEARBORN ST Chicago, IL.",41.89673929,-87.62985372
111 W KINZIE ST,"111 W KINZIE ST Chicago, IL.",41.88914099,-87.63173672
1239 N BURLING ST,"1239 N BURLING ST Chicago, IL.",41.90417955,-87.6478491
9 W KINZIE ST,"9 W KINZIE ST Chicago, IL.",41.88919106,-87.62842902
1309 W CHICAGO AVE,"1309 W CHICAGO AVE Chicago, IL.",41.89613185,-87.66003521
1232 W HUBBARD ST,"1232 W HUBBARD ST Chicago, IL.",41.89003113,-87.65857559
11 W GRAND AVE,"11 W GRAND AVE Chicago, IL.",41.89160389,-87.62848645
108 W KINZIE ST,"108 W KINZIE ST Chicago, IL.",41.88926639,-87.63123745
1448 N HALSTED ST,"1448 N HALSTED ST Chicago, IL.",41.90769567,-87.64826984
1503 N HALSTED ST,"1503 N HALSTED ST Chicago, IL.",41.91007889,-87.64817411
739 N CLARK ST,"739 N CLARK ST Chicago, IL.",41.89579447,-87.63114782
548 N CLARK ST,"548 N CLARK ST Chicago, IL.",41.89179078,-87.63120834
519 N CLARK ST,"519 N CLARK ST Chicago, IL.",41.89133334,-87.63104041
413 N CLARK ST,"413 N CLARK ST Chicago, IL.",41.88967722,-87.63099685
353 N CLARK ST,"353 N CLARK ST Chicago, IL.",41.88854722,-87.63096878
501 N DEARBORN ST,"501 N DEARBORN ST Chicago, IL.",41.89089261,-87.62955289
672 N DEARBORN ST,"672 N DEARBORN ST Chicago, IL.",41.89435209,-87.62980054
706 N DEARBORN ST,"706 N DEARBORN ST Chicago, IL.",41.89505937,-87.62981115
710 N DEARBORN ST,"710 N DEARBORN ST Chicago, IL.",41.89515742,-87.6298159
822 N DEARBORN ST,"822 N DEARBORN ST Chicago, IL.",41.89698602,-87.62985659
852 N DEARBORN ST,"852 N DEARBORN ST Chicago, IL.",41.89735888,-87.62987058
1251 N WELLS ST,"1251 N WELLS ST Chicago, IL.",41.90441305,-87.63442288
1207 N WELLS ST,"1207 N WELLS ST Chicago, IL.",41.90397584,-87.63440717
1001 N DEARBORN ST,"1001 N DEARBORN ST Chicago, IL.",41.90063089,-87.62981427
1015 N DEARBORN ST,"1015 N DEARBORN ST Chicago, IL.",41.90079965,-87.62982009
1023 N DEARBORN ST,"1023 N DEARBORN ST Chicago, IL.",41.90089463,-87.62982127
1239 N DEARBORN PKWY,"1239 N DEARBORN PKWY Chicago, IL.",41.9046636,-87.62993048
124 W KINZIE ST,"124 W KINZIE ST Chicago, IL.",41.88926135,-87.63143316
1538 N CLYBOURN AVE,"1538 N CLYBOURN AVE Chicago, IL.",41.90956312,-87.64774894
1559 N WELLS ST,"1559 N WELLS ST Chicago, IL.",41.91037482,-87.63460629
658 N WELLS ST ,"658 N WELLS ST  Chicago, IL.",41.89408186,-87.63421235
1418 N CLARK ST,"1418 N CLARK ST Chicago, IL.",41.90833648,-87.63165903
889 N CLARK ST,"889 N CLARK ST Chicago, IL.",41.89779107,-87.63119675
753 N CLARK ST,"753 N CLARK ST Chicago, IL.",41.89597845,-87.63115195
747 N CLARK ST,"747 N CLARK ST Chicago, IL.",41.89589962,-87.63115016
6 W GRAND AVE,"6 W GRAND AVE Chicago, IL.",41.89172229,-87.62821199
525 E GRAND AVE,"525 E GRAND AVE Chicago, IL.",41.89193892,-87.61143275
1035 N DEARBORN ST,"1035 N DEARBORN ST Chicago, IL.",41.90104043,-87.62982434
1125 N DEARBORN ST,"1125 N DEARBORN ST Chicago, IL.",41.90259659,-87.6298711
1463 N HALSTED ST,"1463 N HALSTED ST Chicago, IL.",41.90767363,-87.6481155
1447 N DEARBORN PKWY,"1447 N DEARBORN PKWY Chicago, IL.",41.90861001,-87.6300514
1162 N CLARK ST,"1162 N CLARK ST Chicago, IL.",41.9032274,-87.6315034
1160 N CLARK ST,"1160 N CLARK ST Chicago, IL.",41.90319317,-87.6315024
732 N ORLEANS ST,"732 N ORLEANS ST Chicago, IL.",41.89509606,-87.63721015
400 S DEARBORN ST,"400 S DEARBORN ST Chicago, IL.",41.87684301,-87.62933973
24 N DEARBORN ST,"24 N DEARBORN ST Chicago, IL.",41.88216173,-87.62948206
834 W HUBBARD ST,"834 W HUBBARD ST Chicago, IL.",41.89012797,-87.64868739
1165 N MILWAUKEE AVE,"1165 N MILWAUKEE AVE Chicago, IL.",41.90301705,-87.66583237
1566 N MILWAUKEE AVE,"1566 N MILWAUKEE AVE Chicago, IL.",41.90988584,-87.67673513
1129 N DEARBORN ST,"1129 N DEARBORN ST Chicago, IL.",41.90270825,-87.62987435
1131 N DEARBORN ST,"1131 N DEARBORN ST Chicago, IL.",41.90276408,-87.62987597
1472 N HALSTED ST,"1472 N HALSTED ST Chicago, IL.",41.90808879,-87.64828001
1039 N WELLS ST,"1039 N WELLS ST Chicago, IL.",41.90148205,-87.63431225
1424 N DEARBORN PKWY,"1424 N DEARBORN PKWY Chicago, IL.",41.90827331,-87.6301944
169 W KINZIE ST,"169 W KINZIE ST Chicago, IL.",41.88911631,-87.63336552
114 W KINZIE ST,"114 W KINZIE ST Chicago, IL.",41.88926428,-87.63131121
130 E CHICAGO AVE,"130 E CHICAGO AVE Chicago, IL.",41.89676844,-87.62527374
122 E CHICAGO AVE,"122 E CHICAGO AVE Chicago, IL.",41.89676844,-87.62531521
15 W CHICAGO AVE,"15 W CHICAGO AVE Chicago, IL.",41.89661125,-87.62885748
322 W CHICAGO AVE,"322 W CHICAGO AVE Chicago, IL.",41.89662089,-87.63654529
726 N STATE ST,"726 N STATE ST Chicago, IL.",41.89515979,-87.62823914
493 W CHICAGO AVE,"493 W CHICAGO AVE Chicago, IL.",41.89643785,-87.64123408
491 W CHICAGO AVE,"491 W CHICAGO AVE Chicago, IL.",41.89643785,-87.64121934
425 W CHICAGO AVE,"425 W CHICAGO AVE Chicago, IL.",41.89676174,-87.61830815
453 W CHICAGO AVE,"453 W CHICAGO AVE Chicago, IL.",41.89645338,-87.64036369
400 N CLARK ST,"400 N CLARK ST Chicago, IL.",41.88927024,-87.63113779
538 N RUSH ST,"538 N RUSH ST Chicago, IL.",41.89188836,-87.62544847
211 W CHICAGO AVE,"211 W CHICAGO AVE Chicago, IL.",41.89652785,-87.63489996
704 S WABASH AVE,"704 S WABASH AVE Chicago, IL.",41.87301661,-87.62604032
39 E CHICAGO AVE,"39 E CHICAGO AVE Chicago, IL.",41.89664485,-87.62635471
58 E CHICAGO AVE,"58 E CHICAGO AVE Chicago, IL.",41.89675944,-87.626348
6 W CHICAGO AVE,"6 W CHICAGO AVE Chicago, IL.",41.89673244,-87.62840287
10 W CHICAGO AVE,"10 W CHICAGO AVE Chicago, IL.",41.89673205,-87.62853348
122 W KINZIE ST,"122 W KINZIE ST Chicago, IL.",41.88926181,-87.63140857
116 W KINZIE ST,"116 W KINZIE ST Chicago, IL.",41.88926358,-87.6313358
600 S FINANCIAL PL,"600 S FINANCIAL PL Chicago, IL.",41.87369104,-87.63267538
100 N DEARBORN ST,"100 N DEARBORN ST Chicago, IL.",41.8845359,-87.62953623
412 N WELLS ST,"412 N WELLS ST Chicago, IL.",41.889574,-87.63409721
51 W KINZIE ST,"51 W KINZIE ST Chicago, IL.",41.88916502,-87.629961
125 W KINZIE ST,"125 W KINZIE ST Chicago, IL.",41.88912985,-87.63274837
1364 W HUBBARD ST,"1364 W HUBBARD ST Chicago, IL.",41.89000044,-87.66130449
1100 N DEARBORN ST,"1100 N DEARBORN ST Chicago, IL.",41.9019239,-87.63000425
320 W ILLINOIS ST,"320 W ILLINOIS ST Chicago, IL.",41.8908081,-87.63639828
343 S DEARBORN ST,"343 S DEARBORN ST Chicago, IL.",41.8776204,-87.62920516
267 S DEARBORN ST,"267 S DEARBORN ST Chicago, IL.",41.87860769,-87.62924448
131 S DEARBORN ST,"131 S DEARBORN ST Chicago, IL.",41.87986184,-87.62928023
116 N DEARBORN ST,"116 N DEARBORN ST Chicago, IL.",41.88465722,-87.6295405
136 N DEARBORN ST,"136 N DEARBORN ST Chicago, IL.",41.88480882,-87.62954572
144 N DEARBORN ST,"144 N DEARBORN ST Chicago, IL.",41.88486928,-87.62954782
1 N DEARBORN ST,"1 N DEARBORN ST Chicago, IL.",41.8823036,-87.6291552
455 N PARK DR,"455 N PARK DR Chicago, IL.",41.89009444,-87.61952771
40 N DEARBORN ST,"40 N DEARBORN ST Chicago, IL.",41.88224163,-87.62948505
1309 N WELLS ST,"1309 N WELLS ST Chicago, IL.",41.90600019,-87.63447288
935 N DEARBORN ST,"935 N DEARBORN ST Chicago, IL.",41.89924964,-87.62976277
65 W ILLINOIS ST,"65 W ILLINOIS ST Chicago, IL.",41.89076953,-87.63023324
1245 N DEARBORN PKWY,"1245 N DEARBORN PKWY Chicago, IL.",41.90477175,-87.62993351
184 W KINZIE ST,"184 W KINZIE ST Chicago, IL.",41.88924742,-87.63217105
1000 N CLARK ST,"1000 N CLARK ST Chicago, IL.",41.9006107,-87.63142971
1130 N STATE ST,"1130 N STATE ST Chicago, IL.",41.90276711,-87.62855539
49 E OAK ST,"49 E OAK ST Chicago, IL.",41.9007133,-87.62681929
105 E OAK ST,"105 E OAK ST Chicago, IL.",41.9007325,-87.62551541
1311 N HALSTED ST,"1311 N HALSTED ST Chicago, IL.",41.9052763,-87.6480493
8 W CHICAGO AVE,"8 W CHICAGO AVE Chicago, IL.",41.89673244,-87.62846719
18 W CHICAGO AVE,"18 W CHICAGO AVE Chicago, IL.",41.89672715,-87.62879069
214 W INSTITUTE PL,"214 W INSTITUTE PL Chicago, IL.",41.89747213,-87.63447442
812 N FRANKLIN ST,"812 N FRANKLIN ST Chicago, IL.",41.89723263,-87.63578439
115 W KINZIE ST,"115 W KINZIE ST Chicago, IL.",41.88913644,-87.63197776
1502 N WELLS ST,"1502 N WELLS ST Chicago, IL.",41.90943258,-87.63473287
69 W ILLINOIS ST,"69 W ILLINOIS ST Chicago, IL.",41.89077683,-87.63031673
465 N PARK DR,"465 N PARK DR Chicago, IL.",41.89053382,-87.61953985
1220 N WELLS ST,"1220 N WELLS ST Chicago, IL.",41.90448617,-87.6345794
870 N WELLS ST,"870 N WELLS ST Chicago, IL.",41.89715946,-87.63430092
816 N WELLS ST,"816 N WELLS ST Chicago, IL.",41.89676637,-87.63428662
814 N WELLS ST,"814 N WELLS ST Chicago, IL.",41.89675217,-87.63428613
712 N WELLS ST,"712 N WELLS ST Chicago, IL.",41.89514443,-87.63423757
1117 N DEARBORN ST,"1117 N DEARBORN ST Chicago, IL.",41.90237327,-87.62986461
500 S DEARBORN ST,"500 S DEARBORN ST Chicago, IL.",41.87582289,-87.62932047
1409 N DEARBORN PKWY,"1409 N DEARBORN PKWY Chicago, IL.",41.90803304,-87.63003324
1430 N DEARBORN PKWY,"1430 N DEARBORN PKWY Chicago, IL.",41.90836438,-87.63019738
144 S DEARBORN ST,"144 S DEARBORN ST Chicago, IL.",41.87978593,-87.62943326
0 N DEARBORN ST,"1 N DEARBORN ST Chicago, IL.",41.8823036,-87.6291552
1031 N CLARK ST,"1031 N CLARK ST Chicago, IL.",41.90097161,-87.6312838
250 N DEARBORN ST,"250 N DEARBORN ST Chicago, IL.",41.88632487,-87.62959308
1465 N HALSTED ST,"1465 N HALSTED ST Chicago, IL.",41.90772046,-87.64811625
401 N CLARK ST,"401 N CLARK ST Chicago, IL.",41.88927261,-87.63098389
1319 W CHICAGO AVE,"1319 W CHICAGO AVE Chicago, IL.",41.89612523,-87.6602562
745 N WELLS ST,"745 N WELLS ST Chicago, IL.",41.89583542,-87.63410621
714 N DEARBORN ST,"714 N DEARBORN ST Chicago, IL.",41.89525547,-87.62982064
808 N DEARBORN ST,"808 N DEARBORN ST Chicago, IL.",41.89681385,-87.62985372
812 N DEARBORN ST,"812 N DEARBORN ST Chicago, IL.",41.89686356,-87.62985372
1025 N DEARBORN ST,"1025 N DEARBORN ST Chicago, IL.",41.90091875,-87.62982127
1394 N CLARK ST,"1394 N CLARK ST Chicago, IL.",41.90707322,-87.63162439
1335 N CLARK ST,"1335 N CLARK ST Chicago, IL.",41.90615958,-87.63159732
620 S FEDERAL ST,"620 S FEDERAL ST Chicago, IL.",41.87432361,-87.62973937
641 S LA SALLE ST,"641 S LA SALLE ST Chicago, IL.",41.87400644,-87.63159928
631 S LA SALLE ST,"631 S LA SALLE ST Chicago, IL.",41.87411792,-87.63160316
628 S PLYMOUTH CT,"628 S PLYMOUTH CT Chicago, IL.",41.87419555,-87.6287579
652 S PLYMOUTH CT,"652 S PLYMOUTH CT Chicago, IL.",41.87394657,-87.62875303
194 W KINZIE ST,"194 W KINZIE ST Chicago, IL.",41.8892451,-87.63229404
186 W KINZIE ST,"186 W KINZIE ST Chicago, IL.",41.88924696,-87.63219565
1142 N STATE ST,"1142 N STATE ST Chicago, IL.",41.90306246,-87.62866477
20 W KINZIE ST,"20 W KINZIE ST Chicago, IL.",41.88929672,-87.62889498
151 W ADAMS ST,"151 W ADAMS ST Chicago, IL.",41.87933491,-87.6328713
182 W ADAMS ST,"182 W ADAMS ST Chicago, IL.",41.87944344,-87.63346409
133 W ADAMS ST,"133 W ADAMS ST Chicago, IL.",41.87933834,-87.63256716
137 W ADAMS ST,"137 W ADAMS ST Chicago, IL.",41.87933732,-87.63263639
48 S CLINTON ST,"48 S CLINTON ST Chicago, IL.",41.88153818,-87.64125932
102 S CLINTON ST,"102 S CLINTON ST Chicago, IL.",41.88049546,-87.64122724
422 W JACKSON BLVD,"422 W JACKSON BLVD Chicago, IL.",41.87811179,-87.63850269
163 W JACKSON BLVD,"163 W JACKSON BLVD Chicago, IL.",41.87806617,-87.63310887
200 W KINZIE ST,"200 W KINZIE ST Chicago, IL.",41.88922091,-87.63409048
669 N CLARK ST,"669 N CLARK ST Chicago, IL.",41.89440593,-87.63111682
549 N CLARK ST,"549 N CLARK ST Chicago, IL.",41.89142225,-87.6310437
1419 W TAYLOR ST,"1419 W TAYLOR ST Chicago, IL.",41.86926949,-87.66241343
1109 W TAYLOR ST,"1109 W TAYLOR ST Chicago, IL.",41.86939285,-87.65464808
1066 W TAYLOR ST,"1066 W TAYLOR ST Chicago, IL.",41.8695234,-87.65354602
1344 W TAYLOR ST,"1344 W TAYLOR ST Chicago, IL.",41.8694098,-87.66080807
1441 W TAYLOR ST,"1441 W TAYLOR ST Chicago, IL.",41.86925824,-87.663105
1417 W TAYLOR ST,"1417 W TAYLOR ST Chicago, IL.",41.86927042,-87.66233601
1413 W TAYLOR ST,"1413 W TAYLOR ST Chicago, IL.",41.8692723,-87.66218117
1213 W TAYLOR ST,"1213 W TAYLOR ST Chicago, IL.",41.86933056,-87.65845663
20 W POLK ST,"20 W POLK ST Chicago, IL.",41.87235144,-87.62830558
22 W POLK ST,"22 W POLK ST Chicago, IL.",41.87235144,-87.62836846
36 W DIVISION ST,"36 W DIVISION ST Chicago, IL.",41.90398383,-87.62960254
6 W KINZIE ST,"6 W KINZIE ST Chicago, IL.",41.88930744,-87.62827526
619 S LA SALLE ST,"619 S LA SALLE ST Chicago, IL.",41.8742517,-87.63160783
601 S LA SALLE ST,"601 S LA SALLE ST Chicago, IL.",41.87445236,-87.63161483
65 S DEARBORN ST,"65 S DEARBORN ST Chicago, IL.",41.88147927,-87.62930922
616 S DESPLAINES ST,"616 S DESPLAINES ST Chicago, IL.",41.87418017,-87.64396076
300 S DEARBORN ST,"300 S DEARBORN ST Chicago, IL.",41.8781124,-87.6293747
429 N CLARK ST,"429 N CLARK ST Chicago, IL.",41.88996805,-87.63100321
407 N CLARK ST,"407 N CLARK ST Chicago, IL.",41.88944728,-87.63098939
1500 N CLARK ST,"1500 N CLARK ST Chicago, IL.",41.90949146,-87.63168454
425 S DEARBORN ST,"425 S DEARBORN ST Chicago, IL.",41.87658066,-87.62917625
337 S DEARBORN ST,"337 S DEARBORN ST Chicago, IL.",41.87769108,-87.62920726
263 S DEARBORN ST,"263 S DEARBORN ST Chicago, IL.",41.8786548,-87.6292471
212 N CLARK ST,"212 N CLARK ST Chicago, IL.",41.88584949,-87.63105526
208 N CLARK ST,"208 N CLARK ST Chicago, IL.",41.88583291,-87.63105521
600 N STATE ST,"600 N STATE ST Chicago, IL.",41.89252503,-87.62817622
222 S CLARK ST,"222 S CLARK ST Chicago, IL.",41.8790327,-87.63088716
13 E ILLINOIS ST,"13 E ILLINOIS ST Chicago, IL.",41.89081285,-87.62781624
625 S FEDERAL ST,"625 S FEDERAL ST Chicago, IL.",41.87423078,-87.62958265
611 S FEDERAL ST,"611 S FEDERAL ST Chicago, IL.",41.87437566,-87.629587
665 N WELLS ST,"665 N WELLS ST Chicago, IL.",41.89393704,-87.6340542
540 N MICHIGAN AVE,"540 N MICHIGAN AVE Chicago, IL.",41.89192721,-87.62433758
1209 N WELLS ST,"1209 N WELLS ST Chicago, IL.",41.90399573,-87.634408
1535 N WELLS ST,"1535 N WELLS ST Chicago, IL.",41.90997198,-87.63459408
1029 N DEARBORN ST,"1029 N DEARBORN ST Chicago, IL.",41.9009681,-87.62982244
1365 N DEARBORN PKWY,"1365 N DEARBORN PKWY Chicago, IL.",41.90717579,-87.63000792
1425 N DEARBORN PKWY,"1425 N DEARBORN PKWY Chicago, IL.",41.9082761,-87.63004047
1451 N DEARBORN PKWY,"1451 N DEARBORN PKWY Chicago, IL.",41.90867072,-87.63005338
1165 N CLARK ST,"1165 N CLARK ST Chicago, IL.",41.90343658,-87.63135555
921 N DEARBORN ST,"921 N DEARBORN ST Chicago, IL.",41.89970021,-87.62977805
1154 N WELLS ST,"1154 N WELLS ST Chicago, IL.",41.90340527,-87.6345375
51 E ILLINOIS ST,"51 E ILLINOIS ST Chicago, IL.",41.89081386,-87.6273501
450 E GRAND AVE,"450 E GRAND AVE Chicago, IL.",41.89191742,-87.61673346
1016 N DEARBORN ST,"1016 N DEARBORN ST Chicago, IL.",41.90082082,-87.62997483
1541 N WELLS ST,"1541 N WELLS ST Chicago, IL.",41.91007269,-87.63459713
1134 N DEARBORN ST,"1134 N DEARBORN ST Chicago, IL.",41.90287326,-87.63003314
1146 W HUBBARD ST,"1146 W HUBBARD ST Chicago, IL.",41.89005444,-87.65642171
1221 N DEARBORN PKWY,"1221 N DEARBORN PKWY Chicago, IL.",41.90433914,-87.6299214
0 S STATE ST,"1 S STATE ST Chicago, IL.",41.8816522,-87.62768203
6 E KINZIE ST,"6 E KINZIE ST Chicago, IL.",41.88931529,-87.62779187
15 E KINZIE ST,"15 E KINZIE ST Chicago, IL.",41.88920592,-87.62739565
1201 N CLARK ST,"1201 N CLARK ST Chicago, IL.",41.86724305,-87.63035524
1434 W HUBBARD ST,"1434 W HUBBARD ST Chicago, IL.",41.88999867,-87.66364785
135 S CLARK ST,"135 S CLARK ST Chicago, IL.",41.87983738,-87.63075471
125 S CLARK ST,"125 S CLARK ST Chicago, IL.",41.87989457,-87.63075598
840 N WABASH AVE,"840 N WABASH AVE Chicago, IL.",41.8978787,-87.62696233
708 S CLARK ST,"708 S CLARK ST Chicago, IL.",41.87299472,-87.63070772
714 S CLARK ST,"714 S CLARK ST Chicago, IL.",41.87294756,-87.63070639
46 W CHICAGO AVE,"46 W CHICAGO AVE Chicago, IL.",41.89671015,-87.62991769
1111 S STATE ST,"1111 S STATE ST Chicago, IL.",41.86896235,-87.62730982
1011 S STATE ST,"1011 S STATE ST Chicago, IL.",41.86981253,-87.62733281
1001 S STATE ST,"1001 S STATE ST Chicago, IL.",41.86987175,-87.62733281
927 S STATE ST,"927 S STATE ST Chicago, IL.",41.87031046,-87.62734063
11 E 9TH ST,"11 E 9TH ST Chicago, IL.",41.87046565,-87.6272055
15 E 9TH ST,"15 E 9TH ST Chicago, IL.",41.87046686,-87.62715009
1548 N WELLS ST,"1548 N WELLS ST Chicago, IL.",41.91020439,-87.63475514
1458 N CLARK ST,"1458 N CLARK ST Chicago, IL.",41.90885795,-87.63167152
61 E 9TH ST,"61 E 9TH ST Chicago, IL.",41.87048448,-87.62642925
837 S STATE ST,"837 S STATE ST Chicago, IL.",41.87132142,-87.62736665
825 S STATE ST,"825 S STATE ST Chicago, IL.",41.87146497,-87.62737087
1522 N HALSTED ST,"1522 N HALSTED ST Chicago, IL.",41.90889649,-87.64829917
750 S STATE ST,"750 S STATE ST Chicago, IL.",41.87268676,-87.62771246
652 S STATE ST,"652 S STATE ST Chicago, IL.",41.87446114,-87.6277432
1120 N STATE ST,"1120 N STATE ST Chicago, IL.",41.902521,-87.62846423
614 S PLYMOUTH CT,"614 S PLYMOUTH CT Chicago, IL.",41.87434079,-87.62876073
618 S PLYMOUTH CT,"618 S PLYMOUTH CT Chicago, IL.",41.87429929,-87.62875992
640 S PLYMOUTH CT,"640 S PLYMOUTH CT Chicago, IL.",41.87407106,-87.62875547
680 S PLYMOUTH CT,"680 S PLYMOUTH CT Chicago, IL.",41.87365609,-87.62874736
694 S PLYMOUTH CT,"694 S PLYMOUTH CT Chicago, IL.",41.87351085,-87.62874452
507 N CLARK ST,"507 N CLARK ST Chicago, IL.",41.89129778,-87.63103909
408 N CLARK ST,"408 N CLARK ST Chicago, IL.",41.88956029,-87.63114756
25 W HUBBARD ST,"25 W HUBBARD ST Chicago, IL.",41.88998485,-87.62932248
15 W HUBBARD ST,"15 W HUBBARD ST Chicago, IL.",41.88999387,-87.62880494
11 E HUBBARD ST,"11 E HUBBARD ST Chicago, IL.",41.89001185,-87.62781009
1311 N WELLS ST,"1311 N WELLS ST Chicago, IL.",41.90605321,-87.63447492
751 S CLARK ST,"751 S CLARK ST Chicago, IL.",41.87266696,-87.63054456
729 S CLARK ST,"729 S CLARK ST Chicago, IL.",41.8728399,-87.63054944
645 S CLARK ST,"645 S CLARK ST Chicago, IL.",41.87364295,-87.63057243
912 N WELLS ST,"912 N WELLS ST Chicago, IL.",41.89990012,-87.63440257
918 N WELLS ST,"918 N WELLS ST Chicago, IL.",41.89994014,-87.63440406
932 N STATE ST,"932 N STATE ST Chicago, IL.",41.89941803,-87.62835059
84 W POLK ST,"84 W POLK ST Chicago, IL.",41.87232444,-87.63023787
864 N CLARK ST,"864 N CLARK ST Chicago, IL.",41.89814976,-87.63136174
826 N CLARK ST,"826 N CLARK ST Chicago, IL.",41.89728164,-87.63133831
816 N CLARK ST,"816 N CLARK ST Chicago, IL.",41.89705617,-87.63133324
742 S DEARBORN ST,"742 S DEARBORN ST Chicago, IL.",41.87289781,-87.6292306
714 S DEARBORN ST,"714 S DEARBORN ST Chicago, IL.",41.87317625,-87.62923973
700 S DEARBORN ST,"700 S DEARBORN ST Chicago, IL.",41.87331547,-87.6292443
550 S DEARBORN ST,"550 S DEARBORN ST Chicago, IL.",41.87507253,-87.62929749
74 S DEARBORN ST,"74 S DEARBORN ST Chicago, IL.",41.88153699,-87.62946561
417 N WELLS ST,"417 N WELLS ST Chicago, IL.",41.89013902,-87.63395671
401 N WELLS ST,"401 N WELLS ST Chicago, IL.",41.87679251,-87.63361713
88 W MONROE ST,"88 W MONROE ST Chicago, IL.",41.88079344,-87.62863678
86 W MONROE ST,"86 W MONROE ST Chicago, IL.",41.88079344,-87.62863208
82 W MONROE ST,"82 W MONROE ST Chicago, IL.",41.88079344,-87.62862268
55 W MONROE ST,"55 W MONROE ST Chicago, IL.",41.88066085,-87.62964904
427 S DEARBORN ST,"427 S DEARBORN ST Chicago, IL.",41.87655857,-87.62917582
19 N DEARBORN ST,"19 N DEARBORN ST Chicago, IL.",41.88264894,-87.62934637
33 N DEARBORN ST,"33 N DEARBORN ST Chicago, IL.",41.88273757,-87.62934953
11 E ILLINOIS ST,"11 E ILLINOIS ST Chicago, IL.",41.89081285,-87.62784066
1135 N WELLS ST,"1135 N WELLS ST Chicago, IL.",41.90316345,-87.63437417
0 E GRAND AVE,"1 E GRAND AVE Chicago, IL.",41.89163185,-87.62663978
5 W GRAND AVE,"5 W GRAND AVE Chicago, IL.",41.89160485,-87.62828369
110 W GRAND AVE,"110 W GRAND AVE Chicago, IL.",41.89167486,-87.63142414
1163 N DEARBORN ST,"1163 N DEARBORN ST Chicago, IL.",41.90343053,-87.62989235
222 S COLUMBUS DR,"222 S COLUMBUS DR Chicago, IL.",41.87897167,-87.62080447
256 S COLUMBUS DR,"256 S COLUMBUS DR Chicago, IL.",41.87871082,-87.62079656
28 W KINZIE ST,"28 W KINZIE ST Chicago, IL.",41.88928994,-87.62924796
232 E GRAND AVE,"232 E GRAND AVE Chicago, IL.",41.89183252,-87.62184758
355 E GRAND AVE,"355 E GRAND AVE Chicago, IL.",41.89175785,-87.61936726
176 W HUBBARD ST,"176 W HUBBARD ST Chicago, IL.",41.89004995,-87.63317907
1355 N DEARBORN PKWY,"1355 N DEARBORN PKWY Chicago, IL.",41.90699303,-87.63000221
1510 N HALSTED ST,"1510 N HALSTED ST Chicago, IL.",41.90875072,-87.64829515
1523 N HALSTED ST,"1523 N HALSTED ST Chicago, IL.",41.91024284,-87.64817818
8 E KINZIE ST,"8 E KINZIE ST Chicago, IL.",41.88931696,-87.62771125
66 W KINZIE ST,"66 W KINZIE ST Chicago, IL.",41.88927615,-87.63030317
1030 N STATE ST,"1030 N STATE ST Chicago, IL.",41.90123952,-87.62840503
39 W HARRISON ST,"39 W HARRISON ST Chicago, IL.",41.87447075,-87.6300727
1114 W HUBBARD ST,"1114 W HUBBARD ST Chicago, IL.",41.89006344,-87.65547586
911 S WABASH AVE,"911 S WABASH AVE Chicago, IL.",41.87045053,-87.62582796
59 E 9TH ST,"59 E 9TH ST Chicago, IL.",41.87048406,-87.62645282
1461 N MILWAUKEE AVE,"1461 N MILWAUKEE AVE Chicago, IL.",41.90828483,-87.67408149
1456 N MILWAUKEE AVE,"1456 N MILWAUKEE AVE Chicago, IL.",41.90833851,-87.6743984
1452 N MILWAUKEE AVE,"1452 N MILWAUKEE AVE Chicago, IL.",41.90827284,-87.67429711
1440 N DEARBORN PKWY,"1440 N DEARBORN PKWY Chicago, IL.",41.90851615,-87.63020235
1438 N DEARBORN PKWY,"1438 N DEARBORN PKWY Chicago, IL.",41.9084858,-87.63020135
22 E 8TH ST,"22 E 8TH ST Chicago, IL.",41.87186652,-87.62727231
1218 N MILWAUKEE AVE,"1218 N MILWAUKEE AVE Chicago, IL.",41.90422842,-87.66795978
40 E 8TH ST,"40 E 8TH ST Chicago, IL.",41.87186868,-87.62717531
38 E 8TH ST,"38 E 8TH ST Chicago, IL.",41.87186844,-87.62718609
1036 N DEARBORN ST,"1036 N DEARBORN ST Chicago, IL.",41.9010623,-87.6299789
204 E GRAND AVE,"204 E GRAND AVE Chicago, IL.",41.89181844,-87.62249665
534 N RUSH ST,"534 N RUSH ST Chicago, IL.",41.89185073,-87.62544822
481 W JACKSON BLVD,"481 W JACKSON BLVD Chicago, IL.",41.87798842,-87.63924864
465 W JACKSON BLVD,"465 W JACKSON BLVD Chicago, IL.",41.87799078,-87.63904157
414 W JACKSON BLVD,"414 W JACKSON BLVD Chicago, IL.",41.8781153,-87.63839925
60 E CHICAGO AVE,"60 E CHICAGO AVE Chicago, IL.",41.89675944,-87.62631515
54 E CHICAGO AVE,"54 E CHICAGO AVE Chicago, IL.",41.89675944,-87.62641371
50 E CHICAGO AVE,"50 E CHICAGO AVE Chicago, IL.",41.89675944,-87.62647941
30 E CHICAGO AVE,"30 E CHICAGO AVE Chicago, IL.",41.89675044,-87.62692872
14 W CHICAGO AVE,"14 W CHICAGO AVE Chicago, IL.",41.8967296,-87.62866208
30 W CHICAGO AVE,"30 W CHICAGO AVE Chicago, IL.",41.89672082,-87.62926759
112 W CHICAGO AVE,"112 W CHICAGO AVE Chicago, IL.",41.89668744,-87.63163045
118 W CHICAGO AVE,"118 W CHICAGO AVE Chicago, IL.",41.89668326,-87.63189296
124 W CHICAGO AVE,"124 W CHICAGO AVE Chicago, IL.",41.89667082,-87.63240177
134 N FRANKLIN ST,"134 N FRANKLIN ST Chicago, IL.",41.88477613,-87.6354652
306 W CHICAGO AVE,"306 W CHICAGO AVE Chicago, IL.",41.89662871,-87.63620658
402 W CHICAGO AVE,"402 W CHICAGO AVE Chicago, IL.",41.89658844,-87.63876307
460 W CHICAGO AVE,"460 W CHICAGO AVE Chicago, IL.",41.89658248,-87.6393978
470 W CHICAGO AVE,"470 W CHICAGO AVE Chicago, IL.",41.89658114,-87.63950702
316 N ORLEANS ST,"316 N ORLEANS ST Chicago, IL.",41.88779095,-87.63626984
340 N STATE ST,"340 N STATE ST Chicago, IL.",41.88840319,-87.62811106
116 E LAKE ST,"116 E LAKE ST Chicago, IL.",41.88582444,-87.62383629
401 W CHICAGO AVE,"401 W CHICAGO AVE Chicago, IL.",41.89647385,-87.63874122
371 W CHICAGO AVE,"371 W CHICAGO AVE Chicago, IL.",41.89648712,-87.63789515
357 W CHICAGO AVE,"357 W CHICAGO AVE Chicago, IL.",41.89649036,-87.63759228
128 E LAKE ST,"128 E LAKE ST Chicago, IL.",41.88582444,-87.62362367
371 N STATE ST,"371 N STATE ST Chicago, IL.",41.88881642,-87.62797162
19 W CHICAGO AVE,"19 W CHICAGO AVE Chicago, IL.",41.89660885,-87.62902665
53 E CHICAGO AVE,"53 E CHICAGO AVE Chicago, IL.",41.89664485,-87.62619984
1505 N WELLS ST,"1505 N WELLS ST Chicago, IL.",41.90946809,-87.63457968
410 N WELLS ST,"410 N WELLS ST Chicago, IL.",41.88951601,-87.63409721
406 N WELLS ST,"406 N WELLS ST Chicago, IL.",41.88940004,-87.63409721
182 W KINZIE ST,"182 W KINZIE ST Chicago, IL.",41.88924789,-87.63214646
100 W VAN BUREN ST,"100 W VAN BUREN ST Chicago, IL.",41.8769216,-87.63319059
166 W GRAND AVE,"166 W GRAND AVE Chicago, IL.",41.89164744,-87.63362161
722 N MILWAUKEE AVE,"722 N MILWAUKEE AVE Chicago, IL.",41.89528865,-87.65405219
1311 N MILWAUKEE AVE,"1311 N MILWAUKEE AVE Chicago, IL.",41.90575454,-87.67011739
1387 N MILWAUKEE AVE,"1387 N MILWAUKEE AVE Chicago, IL.",41.90710137,-87.67221813
1421 N MILWAUKEE AVE,"1421 N MILWAUKEE AVE Chicago, IL.",41.90772557,-87.67320219
320 W HURON ST,"320 W HURON ST Chicago, IL.",41.89480644,-87.6372243
1341 N HALSTED ST,"1341 N HALSTED ST Chicago, IL.",41.90563247,-87.64805884
1421 N HALSTED ST,"1421 N HALSTED ST Chicago, IL.",41.90680011,-87.64809363
1546 N CLYBOURN AVE,"1546 N CLYBOURN AVE Chicago, IL.",41.91008703,-87.64847647
1542 N CLYBOURN AVE,"1542 N CLYBOURN AVE Chicago, IL.",41.91003066,-87.64839756
1435 N WELLS ST,"1435 N WELLS ST Chicago, IL.",41.90829339,-87.63454684
240 N STATE ST,"240 N STATE ST Chicago, IL.",41.88653924,-87.62803396
100 S DEARBORN ST,"100 S DEARBORN ST Chicago, IL.",41.88002035,-87.62943763
200 N DEARBORN ST,"200 N DEARBORN ST Chicago, IL.",41.88580375,-87.62957596
78 E MADISON ST,"78 E MADISON ST Chicago, IL.",41.88215488,-87.62502475
1405 N WELLS ST,"1405 N WELLS ST Chicago, IL.",41.90778982,-87.63453194
1414 N WELLS ST,"1414 N WELLS ST Chicago, IL.",41.90795516,-87.63469081
1528 N WELLS ST,"1528 N WELLS ST Chicago, IL.",41.90986869,-87.63474497
70 W MADISON ST,"70 W MADISON ST Chicago, IL.",41.88204492,-87.63012103
32 E ADAMS ST,"32 E ADAMS ST Chicago, IL.",41.87956802,-87.62652718
61 W ADAMS ST,"61 W ADAMS ST Chicago, IL.",41.87938876,-87.62869767
550 N ST CLAIR ST,"550 N ST CLAIR ST Chicago, IL.",41.89236101,-87.6227603
60 E GRAND AVE,"60 E GRAND AVE Chicago, IL.",41.89175696,-87.62597689
1 W GRAND AVE,"1 W GRAND AVE Chicago, IL.",41.89161054,-87.62814349
1520 N WELLS ST,"1520 N WELLS ST Chicago, IL.",41.9097344,-87.6347409
1447 N WELLS ST,"1447 N WELLS ST Chicago, IL.",41.90849481,-87.63455282
1009 S STATE ST,"1009 S STATE ST Chicago, IL.",41.86982438,-87.62733281
931 S STATE ST,"931 S STATE ST Chicago, IL.",41.87028678,-87.62734034
839 S STATE ST,"839 S STATE ST Chicago, IL.",41.87129749,-87.62736595
1235 N DEARBORN PKWY,"1235 N DEARBORN PKWY Chicago, IL.",41.9045915,-87.62992846
657 S STATE ST,"657 S STATE ST Chicago, IL.",41.87365299,-87.62743029
653 S STATE ST,"653 S STATE ST Chicago, IL.",41.87370048,-87.62743247
651 S STATE ST,"651 S STATE ST Chicago, IL.",41.87372423,-87.62743356
11 E HARRISON ST,"11 E HARRISON ST Chicago, IL.",41.87431979,-87.62732705
618 S WABASH AVE,"618 S WABASH AVE Chicago, IL.",41.87385782,-87.6260579
9 E HARRISON ST,"9 E HARRISON ST Chicago, IL.",41.87431834,-87.62735312
1538 N WELLS ST,"1538 N WELLS ST Chicago, IL.",41.91003654,-87.63475005
370 E RANDOLPH ST,"370 E RANDOLPH ST Chicago, IL.",41.8845755,-87.61894183
358 E RANDOLPH ST,"358 E RANDOLPH ST Chicago, IL.",41.88457366,-87.61924206
130 E RANDOLPH ST,"130 E RANDOLPH ST Chicago, IL.",41.88452844,-87.62384575
146 W KINZIE ST,"146 W KINZIE ST Chicago, IL.",41.88925624,-87.63170372
1471 N HALSTED ST,"1471 N HALSTED ST Chicago, IL.",41.90786239,-87.64811911
435 E ILLINOIS ST,"435 E ILLINOIS ST Chicago, IL.",41.89100889,-87.61677691
200 W HARRISON ST,"200 W HARRISON ST Chicago, IL.",41.87453749,-87.63370696
224 S CLARK ST,"224 S CLARK ST Chicago, IL.",41.87896826,-87.63088562
700 S CLARK ST,"700 S CLARK ST Chicago, IL.",41.87305761,-87.63070949
727 S LA SALLE ST,"727 S LA SALLE ST Chicago, IL.",41.87304737,-87.63156803
715 S DEARBORN ST,"715 S DEARBORN ST Chicago, IL.",41.87317905,-87.62908589
711 S DEARBORN ST,"711 S DEARBORN ST Chicago, IL.",41.87321882,-87.62908719
637 S DEARBORN ST,"637 S DEARBORN ST Chicago, IL.",41.87409495,-87.62911742
621 S DEARBORN ST,"621 S DEARBORN ST Chicago, IL.",41.8742658,-87.62912338
619 S DEARBORN ST,"619 S DEARBORN ST Chicago, IL.",41.87428715,-87.62912413
1300 N DEARBORN PKWY,"1300 N DEARBORN PKWY Chicago, IL.",41.90585697,-87.63012116
1107 N CLARK ST,"1107 N CLARK ST Chicago, IL.",41.90206865,-87.63131859
1448 N WELLS ST,"1448 N WELLS ST Chicago, IL.",41.90852585,-87.63470776
154 W KINZIE ST,"154 W KINZIE ST Chicago, IL.",41.88925439,-87.63180211
1396 N CLARK ST,"1396 N CLARK ST Chicago, IL.",41.90715035,-87.63162688
30 E ADAMS ST,"30 E ADAMS ST Chicago, IL.",41.8795676,-87.62655191
24 E ADAMS ST,"24 E ADAMS ST Chicago, IL.",41.87956634,-87.62662609
25 W RANDOLPH ST,"25 W RANDOLPH ST Chicago, IL.",41.88443081,-87.62832662
16 W WASHINGTON ST,"16 W WASHINGTON ST Chicago, IL.",41.8832752,-87.6284174
1101 S STATE ST,"1101 S STATE ST Chicago, IL.",41.86917908,-87.62732093
729 S STATE ST,"729 S STATE ST Chicago, IL.",41.89575896,-87.62809963
641 S STATE ST,"641 S STATE ST Chicago, IL.",41.87384295,-87.62743899
1111 N DEARBORN ST,"1111 N DEARBORN ST Chicago, IL.",41.90220578,-87.62985974
1407 N DEARBORN PKWY,"1407 N DEARBORN PKWY Chicago, IL.",41.90800268,-87.6300324
1223 N WELLS ST,"1223 N WELLS ST Chicago, IL.",41.90413461,-87.63441334
600 S WABASH AVE,"600 S WABASH AVE Chicago, IL.",41.87435015,-87.62607281
201 E RANDOLPH ST,"201 E RANDOLPH ST Chicago, IL.",41.88428941,-87.62385452
356 E RANDOLPH ST,"356 E RANDOLPH ST Chicago, IL.",41.88457344,-87.61929147
30 W ERIE ST,"30 W ERIE ST Chicago, IL.",41.89411344,-87.62946248
14 W ERIE ST,"14 W ERIE ST Chicago, IL.",41.89411961,-87.62874833
1 E ERIE ST,"1 E ERIE ST Chicago, IL.",41.89401685,-87.62805728
54 E ERIE ST,"54 E ERIE ST Chicago, IL.",41.8941596,-87.62641996
158 W ADAMS ST,"158 W ADAMS ST Chicago, IL.",41.87944671,-87.63314463
172 W ADAMS ST,"172 W ADAMS ST Chicago, IL.",41.87944479,-87.6333316
9 S CLINTON ST,"9 S CLINTON ST Chicago, IL.",41.88156024,-87.64110611
43 S CLINTON ST,"43 S CLINTON ST Chicago, IL.",41.88099351,-87.64108748
115 S CLINTON ST,"115 S CLINTON ST Chicago, IL.",41.88043318,-87.64107105
219 S CLINTON ST,"219 S CLINTON ST Chicago, IL.",41.87904319,-87.64102797
1144 W TAYLOR ST,"1144 W TAYLOR ST Chicago, IL.",41.86948564,-87.65594817
1202 W TAYLOR ST,"1202 W TAYLOR ST Chicago, IL.",41.86947145,-87.65691353
1346 W TAYLOR ST,"1346 W TAYLOR ST Chicago, IL.",41.86940925,-87.66083615
1446 W TAYLOR ST,"1446 W TAYLOR ST Chicago, IL.",41.86937139,-87.66320226
1513 W TAYLOR ST,"1513 W TAYLOR ST Chicago, IL.",41.86923493,-87.66459682
330 E ERIE ST,"330 E ERIE ST Chicago, IL.",41.89427898,-87.6194883
364 E ERIE ST,"364 E ERIE ST Chicago, IL.",41.89428873,-87.61866408
311 E HURON ST,"311 E HURON ST Chicago, IL.",41.89495714,-87.62015416
28 S CLINTON ST,"28 S CLINTON ST Chicago, IL.",41.88165306,-87.64126324
56 S CLINTON ST,"56 S CLINTON ST Chicago, IL.",41.88149223,-87.64125775
500 W JACKSON BLVD,"500 W JACKSON BLVD Chicago, IL.",41.87810244,-87.6396367
175 W JACKSON BLVD,"175 W JACKSON BLVD Chicago, IL.",41.87806346,-87.63328898
83 E HURON ST,"83 E HURON ST Chicago, IL.",41.89485007,-87.62609688
65 E HURON ST,"65 E HURON ST Chicago, IL.",41.89483741,-87.62672773
25 E WASHINGTON ST,"25 E WASHINGTON ST Chicago, IL.",41.88316285,-87.62649009
219 N FRANKLIN ST,"219 N FRANKLIN ST Chicago, IL.",41.88596832,-87.6352988
121 W KINZIE ST,"121 W KINZIE ST Chicago, IL.",41.88912985,-87.63234128
800 N STATE ST,"800 N STATE ST Chicago, IL.",41.89673131,-87.62827572
658 N STATE ST,"658 N STATE ST Chicago, IL.",41.89401568,-87.62820961
323 W ILLINOIS ST,"323 W ILLINOIS ST Chicago, IL.",41.8907033,-87.63592137
317 W ILLINOIS ST,"317 W ILLINOIS ST Chicago, IL.",41.89070485,-87.63584394
1373 W HUBBARD ST,"1373 W HUBBARD ST Chicago, IL.",41.88988585,-87.66157793
149 W KINZIE ST,"149 W KINZIE ST Chicago, IL.",41.88911975,-87.63308403
1372 N MILWAUKEE AVE,"1372 N MILWAUKEE AVE Chicago, IL.",41.90678195,-87.67195596
1484 N MILWAUKEE AVE,"1484 N MILWAUKEE AVE Chicago, IL.",41.90876427,-87.67506181
190 W KINZIE ST,"190 W KINZIE ST Chicago, IL.",41.88924603,-87.63224484
23 W KINZIE ST,"23 W KINZIE ST Chicago, IL.",41.88917987,-87.6290104
621 W FULTON ST,"621 W FULTON ST Chicago, IL.",41.88674485,-87.6439582
43 W HARRISON ST,"43 W HARRISON ST Chicago, IL.",41.87446939,-87.63010753
707 S LA SALLE ST,"707 S LA SALLE ST Chicago, IL.",41.87327035,-87.63157417
906 N WELLS ST,"906 N WELLS ST Chicago, IL.",41.89985918,-87.63440144
126 W KINZIE ST,"126 W KINZIE ST Chicago, IL.",41.88926088,-87.63145776
120 W KINZIE ST,"120 W KINZIE ST Chicago, IL.",41.88926228,-87.63138397
65 W KINZIE ST,"65 W KINZIE ST Chicago, IL.",41.889162,-87.63025856
1220 W HUBBARD ST,"1220 W HUBBARD ST Chicago, IL.",41.89003644,-87.65831053
1378 W HUBBARD ST,"1378 W HUBBARD ST Chicago, IL.",41.89000044,-87.66165605
112 N DEARBORN ST,"112 N DEARBORN ST Chicago, IL.",41.8846269,-87.62953945
120 N DEARBORN ST,"120 N DEARBORN ST Chicago, IL.",41.88468754,-87.62954154
122 N DEARBORN ST,"122 N DEARBORN ST Chicago, IL.",41.8847027,-87.62954206
949 N ELSTON AVE,"949 N ELSTON AVE Chicago, IL.",41.8995053,-87.65655566
153 E SOUTH WATER ST,"153 E SOUTH WATER ST Chicago, IL.",41.8865329,-87.6176973
860 N STATE ST,"860 N STATE ST Chicago, IL.",41.89825585,-87.62831922
170 E SOUTH WATER ST,"170 E SOUTH WATER ST Chicago, IL.",41.8865329,-87.6176973
579 W KINZIE ST,"579 W KINZIE ST Chicago, IL.",41.88899485,-87.64252754
333 W HUBBARD ST,"333 W HUBBARD ST Chicago, IL.",41.88989352,-87.63632198
69 W WASHINGTON ST,"69 W WASHINGTON ST Chicago, IL.",41.88315385,-87.63003874
158 W GRAND AVE,"158 W GRAND AVE Chicago, IL.",41.89165644,-87.63276522
331 E ILLINOIS ST,"331 E ILLINOIS ST Chicago, IL.",41.89093635,-87.620667
393 E ILLINOIS ST,"393 E ILLINOIS ST Chicago, IL.",41.89098836,-87.61813604
149 E OHIO ST,"149 E OHIO ST Chicago, IL.",41.89250079,-87.62342259
1354 N WELLS ST,"1354 N WELLS ST Chicago, IL.",41.90722054,-87.63466992
1346 N WELLS ST,"1346 N WELLS ST Chicago, IL.",41.90715054,-87.63466776
72 E ADAMS ST,"72 E ADAMS ST Chicago, IL.",41.879591,-87.62556512
60 W ADAMS ST,"60 W ADAMS ST Chicago, IL.",41.87948093,-87.63022548
7 W GRAND AVE,"7 W GRAND AVE Chicago, IL.",41.89160485,-87.6283516
17 W GRAND AVE,"17 W GRAND AVE Chicago, IL.",41.89160196,-87.62869018
917 N DEARBORN ST,"917 N DEARBORN ST Chicago, IL.",41.89959359,-87.62977371
1320 N DEARBORN PKWY,"1320 N DEARBORN PKWY Chicago, IL.",41.90644209,-87.630139
135 N MICHIGAN AVE,"135 N MICHIGAN AVE Chicago, IL.",41.8847711,-87.62438957
321 E RANDOLPH ST,"321 E RANDOLPH ST Chicago, IL.",41.88425185,-87.62036268
329 E RANDOLPH ST,"329 E RANDOLPH ST Chicago, IL.",41.88425185,-87.62031783
459 E ILLINOIS ST,"459 E ILLINOIS ST Chicago, IL.",41.89101925,-87.61620407
155 E OHIO ST,"155 E OHIO ST Chicago, IL.",41.8924983,-87.62334424
2 W GRAND AVE,"2 W GRAND AVE Chicago, IL.",41.89172492,-87.62815267
747 S FEDERAL ST,"747 S FEDERAL ST Chicago, IL.",41.87287336,-87.62954113
188 W KINZIE ST,"188 W KINZIE ST Chicago, IL.",41.8892465,-87.63222025
1314 N WELLS ST,"1314 N WELLS ST Chicago, IL.",41.90686993,-87.63465886
1029 S WABASH AVE,"1029 S WABASH AVE Chicago, IL.",41.86985497,-87.62581534
661 S STATE ST,"661 S STATE ST Chicago, IL.",41.8736055,-87.62742812
701 S WABASH AVE,"701 S WABASH AVE Chicago, IL.",41.87306562,-87.62588729
1237 N DEARBORN PKWY,"1237 N DEARBORN PKWY Chicago, IL.",41.90462755,-87.62992947
1331 N DEARBORN PKWY,"1331 N DEARBORN PKWY Chicago, IL.",41.90655441,-87.6299885
1457 N HALSTED ST,"1457 N HALSTED ST Chicago, IL.",41.90753244,-87.64811375
1140 S WABASH AVE,"1140 S WABASH AVE Chicago, IL.",41.86848646,-87.62592604
327 E RANDOLPH ST,"327 E RANDOLPH ST Chicago, IL.",41.88425185,-87.62032904
364 E RANDOLPH ST,"364 E RANDOLPH ST Chicago, IL.",41.88457458,-87.61909194
352 E RANDOLPH ST,"352 E RANDOLPH ST Chicago, IL.",41.88457344,-87.61939155
27 E ILLINOIS ST,"27 E ILLINOIS ST Chicago, IL.",41.89081285,-87.62764528
1400 N CLARK ST,"1400 N CLARK ST Chicago, IL.",41.90789121,-87.63164635
1023 W HUBBARD ST,"1023 W HUBBARD ST Chicago, IL.",41.88997585,-87.65316978
1100 N STATE ST,"1100 N STATE ST Chicago, IL.",41.90194391,-87.62842209
439 S DEARBORN ST,"439 S DEARBORN ST Chicago, IL.",41.87642601,-87.62917322
435 S DEARBORN ST,"435 S DEARBORN ST Chicago, IL.",41.87647019,-87.62917409
411 S DEARBORN ST,"411 S DEARBORN ST Chicago, IL.",41.8767363,-87.62918111
108 N DEARBORN ST,"108 N DEARBORN ST Chicago, IL.",41.88459653,-87.62953839
114 N DEARBORN ST,"114 N DEARBORN ST Chicago, IL.",41.88464206,-87.62953997
155 W KINZIE ST,"155 W KINZIE ST Chicago, IL.",41.88911872,-87.63316847
530 N STATE ST,"530 N STATE ST Chicago, IL.",41.89179446,-87.62814822
7 W KINZIE ST,"7 W KINZIE ST Chicago, IL.",41.88919265,-87.62834597
10 E ILLINOIS ST,"10 E ILLINOIS ST Chicago, IL.",41.89092744,-87.62766359
709 N WELLS ST,"709 N WELLS ST Chicago, IL.",41.89504878,-87.63408088
871 N WELLS ST,"871 N WELLS ST Chicago, IL.",41.89795858,-87.63417399
160 E GRAND AVE,"160 E GRAND AVE Chicago, IL.",41.89180556,-87.62323898
1506 N WELLS ST,"1506 N WELLS ST Chicago, IL.",41.90949973,-87.6347344
1433 N WELLS ST,"1433 N WELLS ST Chicago, IL.",41.90825982,-87.63454584
926 N WELLS ST,"926 N WELLS ST Chicago, IL.",41.8999947,-87.63440673
500 N STATE ST,"500 N STATE ST Chicago, IL.",41.89092617,-87.62811838
341 E ILLINOIS ST,"341 E ILLINOIS ST Chicago, IL.",41.89093719,-87.62059879
1 W KINZIE ST,"1 W KINZIE ST Chicago, IL.",41.88919285,-87.62809871
150 N DEARBORN ST,"150 N DEARBORN ST Chicago, IL.",41.88491476,-87.62954957
800 N WELLS ST ,"800 N WELLS ST  Chicago, IL.",41.89665024,-87.6342833
490 E GRAND AVE,"490 E GRAND AVE Chicago, IL.",41.89193117,-87.61602491
700 N WELLS ST ,"700 N WELLS ST  Chicago, IL.",41.89485144,-87.63423222
400 N DEARBORN ST,"400 N DEARBORN ST Chicago, IL.",41.88917383,-87.62966012
1208 N CLARK ST,"1208 N CLARK ST Chicago, IL.",41.90410264,-87.63152802
1328 N DEARBORN PKWY,"1328 N DEARBORN PKWY Chicago, IL.",41.9065808,-87.63014334
1330 N DEARBORN PKWY,"1330 N DEARBORN PKWY Chicago, IL.",41.90661548,-87.63014442
739 N WELLS ST,"739 N WELLS ST Chicago, IL.",41.89575837,-87.63410365
1170 N MILWAUKEE AVE,"1170 N MILWAUKEE AVE Chicago, IL.",41.90291606,-87.66591068
355 W CHICAGO AVE,"355 W CHICAGO AVE Chicago, IL.",41.89649082,-87.63754901
219 W CHICAGO AVE,"219 W CHICAGO AVE Chicago, IL.",41.89652785,-87.63493735
1207 N DEARBORN PKWY,"1207 N DEARBORN PKWY Chicago, IL.",41.9040866,-87.62991522
1414 W HUBBARD ST,"1414 W HUBBARD ST Chicago, IL.",41.89000044,-87.66304893
1450 N DEARBORN PKWY,"1450 N DEARBORN PKWY Chicago, IL.",41.90866793,-87.63020731
1366 N DEARBORN PKWY,"1366 N DEARBORN PKWY Chicago, IL.",41.90723967,-87.63016393
1217 W WASHINGTON BLVD,"1217 W WASHINGTON BLVD Chicago, IL.",41.88291328,-87.65730582
382 N CLINTON ST,"382 N CLINTON ST Chicago, IL.",41.88779554,-87.64143682
735 W HARRISON ST,"735 W HARRISON ST Chicago, IL.",41.87427985,-87.64541578
730 S JEFFERSON ST,"730 S JEFFERSON ST Chicago, IL.",41.87270841,-87.64244827
561 W CONGRESS PKWY,"561 W CONGRESS PKWY Chicago, IL.",41.87533108,-87.64016461
550 W CONGRESS PKWY,"550 W CONGRESS PKWY Chicago, IL.",41.87544632,-87.64011365
1004 N CLARK ST,"1004 N CLARK ST Chicago, IL.",41.90065856,-87.63143053
204 W NORTH AVE,"204 W NORTH AVE Chicago, IL.",41.91125844,-87.63581326
703 S LA SALLE ST,"703 S LA SALLE ST Chicago, IL.",41.87331495,-87.6315754
701 S LA SALLE ST,"701 S LA SALLE ST Chicago, IL.",41.87333725,-87.63157602
1224 N WELLS ST,"1224 N WELLS ST Chicago, IL.",41.90460082,-87.63458333
220 E GRAND AVE,"220 E GRAND AVE Chicago, IL.",41.89182571,-87.62212682
50 W ADAMS ST,"50 W ADAMS ST Chicago, IL.",41.87948271,-87.63008865
1150 S WABASH AVE,"1150 S WABASH AVE Chicago, IL.",41.86842738,-87.62592419
131 E RANDOLPH ST,"131 E RANDOLPH ST Chicago, IL.",41.88435007,-87.62425445
1317 N WELLS ST,"1317 N WELLS ST Chicago, IL.",41.90621228,-87.63448104
448 N WELLS ST,"448 N WELLS ST Chicago, IL.",41.89024813,-87.6341127
238 N CLARK ST,"238 N CLARK ST Chicago, IL.",41.88596473,-87.63105838
100 S CLARK ST,"100 S CLARK ST Chicago, IL.",41.88002945,-87.63091377
212 S CLARK ST,"212 S CLARK ST Chicago, IL.",41.87935435,-87.63089563
637 S CLARK ST,"637 S CLARK ST Chicago, IL.",41.87379336,-87.63057709
641 S CLARK ST,"641 S CLARK ST Chicago, IL.",41.87371816,-87.63057476
633 S CLARK ST,"633 S CLARK ST Chicago, IL.",41.87386856,-87.63057941
87 W POLK ST,"87 W POLK ST Chicago, IL.",41.87222785,-87.62901004
913 S WABASH AVE,"913 S WABASH AVE Chicago, IL.",41.87044052,-87.62582779
837 S WABASH AVE,"837 S WABASH AVE Chicago, IL.",41.87135714,-87.62585154
825 S WABASH AVE,"825 S WABASH AVE Chicago, IL.",41.8715007,-87.62585488
815 S WABASH AVE,"815 S WABASH AVE Chicago, IL.",41.87162009,-87.62585744
801 S WABASH AVE,"801 S WABASH AVE Chicago, IL.",41.87178759,-87.62586033
605 S WABASH AVE,"605 S WABASH AVE Chicago, IL.",41.87426747,-87.62591554
601 S WABASH AVE,"601 S WABASH AVE Chicago, IL.",41.87435357,-87.62591899
65 E HARRISON ST,"65 E HARRISON ST Chicago, IL.",41.87435438,-87.62578776
325 E RANDOLPH ST,"325 E RANDOLPH ST Chicago, IL.",41.88425185,-87.62034025
345 E RANDOLPH ST,"345 E RANDOLPH ST Chicago, IL.",41.88425185,-87.62022814
62 E RANDOLPH ST,"62 E RANDOLPH ST Chicago, IL.",41.88455544,-87.6256615
1422 N CLARK ST,"1422 N CLARK ST Chicago, IL.",41.90838858,-87.6316605
5 W RANDOLPH ST,"5 W RANDOLPH ST Chicago, IL.",41.88443185,-87.62804311
738 N CLARK ST,"738 N CLARK ST Chicago, IL.",41.89581514,-87.63130223
712 N CLARK ST,"712 N CLARK ST Chicago, IL.",41.89520304,-87.63129059
441 S DEARBORN ST,"441 S DEARBORN ST Chicago, IL.",41.87640391,-87.62917279
118 N DEARBORN ST,"118 N DEARBORN ST Chicago, IL.",41.88467238,-87.62954102
1313 N HALSTED ST,"1313 N HALSTED ST Chicago, IL.",41.90530005,-87.64804994
1335 N WELLS ST,"1335 N WELLS ST Chicago, IL.",41.90675134,-87.63449941
1400 N WELLS ST,"1400 N WELLS ST Chicago, IL.",41.90772017,-87.6346839
1445 N WELLS ST,"1445 N WELLS ST Chicago, IL.",41.90846124,-87.63455183
437 W DIVISION ST,"437 W DIVISION ST Chicago, IL.",41.90372568,-87.63910609
1152 N WELLS ST,"1152 N WELLS ST Chicago, IL.",41.90338741,-87.63453681
1467 N HALSTED ST,"1467 N HALSTED ST Chicago, IL.",41.90776729,-87.64811701
232 E OHIO ST,"232 E OHIO ST Chicago, IL.",41.89263012,-87.62208363
12 W MADISON ST,"12 W MADISON ST Chicago, IL.",41.88206244,-87.62895241
22 E ADAMS ST,"22 E ADAMS ST Chicago, IL.",41.87956592,-87.62665081
18 E ADAMS ST,"18 E ADAMS ST Chicago, IL.",41.87956508,-87.62670026
19 W JACKSON BLVD,"19 W JACKSON BLVD Chicago, IL.",41.87811707,-87.6286787
17 E VAN BUREN ST,"17 E VAN BUREN ST Chicago, IL.",41.87692122,-87.62584914
312 S DEARBORN ST,"312 S DEARBORN ST Chicago, IL.",41.87797105,-87.62936983
111 S DEARBORN ST,"111 S DEARBORN ST Chicago, IL.",41.8799699,-87.62928187
80 S DEARBORN ST,"80 S DEARBORN ST Chicago, IL.",41.88150365,-87.62946422
76 S DEARBORN ST,"76 S DEARBORN ST Chicago, IL.",41.88152587,-87.62946515
50 W RANDOLPH ST,"50 W RANDOLPH ST Chicago, IL.",41.88453744,-87.62953421
176 W RANDOLPH ST,"176 W RANDOLPH ST Chicago, IL.",41.88452844,-87.63326556
178 W RANDOLPH ST,"178 W RANDOLPH ST Chicago, IL.",41.88452844,-87.63331572
287 E GRAND AVE,"287 E GRAND AVE Chicago, IL.",41.89173845,-87.62058701
285 E GRAND AVE,"285 E GRAND AVE Chicago, IL.",41.89173787,-87.62063356
230 E GRAND AVE,"230 E GRAND AVE Chicago, IL.",41.89183139,-87.62189412
76 E HUBBARD ST,"76 E HUBBARD ST Chicago, IL.",41.8901345,-87.627017
615 S LA SALLE ST,"615 S LA SALLE ST Chicago, IL.",41.87429629,-87.63160939
537 S DEARBORN ST,"537 S DEARBORN ST Chicago, IL.",41.87516467,-87.62914627
531 S DEARBORN ST,"531 S DEARBORN ST Chicago, IL.",41.87521992,-87.62914789
521 S DEARBORN ST,"521 S DEARBORN ST Chicago, IL.",41.875312,-87.6291506
1 W DIVISION ST,"1 W DIVISION ST Chicago, IL.",41.90387978,-87.62875427
1219 N WELLS ST,"1219 N WELLS ST Chicago, IL.",41.90409484,-87.63441198
1545 N WELLS ST,"1545 N WELLS ST Chicago, IL.",41.91013983,-87.63459917
4 W CHICAGO AVE,"4 W CHICAGO AVE Chicago, IL.",41.89673244,-87.62833855
77 W ILLINOIS ST,"77 W ILLINOIS ST Chicago, IL.",41.8907734,-87.63050569
23 E ILLINOIS ST,"23 E ILLINOIS ST Chicago, IL.",41.89081285,-87.62769412
485 W CHICAGO AVE,"485 W CHICAGO AVE Chicago, IL.",41.89643785,-87.64117515
481 W CHICAGO AVE,"481 W CHICAGO AVE Chicago, IL.",41.89643785,-87.64114568
123 W CHICAGO AVE,"123 W CHICAGO AVE Chicago, IL.",41.89655582,-87.63242242
27 W CHICAGO AVE,"27 W CHICAGO AVE Chicago, IL.",41.89658722,-87.63059102
1157 W LAKE ST,"1157 W LAKE ST Chicago, IL.",41.88545516,-87.65607989
196 N ABERDEEN ST,"196 N ABERDEEN ST Chicago, IL.",41.88506571,-87.65453764
1253 N CLARK ST,"1253 N CLARK ST Chicago, IL.",41.8663217,-87.63032972
1231 N CLARK ST,"1231 N CLARK ST Chicago, IL.",41.86671178,-87.63034048
1164 N CLARK ST,"1164 N CLARK ST Chicago, IL.",41.90326164,-87.63150441
1022 N CLARK ST,"1022 N CLARK ST Chicago, IL.",41.90087342,-87.63143494
946 N DEARBORN ST,"946 N DEARBORN ST Chicago, IL.",41.8993817,-87.62992087
1202 N WELLS ST,"1202 N WELLS ST Chicago, IL.",41.90396995,-87.63456097
1533 N WELLS ST,"1533 N WELLS ST Chicago, IL.",41.90993841,-87.63459306
1527 N WELLS ST,"1527 N WELLS ST Chicago, IL.",41.9098377,-87.63459001
350 E GRAND AVE,"350 E GRAND AVE Chicago, IL.",41.89187867,-87.61896514
1200 W  CHICAGO AVE,"1200 W  CHICAGO AVE Chicago, IL.",41.89625544,-87.65926571
1009 N CLARK ST,"1009 N CLARK ST Chicago, IL.",41.90070789,-87.63127741
75 W ILLINOIS ST,"75 W ILLINOIS ST Chicago, IL.",41.89077426,-87.63045845
1101 S CANAL ST,"1101 S CANAL ST Chicago, IL.",41.86849363,-87.63915572
86 W POLK ST,"86 W POLK ST Chicago, IL.",41.87232444,-87.6302806
423 S DEARBORN ST,"423 S DEARBORN ST Chicago, IL.",41.87660275,-87.62917669
330 S DEARBORN ST,"330 S DEARBORN ST Chicago, IL.",41.8777295,-87.6293958
433 S DEARBORN ST,"433 S DEARBORN ST Chicago, IL.",41.87649229,-87.62917452
415 S DEARBORN ST,"415 S DEARBORN ST Chicago, IL.",41.87669213,-87.62917919
15 N DEARBORN ST,"15 N DEARBORN ST Chicago, IL.",41.8824266,-87.6293056
27 N DEARBORN ST,"27 N DEARBORN ST Chicago, IL.",41.88269959,-87.62934817
110 N DEARBORN ST,"110 N DEARBORN ST Chicago, IL.",41.88461175,-87.62953893
117 N DEARBORN ST,"117 N DEARBORN ST Chicago, IL.",41.88397893,-87.62936229
328 N ORLEANS ST,"328 N ORLEANS ST Chicago, IL.",41.88781104,-87.63628902
1235 N WELLS ST,"1235 N WELLS ST Chicago, IL.",41.90425394,-87.63441743
68 E ADAMS ST,"68 E ADAMS ST Chicago, IL.",41.87958802,-87.62572755
1167 S STATE ST,"1167 S STATE ST Chicago, IL.",41.8678279,-87.62727419
937 S STATE ST,"937 S STATE ST Chicago, IL.",41.87025124,-87.62733989
148 E OHIO ST,"148 E OHIO ST Chicago, IL.",41.89261528,-87.62341603
230 E OHIO ST,"230 E OHIO ST Chicago, IL.",41.89262965,-87.62211676
642 S CLARK ST,"642 S CLARK ST Chicago, IL.",41.87367791,-87.63072745
668 N WELLS ST,"668 N WELLS ST Chicago, IL.",41.89424536,-87.63421699
666 N WELLS ST,"666 N WELLS ST Chicago, IL.",41.89421268,-87.63421608
821 W LAKE ST,"821 W LAKE ST Chicago, IL.",41.88559729,-87.64796431
111 W JACKSON BLVD,"111 W JACKSON BLVD Chicago, IL.",41.87807785,-87.6321793
1142 N WELLS ST,"1142 N WELLS ST Chicago, IL.",41.90329809,-87.63453337
141 W JACKSON BLVD,"141 W JACKSON BLVD Chicago, IL.",41.87806885,-87.6326563
885 W HUBBARD ST,"885 W HUBBARD ST Chicago, IL.",41.88999843,-87.65035514
219 S DEARBORN ST,"219 S DEARBORN ST Chicago, IL.",41.87917185,-87.62926863
17 N DEARBORN ST,"17 N DEARBORN ST Chicago, IL.",41.882406,-87.6291683
105 N DEARBORN ST,"105 N DEARBORN ST Chicago, IL.",41.88344703,-87.62934948
127 N DEARBORN ST,"127 N DEARBORN ST Chicago, IL.",41.88442651,-87.62937567
226 N DEARBORN ST,"226 N DEARBORN ST Chicago, IL.",41.88607577,-87.62958483
705 N WELLS ST,"705 N WELLS ST Chicago, IL.",41.89494952,-87.63407828
1543 N WELLS ST,"1543 N WELLS ST Chicago, IL.",41.91010626,-87.63459815
1517 N WELLS ST,"1517 N WELLS ST Chicago, IL.",41.90966985,-87.63458492
800 N DEARBORN ST,"800 N DEARBORN ST Chicago, IL.",41.89671444,-87.62985372
1208 N WELLS ST,"1208 N WELLS ST Chicago, IL.",41.90414222,-87.63456762
530 W GRAND AVE,"530 W GRAND AVE Chicago, IL.",41.89153111,-87.64037264
1421 N DEARBORN PKWY,"1421 N DEARBORN PKWY Chicago, IL.",41.90821539,-87.63003849
446 N WELLS ST,"446 N WELLS ST Chicago, IL.",41.89022881,-87.63411234
11 W RANDOLPH ST,"11 W RANDOLPH ST Chicago, IL.",41.88443185,-87.62812847
17 W RANDOLPH ST,"17 W RANDOLPH ST Chicago, IL.",41.88443185,-87.62821383
1473 N HALSTED ST,"1473 N HALSTED ST Chicago, IL.",41.9079092,-87.64812145
1481 N HALSTED ST,"1481 N HALSTED ST Chicago, IL.",41.90809528,-87.64812615
114 S CLARK ST,"114 S CLARK ST Chicago, IL.",41.87994987,-87.63091114
625 S CLARK ST,"625 S CLARK ST Chicago, IL.",41.87401897,-87.63058407
89 W POLK ST,"89 W POLK ST Chicago, IL.",41.87222785,-87.629017
29 W POLK ST,"29 W POLK ST Chicago, IL.",41.87222785,-87.62880816
19 W POLK ST,"19 W POLK ST Chicago, IL.",41.87222785,-87.62877335
1548 N ELSTON AVE,"1548 N ELSTON AVE Chicago, IL.",41.91003831,-87.66181743
1010 S WABASH AVE,"1010 S WABASH AVE Chicago, IL.",41.869641,-87.62596308
1005 S STATE ST,"1005 S STATE ST Chicago, IL.",41.86984807,-87.62733281
111 W MONROE ST,"111 W MONROE ST Chicago, IL.",41.88063543,-87.63109541
33 W MONROE ST,"33 W MONROE ST Chicago, IL.",41.8806668,-87.62915752
73 W RANDOLPH ST,"73 W RANDOLPH ST Chicago, IL.",41.88442418,-87.62900942
75 W RANDOLPH ST,"75 W RANDOLPH ST Chicago, IL.",41.8844239,-87.62903787
65 W LAKE ST,"65 W LAKE ST Chicago, IL.",41.88569185,-87.62893401
59 W LAKE ST,"59 W LAKE ST Chicago, IL.",41.88569185,-87.6288481
1 E WACKER DR,"1 E WACKER DR Chicago, IL.",41.8871779,-87.62633345
35 E WACKER DR,"35 E WACKER DR Chicago, IL.",41.88753005,-87.62585177
412 E WACKER DR,"412 E WACKER DR Chicago, IL.",41.8875505,-87.6259769
380 E WACKER DR,"380 E WACKER DR Chicago, IL.",41.87723269,-87.63693071
372 E WACKER DR,"372 E WACKER DR Chicago, IL.",41.87731152,-87.63693629
354 E WACKER DR,"354 E WACKER DR Chicago, IL.",41.87748887,-87.63694885
336 E WACKER DR,"336 E WACKER DR Chicago, IL.",41.87766621,-87.63696142
214 N CLARK ST,"214 N CLARK ST Chicago, IL.",41.88585835,-87.6310555
1338 N WELLS ST,"1338 N WELLS ST Chicago, IL.",41.90708054,-87.63466561
1437 N WELLS ST,"1437 N WELLS ST Chicago, IL.",41.90832696,-87.63454784
37 S LA SALLE ST,"37 S LA SALLE ST Chicago, IL.",41.88116573,-87.63226502
1550 N WELLS ST,"1550 N WELLS ST Chicago, IL.",41.91023796,-87.63475616
1140 N WELLS ST,"1140 N WELLS ST Chicago, IL.",41.90328023,-87.63453269
932 N WELLS ST,"932 N WELLS ST Chicago, IL.",41.90003562,-87.63440874
528 S WABASH AVE,"528 S WABASH AVE Chicago, IL.",41.87529631,-87.62609307
314 S WABASH AVE,"314 S WABASH AVE Chicago, IL.",41.87802017,-87.62615523
309 W ILLINOIS ST,"309 W ILLINOIS ST Chicago, IL.",41.89070485,-87.63573783
614 S WABASH AVE,"614 S WABASH AVE Chicago, IL.",41.87389179,-87.62605875
336 S DEARBORN ST,"336 S DEARBORN ST Chicago, IL.",41.87768854,-87.62936113
332 S DEARBORN ST,"332 S DEARBORN ST Chicago, IL.",41.8777086,-87.6293951
1011 W HUBBARD ST,"1011 W HUBBARD ST Chicago, IL.",41.88997585,-87.65269563
106 N DEARBORN ST,"106 N DEARBORN ST Chicago, IL.",41.88458137,-87.62953785
134 N DEARBORN ST,"134 N DEARBORN ST Chicago, IL.",41.88479366,-87.6295452
604 S WABASH AVE,"604 S WABASH AVE Chicago, IL.",41.87423536,-87.62606822
1136 S WABASH AVE,"1136 S WABASH AVE Chicago, IL.",41.86851009,-87.62592677
159 W KINZIE ST,"159 W KINZIE ST Chicago, IL.",41.88911803,-87.63322477
248 E RANDOLPH ST,"248 E RANDOLPH ST Chicago, IL.",41.88457344,-87.62151801
144 S CLARK ST,"144 S CLARK ST Chicago, IL.",41.87977829,-87.63090733
530 E GRAND AVE,"530 E GRAND AVE Chicago, IL.",41.89218744,-87.60992725
533 N MICHIGAN AVE,"533 N MICHIGAN AVE Chicago, IL.",41.89184996,-87.62401507
120 W GRAND AVE,"120 W GRAND AVE Chicago, IL.",41.8916725,-87.63163977
1562 N WELLS ST,"1562 N WELLS ST Chicago, IL.",41.91043938,-87.63476226
329 E GRAND AVE,"329 E GRAND AVE Chicago, IL.",41.89175404,-87.61973813
325 E GRAND AVE,"325 E GRAND AVE Chicago, IL.",41.89174885,-87.61980475
97 E GRAND AVE,"97 E GRAND AVE Chicago, IL.",41.89165553,-87.625469
501 N RUSH ST,"501 N RUSH ST Chicago, IL.",41.89097361,-87.62527339
31 W ILLINOIS ST,"31 W ILLINOIS ST Chicago, IL.",41.89078806,-87.62919076
915 W HUBBARD ST,"915 W HUBBARD ST Chicago, IL.",41.88999385,-87.65079299
877 N WELLS ST,"877 N WELLS ST Chicago, IL.",41.89799951,-87.63417556
913 N WELLS ST,"913 N WELLS ST Chicago, IL.",41.89934652,-87.63423014
1347 N WELLS ST,"1347 N WELLS ST Chicago, IL.",41.90691145,-87.63450639
1034 N DEARBORN ST,"1034 N DEARBORN ST Chicago, IL.",41.90103819,-87.62997827
1101 N DEARBORN ST,"1101 N DEARBORN ST Chicago, IL.",41.90192694,-87.62985034
714 N WELLS ST,"714 N WELLS ST Chicago, IL.",41.89519345,-87.63423895
331 W CHICAGO AVE,"331 W CHICAGO AVE Chicago, IL.",41.89649859,-87.636877
319 W CHICAGO AVE,"319 W CHICAGO AVE Chicago, IL.",41.89650599,-87.63655612
225 W CHICAGO AVE,"225 W CHICAGO AVE Chicago, IL.",41.89652785,-87.6349654
23 W CHICAGO AVE,"23 W CHICAGO AVE Chicago, IL.",41.89660634,-87.6292607
18 E CHICAGO AVE,"18 E CHICAGO AVE Chicago, IL.",41.89674685,-87.62744066
33 W KINZIE ST,"33 W KINZIE ST Chicago, IL.",41.88917485,-87.6294277
216 W CHICAGO AVE,"216 W CHICAGO AVE Chicago, IL.",41.89664244,-87.63511496
222 E GRAND AVE,"222 E GRAND AVE Chicago, IL.",41.89182685,-87.62208028
29 W KINZIE ST,"29 W KINZIE ST Chicago, IL.",41.88917508,-87.62925956
819 W KINZIE ST,"819 W KINZIE ST Chicago, IL.",41.8891083,-87.649056
53 W SUPERIOR ST,"53 W SUPERIOR ST Chicago, IL.",41.89561204,-87.62899588
41 E SUPERIOR ST,"41 E SUPERIOR ST Chicago, IL.",41.89564585,-87.62674778
409 E SUPERIOR ST,"409 E SUPERIOR ST Chicago, IL.",41.89577904,-87.61818507
427 E SUPERIOR ST,"427 E SUPERIOR ST Chicago, IL.",41.8957894,-87.61779397
439 E SUPERIOR ST,"439 E SUPERIOR ST Chicago, IL.",41.89579295,-87.61757434
455 E SUPERIOR ST,"455 E SUPERIOR ST Chicago, IL.",41.89579741,-87.61727964
477 E SUPERIOR ST,"477 E SUPERIOR ST Chicago, IL.",41.89580237,-87.61687479
481 E SUPERIOR ST,"481 E SUPERIOR ST Chicago, IL.",41.89580321,-87.61680111
487 E SUPERIOR ST,"487 E SUPERIOR ST Chicago, IL.",41.89580447,-87.61669059
378 E CHICAGO AVE,"378 E CHICAGO AVE Chicago, IL.",41.89660081,-87.63798029
340 E SUPERIOR ST,"340 E SUPERIOR ST Chicago, IL.",41.89587841,-87.61918011
428 E SUPERIOR ST,"428 E SUPERIOR ST Chicago, IL.",41.89588233,-87.61887234
300 E HURON ST,"300 E HURON ST Chicago, IL.",41.89507426,-87.62024246
330 E HURON ST,"330 E HURON ST Chicago, IL.",41.89508701,-87.61912226
320 E HURON ST,"320 E HURON ST Chicago, IL.",41.89508663,-87.61915278
1121 W HUBBARD ST,"1121 W HUBBARD ST Chicago, IL.",41.88994885,-87.65545824
325 E CHICAGO AVE,"325 E CHICAGO AVE Chicago, IL.",41.89673957,-87.61991156
337 E CHICAGO AVE,"337 E CHICAGO AVE Chicago, IL.",41.89674226,-87.61971916
357 E CHICAGO AVE,"357 E CHICAGO AVE Chicago, IL.",41.89674571,-87.61939841
317 E HURON ST,"317 E HURON ST Chicago, IL.",41.89495557,-87.62009773
4 E HURON ST,"4 E HURON ST Chicago, IL.",41.89493472,-87.62793108
7 W HURON ST,"7 W HURON ST Chicago, IL.",41.89481764,-87.62847727
206 W HURON ST,"206 W HURON ST Chicago, IL.",41.89484274,-87.63444401
301 W HURON ST,"301 W HURON ST Chicago, IL.",41.89470985,-87.63573748
321 W HURON ST,"321 W HURON ST Chicago, IL.",41.89470088,-87.63682894
468 W HURON ST,"468 W HURON ST Chicago, IL.",41.89476549,-87.64079011
431 W SUPERIOR ST,"431 W SUPERIOR ST Chicago, IL.",41.8954618,-87.63986536
423 W SUPERIOR ST,"423 W SUPERIOR ST Chicago, IL.",41.89546784,-87.63953815
419 W SUPERIOR ST,"419 W SUPERIOR ST Chicago, IL.",41.89546952,-87.63937343
417 W SUPERIOR ST,"417 W SUPERIOR ST Chicago, IL.",41.89547035,-87.63929107
405 W SUPERIOR ST,"405 W SUPERIOR ST Chicago, IL.",41.89547485,-87.63879795
353 W SUPERIOR ST,"353 W SUPERIOR ST Chicago, IL.",41.895491,-87.63760387
341 W SUPERIOR ST,"341 W SUPERIOR ST Chicago, IL.",41.89549285,-87.63737683
165 W SUPERIOR ST,"165 W SUPERIOR ST Chicago, IL.",41.89555342,-87.63284282
155 W SUPERIOR ST,"155 W SUPERIOR ST Chicago, IL.",41.89556942,-87.63165844
67 W ERIE ST,"67 W ERIE ST Chicago, IL.",41.89398353,-87.63062981
25 E ERIE ST,"25 E ERIE ST Chicago, IL.",41.89403485,-87.62686122
355 E ERIE ST,"355 E ERIE ST Chicago, IL.",41.89416866,-87.61912592
410 E ONTARIO ST,"410 E ONTARIO ST Chicago, IL.",41.89351467,-87.61646192
1450 N WELLS ST,"1450 N WELLS ST Chicago, IL.",41.90855942,-87.63470876
27 W JACKSON BLVD,"27 W JACKSON BLVD Chicago, IL.",41.87811385,-87.62891944
109 N MICHIGAN AVE,"109 N MICHIGAN AVE Chicago, IL.",41.88458643,-87.62438011
317 E RANDOLPH ST,"317 E RANDOLPH ST Chicago, IL.",41.88425185,-87.6203851
368 E RANDOLPH ST,"368 E RANDOLPH ST Chicago, IL.",41.88457519,-87.61899186
27 W KINZIE ST,"27 W KINZIE ST Chicago, IL.",41.88917668,-87.6291765
6 W ILLINOIS ST,"6 W ILLINOIS ST Chicago, IL.",41.89088739,-87.62976337
1201 N DEARBORN PKWY,"1201 N DEARBORN PKWY Chicago, IL.",41.90397844,-87.62991264
1211 N CLARK ST,"1211 N CLARK ST Chicago, IL.",41.86706596,-87.63035032
1036 N CLARK ST,"1036 N CLARK ST Chicago, IL.",41.90104091,-87.63143981
1028 N CLARK ST,"1028 N CLARK ST Chicago, IL.",41.9009452,-87.63143703
1552 N WELLS ST,"1552 N WELLS ST Chicago, IL.",41.91027153,-87.63475718
1260 N WELLS ST,"1260 N WELLS ST Chicago, IL.",41.90526095,-87.63460566
500 N WELLS ST,"500 N WELLS ST Chicago, IL.",41.89084517,-87.63412588
1430 W HUBBARD ST,"1430 W HUBBARD ST Chicago, IL.",41.89000044,-87.66353197
470 N MILWAUKEE AVE,"470 N MILWAUKEE AVE Chicago, IL.",41.89076913,-87.64709007
128 E RANDOLPH ST,"128 E RANDOLPH ST Chicago, IL.",41.88452844,-87.62384575
100 W DIVISION ST,"100 W DIVISION ST Chicago, IL.",41.90395944,-87.63152323
879 N WELLS ST,"879 N WELLS ST Chicago, IL.",41.89801315,-87.63417609
1141 N WELLS ST,"1141 N WELLS ST Chicago, IL.",41.90322327,-87.63437647
1357 N WELLS ST,"1357 N WELLS ST Chicago, IL.",41.90704543,-87.63451052
1210 N CLARK ST,"1210 N CLARK ST Chicago, IL.",41.90413869,-87.63152887
1151 N DEARBORN ST,"1151 N DEARBORN ST Chicago, IL.",41.90328596,-87.62988809
1160 N DEARBORN ST,"1160 N DEARBORN ST Chicago, IL.",41.90340392,-87.63004557
1101 N CLARK ST,"1101 N CLARK ST Chicago, IL.",41.90189989,-87.63131277
7 W CHICAGO AVE,"7 W CHICAGO AVE Chicago, IL.",41.89661762,-87.62852311
201 N DEARBORN ST,"201 N DEARBORN ST Chicago, IL.",41.88558851,-87.62941535
804 W HUBBARD ST,"804 W HUBBARD ST Chicago, IL.",41.89014444,-87.64780468
1474 W HUBBARD ST,"1474 W HUBBARD ST Chicago, IL.",41.88997344,-87.66474716
1118 N MILWAUKEE AVE,"1118 N MILWAUKEE AVE Chicago, IL.",41.9019349,-87.664384
801 N MILWAUKEE AVE,"801 N MILWAUKEE AVE Chicago, IL.",41.89635087,-87.65546319
1500 N CLYBOURN AVE,"1500 N CLYBOURN AVE Chicago, IL.",41.908374,-87.64609337
1339 N WELLS ST,"1339 N WELLS ST Chicago, IL.",41.90680492,-87.63450184
1343 N WELLS ST,"1343 N WELLS ST Chicago, IL.",41.90685849,-87.63450428
1360 W HUBBARD ST,"1360 W HUBBARD ST Chicago, IL.",41.89000044,-87.66120405
1446 N WELLS ST,"1446 N WELLS ST Chicago, IL.",41.90849228,-87.63470676
1444 N WELLS ST,"1444 N WELLS ST Chicago, IL.",41.90845871,-87.63470576
1240 N WELLS ST,"1240 N WELLS ST Chicago, IL.",41.90504537,-87.6345995
656 N WELLS ST,"656 N WELLS ST Chicago, IL.",41.89404917,-87.63421138
441 E ERIE ST,"441 E ERIE ST Chicago, IL.",41.89420902,-87.61641802
459 E ERIE ST,"459 E ERIE ST Chicago, IL.",41.89421209,-87.6161156
420 E OHIO ST,"420 E OHIO ST Chicago, IL.",41.89270661,-87.61728236
426 E ERIE ST,"426 E ERIE ST Chicago, IL.",41.89431413,-87.61711672
456 E ERIE ST,"456 E ERIE ST Chicago, IL.",41.89432428,-87.61635292
382 E CHICAGO AVE,"382 E CHICAGO AVE Chicago, IL.",41.8965997,-87.63808486
344 E CHICAGO AVE,"344 E CHICAGO AVE Chicago, IL.",41.89661014,-87.63701102
249 E PEARSON ST,"249 E PEARSON ST Chicago, IL.",41.89757154,-87.62102432
327 E CHICAGO AVE,"327 E CHICAGO AVE Chicago, IL.",41.89674002,-87.6198795
375 E CHICAGO AVE,"375 E CHICAGO AVE Chicago, IL.",41.89674995,-87.61910981
260 E CHESTNUT ST,"260 E CHESTNUT ST Chicago, IL.",41.89850544,-87.62012377
10 E PEARSON ST,"10 E PEARSON ST Chicago, IL.",41.89758003,-87.62788373
18 E PEARSON ST,"18 E PEARSON ST Chicago, IL.",41.89758594,-87.62761798
21 E WASHINGTON ST,"21 E WASHINGTON ST Chicago, IL.",41.88316285,-87.62656304
51 W ONTARIO ST,"51 W ONTARIO ST Chicago, IL.",41.89319439,-87.62950027
311 N DESPLAINES ST,"311 N DESPLAINES ST Chicago, IL.",41.88765198,-87.64422443
634 S WABASH AVE,"634 S WABASH AVE Chicago, IL.",41.87372194,-87.62605451
13 N CLINTON ST,"13 N CLINTON ST Chicago, IL.",41.88206675,-87.64112335
366 E RANDOLPH ST,"366 E RANDOLPH ST Chicago, IL.",41.88457489,-87.6190419
342 E RANDOLPH ST,"342 E RANDOLPH ST Chicago, IL.",41.88457344,-87.61964175
434 S DEARBORN ST,"434 S DEARBORN ST Chicago, IL.",41.87649687,-87.62932853
259 S DEARBORN ST,"259 S DEARBORN ST Chicago, IL.",41.8787019,-87.62924972
626 S CLARK ST,"626 S CLARK ST Chicago, IL.",41.87397872,-87.63073676
635 S FEDERAL ST,"635 S FEDERAL ST Chicago, IL.",41.8741273,-87.62957955
637 S FEDERAL ST,"637 S FEDERAL ST Chicago, IL.",41.8741066,-87.62957893
727 S FEDERAL ST,"727 S FEDERAL ST Chicago, IL.",41.87308068,-87.62954542
771 S FEDERAL ST,"771 S FEDERAL ST Chicago, IL.",41.87262457,-87.62953599
320 S DEARBORN ST,"320 S DEARBORN ST Chicago, IL.",41.8778336,-87.6293988
310 S DEARBORN ST,"310 S DEARBORN ST Chicago, IL.",41.87799461,-87.62937064
84 S DEARBORN ST,"84 S DEARBORN ST Chicago, IL.",41.88148142,-87.6294633
161 W KINZIE ST,"161 W KINZIE ST Chicago, IL.",41.88911769,-87.63325292
100 W KINZIE ST,"100 W KINZIE ST Chicago, IL.",41.8892692,-87.63113911
110 W KINZIE ST,"110 W KINZIE ST Chicago, IL.",41.88926569,-87.63126204
150 W KINZIE ST,"150 W KINZIE ST Chicago, IL.",41.88925531,-87.63175292
36 W ILLINOIS ST,"36 W ILLINOIS ST Chicago, IL.",41.89088244,-87.63017358
729 W GRAND AVE,"729 W GRAND AVE Chicago, IL.",41.89113379,-87.64688768
49 E CHICAGO AVE,"49 E CHICAGO AVE Chicago, IL.",41.89664485,-87.62624409
62 E CHICAGO AVE,"62 E CHICAGO AVE Chicago, IL.",41.89675944,-87.6262823
52 W CHICAGO AVE,"52 W CHICAGO AVE Chicago, IL.",41.89670828,-87.62997855
212 W CHICAGO AVE,"212 W CHICAGO AVE Chicago, IL.",41.89664244,-87.63504953
310 W CHICAGO AVE,"310 W CHICAGO AVE Chicago, IL.",41.89662675,-87.63629126
358 W CHICAGO AVE,"358 W CHICAGO AVE Chicago, IL.",41.89660641,-87.63745748
1432 N CLARK ST,"1432 N CLARK ST Chicago, IL.",41.90851884,-87.63166419
1200 N CLARK ST,"1200 N CLARK ST Chicago, IL.",41.90395841,-87.63152458
5 E HARRISON ST,"5 E HARRISON ST Chicago, IL.",41.87431585,-87.62741102
1111 N CLARK ST,"1111 N CLARK ST Chicago, IL.",41.90218069,-87.63132158
1218 N DEARBORN PKWY,"1218 N DEARBORN PKWY Chicago, IL.",41.90430071,-87.63007432
1301 N DEARBORN PKWY,"1301 N DEARBORN PKWY Chicago, IL.",41.90585987,-87.62996724
1325 N DEARBORN PKWY,"1325 N DEARBORN PKWY Chicago, IL.",41.90644475,-87.62998507
1335 N DEARBORN PKWY,"1335 N DEARBORN PKWY Chicago, IL.",41.90662751,-87.62999078
1340 N DEARBORN PKWY,"1340 N DEARBORN PKWY Chicago, IL.",41.90678887,-87.63014984
1353 N DEARBORN PKWY,"1353 N DEARBORN PKWY Chicago, IL.",41.90695648,-87.63000106
1248 N WELLS ST,"1248 N WELLS ST Chicago, IL.",41.90513157,-87.63460192
744 N WELLS ST,"744 N WELLS ST Chicago, IL.",41.89583351,-87.63426013
713 N WELLS ST,"713 N WELLS ST Chicago, IL.",41.89514684,-87.63408366
1155 N DEARBORN ST,"1155 N DEARBORN ST Chicago, IL.",41.90333415,-87.62988951
1168 N CLARK ST,"1168 N CLARK ST Chicago, IL.",41.9033301,-87.63150642
1122 N CLARK ST,"1122 N CLARK ST Chicago, IL.",41.90234555,-87.6314794
1024 N CLARK ST,"1024 N CLARK ST Chicago, IL.",41.90089735,-87.63143563
1337 N DEARBORN PKWY,"1337 N DEARBORN PKWY Chicago, IL.",41.90666407,-87.62999193
1222 N WELLS ST,"1222 N WELLS ST Chicago, IL.",41.90454349,-87.63458136
1300 N CLARK ST,"1300 N CLARK ST Chicago, IL.",41.90583917,-87.6315879
606 W FULTON ST,"606 W FULTON ST Chicago, IL.",41.88686475,-87.64369018
412 W CHICAGO AVE,"412 W CHICAGO AVE Chicago, IL.",41.89658844,-87.6388723
1230 N WELLS ST,"1230 N WELLS ST Chicago, IL.",41.90477247,-87.63458953
1431 N WELLS ST,"1431 N WELLS ST Chicago, IL.",41.90822625,-87.63454485
1429 N CLARK ST,"1429 N CLARK ST Chicago, IL.",41.90844309,-87.63150803
154 W JACKSON BLVD,"154 W JACKSON BLVD Chicago, IL.",41.87817829,-87.63327494
874 N CLARK ST,"874 N CLARK ST Chicago, IL.",41.89830252,-87.6313648
351 E RANDOLPH ST,"351 E RANDOLPH ST Chicago, IL.",41.88427934,-87.61905214
822 N CLARK ST,"822 N CLARK ST Chicago, IL.",41.89719145,-87.63133628
810 N CLARK ST,"810 N CLARK ST Chicago, IL.",41.89692089,-87.6313302
69 E ADAMS ST,"69 E ADAMS ST Chicago, IL.",41.87948009,-87.6253628
30 W JACKSON BLVD,"30 W JACKSON BLVD Chicago, IL.",41.87823744,-87.62802372
68 E HARRISON ST,"68 E HARRISON ST Chicago, IL.",41.87445744,-87.62650359
56 E HARRISON ST,"56 E HARRISON ST Chicago, IL.",41.87444993,-87.62668049
828 S WABASH AVE,"828 S WABASH AVE Chicago, IL.",41.87145086,-87.62600763
916 S WABASH AVE,"916 S WABASH AVE Chicago, IL.",41.87043701,-87.62598163
1131 S STATE ST,"1131 S STATE ST Chicago, IL.",41.8685274,-87.62729401
192 W KINZIE ST,"192 W KINZIE ST Chicago, IL.",41.88924557,-87.63226944
159 N WABASH AVE,"159 N WABASH AVE Chicago, IL.",41.88548045,-87.62618816
119 N WABASH AVE,"119 N WABASH AVE Chicago, IL.",41.8839093,-87.6259628
883 N WELLS ST,"883 N WELLS ST Chicago, IL.",41.89804044,-87.63417714
221 S WABASH AVE,"221 S WABASH AVE Chicago, IL.",41.87922794,-87.62603982
29 N DEARBORN ST,"29 N DEARBORN ST Chicago, IL.",41.88271225,-87.62934863
1021 N WELLS ST,"1021 N WELLS ST Chicago, IL.",41.90111823,-87.63429689
1547 N WELLS ST,"1547 N WELLS ST Chicago, IL.",41.9101734,-87.63460018
1249 N CLARK ST,"1249 N CLARK ST Chicago, IL.",41.86639301,-87.63033163
1215 N CLARK ST,"1215 N CLARK ST Chicago, IL.",41.86699512,-87.63034835
415 S MORGAN ST,"415 S MORGAN ST Chicago, IL.",41.87640651,-87.65179292
88 W JACKSON BLVD,"88 W JACKSON BLVD Chicago, IL.",41.87823544,-87.6285903
848 S WABASH AVE,"848 S WABASH AVE Chicago, IL.",41.87121158,-87.62600207
301 S FRANKLIN ST,"301 S FRANKLIN ST Chicago, IL.",41.87805159,-87.63512582
356 N DESPLAINES ST,"356 N DESPLAINES ST Chicago, IL.",41.88838254,-87.64439577
128 W KINZIE ST,"128 W KINZIE ST Chicago, IL.",41.88926042,-87.63148236
555 W KINZIE ST,"555 W KINZIE ST Chicago, IL.",41.88899485,-87.64220144
168 N CLINTON ST,"168 N CLINTON ST Chicago, IL.",41.88500072,-87.64136383
162 N CLINTON ST,"162 N CLINTON ST Chicago, IL.",41.88487338,-87.64136054
145 E SOUTH WATER ST,"145 E SOUTH WATER ST Chicago, IL.",41.8865329,-87.6176973
313 E RANDOLPH ST,"313 E RANDOLPH ST Chicago, IL.",41.88425185,-87.62040752
315 E RANDOLPH ST,"315 E RANDOLPH ST Chicago, IL.",41.88425185,-87.62039631
341 E RANDOLPH ST,"341 E RANDOLPH ST Chicago, IL.",41.88425185,-87.62025056
355 E RANDOLPH ST,"355 E RANDOLPH ST Chicago, IL.",41.8842796,-87.61901122
130 E LAKE ST,"130 E LAKE ST Chicago, IL.",41.88582453,-87.62359016
132 E LAKE ST,"132 E LAKE ST Chicago, IL.",41.88582518,-87.62355474
174 N STETSON AVE,"174 N STETSON AVE Chicago, IL.",41.88556361,-87.62238055
170 N STETSON AVE,"170 N STETSON AVE Chicago, IL.",41.88572724,-87.62238289
168 N STETSON AVE,"168 N STETSON AVE Chicago, IL.",41.88584151,-87.62238495
164 N STETSON AVE,"164 N STETSON AVE Chicago, IL.",41.88589194,-87.62238604
80 E RANDOLPH ST,"80 E RANDOLPH ST Chicago, IL.",41.88455544,-87.62529925
129 N WABASH AVE,"129 N WABASH AVE Chicago, IL.",41.8847867,-87.626365
7 S WABASH AVE,"7 S WABASH AVE Chicago, IL.",41.88196284,-87.62613168
29 S WABASH AVE,"29 S WABASH AVE Chicago, IL.",41.88174809,-87.62612408
105 S WABASH AVE,"105 S WABASH AVE Chicago, IL.",41.88068727,-87.62609159
121 S WABASH AVE,"121 S WABASH AVE Chicago, IL.",41.88049881,-87.62608483
327 S WABASH AVE,"327 S WABASH AVE Chicago, IL.",41.87788002,-87.62599959
402 S WABASH AVE,"402 S WABASH AVE Chicago, IL.",41.87662821,-87.62612559
410 S WABASH AVE,"410 S WABASH AVE Chicago, IL.",41.87652185,-87.62612293
906 S WABASH AVE,"906 S WABASH AVE Chicago, IL.",41.87047583,-87.6259823
1100 S WABASH AVE,"1100 S WABASH AVE Chicago, IL.",41.86921124,-87.62594996
1015 N WELLS ST,"1015 N WELLS ST Chicago, IL.",41.90096399,-87.63429096
99 N DEARBORN ST,"99 N DEARBORN ST Chicago, IL.",41.8831521,-87.62936022
215 W ONTARIO ST,"215 W ONTARIO ST Chicago, IL.",41.89312317,-87.63487604
223 W ONTARIO ST,"223 W ONTARIO ST Chicago, IL.",41.89312227,-87.6349388
225 W ONTARIO ST,"225 W ONTARIO ST Chicago, IL.",41.89312204,-87.63495449
1230 S WABASH AVE,"1230 S WABASH AVE Chicago, IL.",41.86795491,-87.62591017
1402 S WABASH AVE,"1402 S WABASH AVE Chicago, IL.",41.86397914,-87.62582488
410 N FRANKLIN ST,"410 N FRANKLIN ST Chicago, IL.",41.88949669,-87.63559779
300 W KINZIE ST,"300 W KINZIE ST Chicago, IL.",41.88918983,-87.63704103
1601 N WELLS ST,"1601 N WELLS ST Chicago, IL.",41.9113791,-87.63467355
57 N CLINTON ST,"57 N CLINTON ST Chicago, IL.",41.88260504,-87.64113899
51 N CLINTON ST,"51 N CLINTON ST Chicago, IL.",41.8825316,-87.6411369
2201 N LINCOLN AVE,"2201 N LINCOLN AVE Chicago, IL.",41.92196516,-87.64378698
2423 N HALSTED ST,"2423 N HALSTED ST Chicago, IL.",41.92667583,-87.64872763
2914 N HALSTED ST,"2914 N HALSTED ST Chicago, IL.",41.93497368,-87.64916907
513 W TAYLOR ST,"513 W TAYLOR ST Chicago, IL.",41.86969885,-87.63952118
501 W TAYLOR ST,"501 W TAYLOR ST Chicago, IL.",41.86969885,-87.63935319
3524 N CLARK ST,"3524 N CLARK ST Chicago, IL.",41.94612185,-87.65573844
3307 N CLARK ST,"3307 N CLARK ST Chicago, IL.",41.94196161,-87.65221137
1813 S ASHLAND AVE,"1813 S ASHLAND AVE Chicago, IL.",41.85756831,-87.66605904
1807 S ASHLAND AVE,"1807 S ASHLAND AVE Chicago, IL.",41.85765273,-87.66605981
1711 S ASHLAND AVE,"1711 S ASHLAND AVE Chicago, IL.",41.85856786,-87.66609377
1014 S CANAL ST,"1014 S CANAL ST Chicago, IL.",41.86952843,-87.63934508
1104 S CANAL ST,"1104 S CANAL ST Chicago, IL.",41.86844262,-87.639308
883 W ROOSEVELT RD,"883 W ROOSEVELT RD Chicago, IL.",41.86706185,-87.64913367
552 W ROOSEVELT RD,"552 W ROOSEVELT RD Chicago, IL.",41.86729325,-87.64103308
839 W ROOSEVELT RD,"839 W ROOSEVELT RD Chicago, IL.",41.86707135,-87.64843346
612 W ROOSEVELT RD,"612 W ROOSEVELT RD Chicago, IL.",41.86727544,-87.64242607
620 W ROOSEVELT RD,"620 W ROOSEVELT RD Chicago, IL.",41.8672749,-87.6425347
1306 S HALSTED ST,"1306 S HALSTED ST Chicago, IL.",41.86555011,-87.6469461
1447 W TAYLOR ST,"1447 W TAYLOR ST Chicago, IL.",41.86925682,-87.66319968
1236 S HALSTED ST,"1236 S HALSTED ST Chicago, IL.",41.86666903,-87.6469831
1345 W TAYLOR ST,"1345 W TAYLOR ST Chicago, IL.",41.86929955,-87.66058454
1355 S HALSTED ST,"1355 S HALSTED ST Chicago, IL.",41.86407419,-87.64675114
1033 W TAYLOR ST,"1033 W TAYLOR ST Chicago, IL.",41.86942885,-87.65247718
1310 W 18TH ST,"1310 W 18TH ST Chicago, IL.",41.85796119,-87.65933496
1420 W 18TH ST,"1420 W 18TH ST Chicago, IL.",41.85791542,-87.6622824
1424 W 18TH ST,"1424 W 18TH ST Chicago, IL.",41.85791545,-87.66241502
1446 W 18TH ST,"1446 W 18TH ST Chicago, IL.",41.85789987,-87.66318322
1448 W 18TH ST,"1448 W 18TH ST Chicago, IL.",41.85789745,-87.66333367
115 N HALSTED ST,"115 N HALSTED ST Chicago, IL.",41.88350574,-87.64733425
119 N HALSTED ST,"119 N HALSTED ST Chicago, IL.",41.88359036,-87.64733529
1504 W 18TH ST,"1504 W 18TH ST Chicago, IL.",41.85788845,-87.66398997
1514 W 18TH ST,"1514 W 18TH ST Chicago, IL.",41.85788552,-87.66436187
1518 W 18TH ST,"1518 W 18TH ST Chicago, IL.",41.857882,-87.6645096
161 N HALSTED ST,"161 N HALSTED ST Chicago, IL.",41.88542826,-87.64738992
1544 W 18TH ST,"1544 W 18TH ST Chicago, IL.",41.85786677,-87.66555231
591 W FULTON ST,"591 W FULTON ST Chicago, IL.",41.88675385,-87.64193821
575 W FULTON ST,"575 W FULTON ST Chicago, IL.",41.88675385,-87.64184505
513 W FULTON ST,"513 W FULTON ST Chicago, IL.",41.88675385,-87.64148407
222 N CANAL ST,"222 N CANAL ST Chicago, IL.",41.88599931,-87.63992175
218 N CANAL ST,"218 N CANAL ST Chicago, IL.",41.88595912,-87.63992075
560 W LAKE ST,"560 W LAKE ST Chicago, IL.",41.88576144,-87.6424728
749 N ASHLAND AVE,"749 N ASHLAND AVE Chicago, IL.",41.89581987,-87.66720667
1547 W CHICAGO AVE,"1547 W CHICAGO AVE Chicago, IL.",41.8960306,-87.66622888
1537 W CHICAGO AVE,"1537 W CHICAGO AVE Chicago, IL.",41.89603234,-87.66603914
1533 W CHICAGO AVE,"1533 W CHICAGO AVE Chicago, IL.",41.89603343,-87.66596133
1531 W CHICAGO AVE,"1531 W CHICAGO AVE Chicago, IL.",41.89603449,-87.66592341
1429 W CHICAGO AVE,"1429 W CHICAGO AVE Chicago, IL.",41.89606885,-87.66365321
1361 W CHICAGO AVE,"1361 W CHICAGO AVE Chicago, IL.",41.89610446,-87.66162593
1335 W CHICAGO AVE,"1335 W CHICAGO AVE Chicago, IL.",41.89611978,-87.66081814
1141 W CHICAGO AVE,"1141 W CHICAGO AVE Chicago, IL.",41.8961913,-87.65642871
237 W NORTH AVE,"237 W NORTH AVE Chicago, IL.",41.91103143,-87.63592683
1712 S ASHLAND AVE,"1712 S ASHLAND AVE Chicago, IL.",41.85854759,-87.66624676
904 N WELLS ST,"904 N WELLS ST Chicago, IL.",41.89984553,-87.63440106
183 W HURON ST,"183 W HURON ST Chicago, IL.",41.89473685,-87.63398072
1330 S UNION AVE,"1330 S UNION AVE Chicago, IL.",41.86398691,-87.64509968
450 E ERIE ST,"450 E ERIE ST Chicago, IL.",41.89432297,-87.61648253
395 E HURON ST,"395 E HURON ST Chicago, IL.",41.89496904,-87.6193597
1611 N HALSTED ST,"1611 N HALSTED ST Chicago, IL.",41.91147924,-87.64821113
1600 N HALSTED ST,"1600 N HALSTED ST Chicago, IL.",41.85985165,-87.64678102
1959 N HALSTED ST,"1959 N HALSTED ST Chicago, IL.",41.9172667,-87.64839248
1967 N HALSTED ST,"1967 N HALSTED ST Chicago, IL.",41.91743679,-87.64840154
2011 N HALSTED ST,"2011 N HALSTED ST Chicago, IL.",41.91840879,-87.64844172
386 E HURON ST,"386 E HURON ST Chicago, IL.",41.89508916,-87.61895134
342 E HURON ST,"342 E HURON ST Chicago, IL.",41.89508747,-87.61908563
328 E HURON ST,"328 E HURON ST Chicago, IL.",41.89508694,-87.61912836
322 E HURON ST,"322 E HURON ST Chicago, IL.",41.89508671,-87.61914667
2618 N LINCOLN AVE,"2618 N LINCOLN AVE Chicago, IL.",41.9296738,-87.6547915
88 E HURON ST,"88 E HURON ST Chicago, IL.",41.89497236,-87.62571551
2437 N HALSTED ST,"2437 N HALSTED ST Chicago, IL.",41.92686412,-87.64873391
2439 N HALSTED ST,"2439 N HALSTED ST Chicago, IL.",41.9268912,-87.64873481
2453 N HALSTED ST,"2453 N HALSTED ST Chicago, IL.",41.92707947,-87.64874187
2455 N HALSTED ST,"2455 N HALSTED ST Chicago, IL.",41.92710637,-87.64874288
2665 N HALSTED ST,"2665 N HALSTED ST Chicago, IL.",41.93067844,-87.64886607
2819 N HALSTED ST,"2819 N HALSTED ST Chicago, IL.",41.93343209,-87.64896007
2444 N HALSTED ST,"2444 N HALSTED ST Chicago, IL.",41.92699559,-87.64889281
441 N CLARK ST,"441 N CLARK ST Chicago, IL.",41.89032499,-87.63101454
3151 N HALSTED ST,"3151 N HALSTED ST Chicago, IL.",41.93933821,-87.64916919
3245 N HALSTED ST,"3245 N HALSTED ST Chicago, IL.",41.94120097,-87.64922925
3301 N HALSTED ST,"3301 N HALSTED ST Chicago, IL.",41.94185044,-87.64925359
3311 N HALSTED ST,"3311 N HALSTED ST Chicago, IL.",41.9421019,-87.64926065
3413 N HALSTED ST,"3413 N HALSTED ST Chicago, IL.",41.94413683,-87.64931264
3501 N HALSTED ST,"3501 N HALSTED ST Chicago, IL.",41.94552352,-87.64935412
3727 N HALSTED ST,"3727 N HALSTED ST Chicago, IL.",41.95002532,-87.64949548
600 W BELMONT AVE,"600 W BELMONT AVE Chicago, IL.",41.94010199,-87.64448066
604 W BELMONT AVE,"604 W BELMONT AVE Chicago, IL.",41.94010026,-87.64457375
608 W BELMONT AVE,"608 W BELMONT AVE Chicago, IL.",41.94009854,-87.64466683
822 W WASHINGTON BLVD,"822 W WASHINGTON BLVD Chicago, IL.",41.88319386,-87.6480692
810 W WASHINGTON BLVD,"810 W WASHINGTON BLVD Chicago, IL.",41.88320011,-87.6477481
636 W WASHINGTON BLVD,"636 W WASHINGTON BLVD Chicago, IL.",41.88322344,-87.64432325
3313 N HALSTED ST,"3313 N HALSTED ST Chicago, IL.",41.94215211,-87.64926229
3417 N HALSTED ST,"3417 N HALSTED ST Chicago, IL.",41.94424867,-87.64931637
3505 N HALSTED ST,"3505 N HALSTED ST Chicago, IL.",41.94561176,-87.64935853
3517 N HALSTED ST,"3517 N HALSTED ST Chicago, IL.",41.94587551,-87.64936598
3513 N HALSTED ST,"3513 N HALSTED ST Chicago, IL.",41.94578723,-87.64936377
3511 N HALSTED ST,"3511 N HALSTED ST Chicago, IL.",41.94574309,-87.64936267
101 N CANAL ST,"101 N CANAL ST Chicago, IL.",41.88324582,-87.63967365
816 W FULTON MARKET,"816 W FULTON MARKET Chicago, IL.",41.88683066,-87.64965656
3516 N CLARK ST,"3516 N CLARK ST Chicago, IL.",41.94595648,-87.6556053
3464 N CLARK ST,"3464 N CLARK ST Chicago, IL.",41.94505142,-87.6548712
3458 N CLARK ST,"3458 N CLARK ST Chicago, IL.",41.94496693,-87.65480361
3450 N CLARK ST,"3450 N CLARK ST Chicago, IL.",41.94485428,-87.65471349
1000 W FULTON MARKET,"1000 W FULTON MARKET Chicago, IL.",41.8872849,-87.6525788
1048 W FULTON MARKET,"1048 W FULTON MARKET Chicago, IL.",41.8867742,-87.6539019
2858 N HALSTED ST,"2858 N HALSTED ST Chicago, IL.",41.93398063,-87.64913503
1949 N HALSTED ST,"1949 N HALSTED ST Chicago, IL.",41.91705126,-87.64837904
2630 N HALSTED ST,"2630 N HALSTED ST Chicago, IL.",41.92985978,-87.64899269
2154 N HALSTED ST,"2154 N HALSTED ST Chicago, IL.",41.92099357,-87.64868473
2148 N HALSTED ST,"2148 N HALSTED ST Chicago, IL.",41.92088873,-87.64868129
2010 N HALSTED ST,"2010 N HALSTED ST Chicago, IL.",41.91840567,-87.64859567
1231 N ASHLAND AVE,"1231 N ASHLAND AVE Chicago, IL.",41.90438977,-87.66744481
1307 N ASHLAND AVE,"1307 N ASHLAND AVE Chicago, IL.",41.90577841,-87.66748079
566 W ROOSEVELT RD,"566 W ROOSEVELT RD Chicago, IL.",41.8672899,-87.64136147
742 W ROOSEVELT RD,"742 W ROOSEVELT RD Chicago, IL.",41.86722144,-87.64573059
852 W ROOSEVELT RD,"852 W ROOSEVELT RD Chicago, IL.",41.86719444,-87.64806452
449 W NORTH AVE,"449 W NORTH AVE Chicago, IL.",41.91096691,-87.64020102
333 W NORTH AVE,"333 W NORTH AVE Chicago, IL.",41.91099985,-87.63769724
1568 N CLARK ST,"1568 N CLARK ST Chicago, IL.",41.9108843,-87.6317387
856 N CLARK ST,"856 N CLARK ST Chicago, IL.",41.89802717,-87.63135839
1475 W 18TH ST,"1475 W 18TH ST Chicago, IL.",41.85779004,-87.66303223
1465 W 18TH ST,"1465 W 18TH ST Chicago, IL.",41.85779186,-87.66297542
1451 W 18TH ST,"1451 W 18TH ST Chicago, IL.",41.85779186,-87.66289114
1445 W 18TH ST,"1445 W 18TH ST Chicago, IL.",41.85779274,-87.66284978
1441 W 18TH ST,"1441 W 18TH ST Chicago, IL.",41.85779398,-87.66282576
830 N CLARK ST,"830 N CLARK ST Chicago, IL.",41.89737182,-87.63134033
1431 W 18TH ST,"1431 W 18TH ST Chicago, IL.",41.85779706,-87.6627657
1423 W 18TH ST,"1423 W 18TH ST Chicago, IL.",41.85780086,-87.66261732
1413 W 18TH ST,"1413 W 18TH ST Chicago, IL.",41.85780086,-87.66231081
818 N CLARK ST,"818 N CLARK ST Chicago, IL.",41.89710126,-87.63133425
806 N CLARK ST,"806 N CLARK ST Chicago, IL.",41.8968302,-87.63132734
750 N CLARK ST,"750 N CLARK ST Chicago, IL.",41.89596825,-87.63130569
714 N CLARK ST,"714 N CLARK ST Chicago, IL.",41.89525584,-87.63129206
1165 W 18TH ST,"1165 W 18TH ST Chicago, IL.",41.85790886,-87.6556545
1151 W 18TH ST,"1151 W 18TH ST Chicago, IL.",41.85791786,-87.65517451
739 N LA SALLE ST,"739 N LA SALLE ST Chicago, IL.",41.89572723,-87.63253886
1178 N WELLS ST,"1178 N WELLS ST Chicago, IL.",41.90361963,-87.63454574
1000 N WELLS ST,"1000 N WELLS ST Chicago, IL.",41.90138288,-87.63446052
828 N WELLS ST,"828 N WELLS ST Chicago, IL.",41.89685372,-87.6342898
819 N ASHLAND AVE,"819 N ASHLAND AVE Chicago, IL.",41.89667814,-87.66723231
835 N ASHLAND AVE,"835 N ASHLAND AVE Chicago, IL.",41.89711285,-87.66724326
1015 N ASHLAND AVE,"1015 N ASHLAND AVE Chicago, IL.",41.90016374,-87.66732652
1115 N ASHLAND AVE,"1115 N ASHLAND AVE Chicago, IL.",41.90199291,-87.66737865
1141 N ASHLAND AVE,"1141 N ASHLAND AVE Chicago, IL.",41.9025362,-87.66739427
1245 N ASHLAND AVE,"1245 N ASHLAND AVE Chicago, IL.",41.90474604,-87.66745592
1309 N ASHLAND AVE,"1309 N ASHLAND AVE Chicago, IL.",41.90580391,-87.66748149
1317 N ASHLAND AVE,"1317 N ASHLAND AVE Chicago, IL.",41.90590587,-87.6674843
1319 N ASHLAND AVE,"1319 N ASHLAND AVE Chicago, IL.",41.90593136,-87.66748501
1290 N ASHLAND AVE,"1290 N ASHLAND AVE Chicago, IL.",41.90498201,-87.6676151
1184 N ASHLAND AVE,"1184 N ASHLAND AVE Chicago, IL.",41.90272213,-87.66755216
1142 N ASHLAND AVE,"1142 N ASHLAND AVE Chicago, IL.",41.90254261,-87.66754842
1016 N ASHLAND AVE,"1016 N ASHLAND AVE Chicago, IL.",41.90018813,-87.6674811
834 N ASHLAND AVE,"834 N ASHLAND AVE Chicago, IL.",41.89704857,-87.66739721
756 N ASHLAND AVE,"756 N ASHLAND AVE Chicago, IL.",41.89450143,-87.66732163
750 N ASHLAND AVE,"750 N ASHLAND AVE Chicago, IL.",41.8944809,-87.66732081
210 S ASHLAND AVE,"210 S ASHLAND AVE Chicago, IL.",41.87871449,-87.66689141
216 S ASHLAND AVE,"216 S ASHLAND AVE Chicago, IL.",41.87864377,-87.66688888
220 S ASHLAND AVE,"220 S ASHLAND AVE Chicago, IL.",41.87859687,-87.66688744
226 S ASHLAND AVE,"226 S ASHLAND AVE Chicago, IL.",41.87852614,-87.66688532
234 S ASHLAND AVE,"234 S ASHLAND AVE Chicago, IL.",41.87843185,-87.66688249
1445 W TAYLOR ST,"1445 W TAYLOR ST Chicago, IL.",41.8692572,-87.66316898
1347 W TAYLOR ST,"1347 W TAYLOR ST Chicago, IL.",41.86929884,-87.66062075
1331 W TAYLOR ST,"1331 W TAYLOR ST Chicago, IL.",41.86930285,-87.66033307
1223 W TAYLOR ST,"1223 W TAYLOR ST Chicago, IL.",41.86932878,-87.65853667
1221 W TAYLOR ST,"1221 W TAYLOR ST Chicago, IL.",41.86932904,-87.65852134
1301 S HALSTED ST,"1301 S HALSTED ST Chicago, IL.",41.8650016,-87.64677483
619 W ROOSEVELT RD,"619 W ROOSEVELT RD Chicago, IL.",41.86715378,-87.643176
551 W ROOSEVELT RD,"551 W ROOSEVELT RD Chicago, IL.",41.86717838,-87.64105912
543 W ROOSEVELT RD,"543 W ROOSEVELT RD Chicago, IL.",41.86718284,-87.64088195
1155 S CANAL ST,"1155 S CANAL ST Chicago, IL.",41.86784203,-87.63913477
149 W ONTARIO ST,"149 W ONTARIO ST Chicago, IL.",41.89314385,-87.63327583
512 N FRANKLIN ST,"512 N FRANKLIN ST Chicago, IL.",41.89085381,-87.63563428
474 N FRANKLIN ST,"474 N FRANKLIN ST Chicago, IL.",41.89021929,-87.63561613
1230 S MICHIGAN AVE,"1230 S MICHIGAN AVE Chicago, IL.",41.86687569,-87.6241286
1264 S MICHIGAN AVE,"1264 S MICHIGAN AVE Chicago, IL.",41.86635964,-87.62411846
1420 S MICHIGAN AVE,"1420 S MICHIGAN AVE Chicago, IL.",41.86357584,-87.62414391
1450 S MICHIGAN AVE,"1450 S MICHIGAN AVE Chicago, IL.",41.86285734,-87.6241268
1612 S MICHIGAN AVE,"1612 S MICHIGAN AVE Chicago, IL.",41.85977526,-87.62405313
1620 S MICHIGAN AVE,"1620 S MICHIGAN AVE Chicago, IL.",41.85956822,-87.62404803
1630 S MICHIGAN AVE,"1630 S MICHIGAN AVE Chicago, IL.",41.85930942,-87.62404167
1830 S MICHIGAN AVE,"1830 S MICHIGAN AVE Chicago, IL.",41.85747403,-87.6240006
2000 S MICHIGAN AVE,"2000 S MICHIGAN AVE Chicago, IL.",41.85543307,-87.62395311
2014 S MICHIGAN AVE,"2014 S MICHIGAN AVE Chicago, IL.",41.85527714,-87.62395022
2124 S MICHIGAN AVE,"2124 S MICHIGAN AVE Chicago, IL.",41.8539265,-87.6239207
2132 S MICHIGAN AVE,"2132 S MICHIGAN AVE Chicago, IL.",41.85382637,-87.62391845
194 N ABERDEEN ST,"194 N ABERDEEN ST Chicago, IL.",41.88504419,-87.65453681
1350 W MADISON ST,"1350 W MADISON ST Chicago, IL.",41.88163957,-87.66126508
1500 W MADISON ST,"1500 W MADISON ST Chicago, IL.",41.88158544,-87.6644947
2113 S WABASH AVE,"2113 S WABASH AVE Chicago, IL.",41.85406039,-87.62544838
1933 S WABASH AVE,"1933 S WABASH AVE Chicago, IL.",41.85628214,-87.62549942
1913 S WABASH AVE,"1913 S WABASH AVE Chicago, IL.",41.85651239,-87.62550422
1809 S WABASH AVE,"1809 S WABASH AVE Chicago, IL.",41.85770956,-87.62553002
845 W MONROE ST,"845 W MONROE ST Chicago, IL.",41.88040763,-87.64882062
570 W ADAMS ST,"570 W ADAMS ST Chicago, IL.",41.87933544,-87.6422788
35 N JEFFERSON ST,"35 N JEFFERSON ST Chicago, IL.",41.88231812,-87.64259828
9 N JEFFERSON ST,"9 N JEFFERSON ST Chicago, IL.",41.88199296,-87.64258856
571 W FULTON ST,"571 W FULTON ST Chicago, IL.",41.88675385,-87.64182176
563 W FULTON ST,"563 W FULTON ST Chicago, IL.",41.88675385,-87.64177518
363 W KINZIE ST,"363 W KINZIE ST Chicago, IL.",41.88907115,-87.63755434
12 E KINZIE ST,"12 E KINZIE ST Chicago, IL.",41.88931872,-87.62755462
268 S COLUMBUS DR,"268 S COLUMBUS DR Chicago, IL.",41.8786145,-87.62079021
272 S COLUMBUS DR,"272 S COLUMBUS DR Chicago, IL.",41.87858389,-87.62078638
263 S COLUMBUS DR,"263 S COLUMBUS DR Chicago, IL.",41.87964846,-87.6206728
241 S COLUMBUS DR,"241 S COLUMBUS DR Chicago, IL.",41.87980768,-87.62067561
243 S COLUMBUS DR,"243 S COLUMBUS DR Chicago, IL.",41.87979328,-87.62067531
1706 S ASHLAND AVE,"1706 S ASHLAND AVE Chicago, IL.",41.85859622,-87.66624908
469 N NEW ST,"469 N NEW ST Chicago, IL.",41.89081316,-87.61852545
461 N NEW ST,"461 N NEW ST Chicago, IL.",41.89076961,-87.61852377
451 N NEW ST,"451 N NEW ST Chicago, IL.",41.8907159,-87.61852165
443 N NEW ST,"443 N NEW ST Chicago, IL.",41.89067237,-87.61851923
455 N MCCLURG CT,"455 N MCCLURG CT Chicago, IL.",41.89005014,-87.61755903
1709 S ASHLAND AVE,"1709 S ASHLAND AVE Chicago, IL.",41.85858407,-87.66609455
101 W GRAND AVE,"101 W GRAND AVE Chicago, IL.",41.89156666,-87.63120066
153 W GRAND AVE,"153 W GRAND AVE Chicago, IL.",41.89153992,-87.63307664
190 N WELLS ST,"190 N WELLS ST Chicago, IL.",41.88560793,-87.63400284
811 W ROOSEVELT RD,"811 W ROOSEVELT RD Chicago, IL.",41.86707985,-87.64787081
541 W RANDOLPH ST,"541 W RANDOLPH ST Chicago, IL.",41.88437785,-87.64176386
1212 W WASHINGTON BLVD,"1212 W WASHINGTON BLVD Chicago, IL.",41.88302288,-87.65797786
1218 W 18TH ST,"1218 W 18TH ST Chicago, IL.",41.85800353,-87.65680188
1508 W 18TH ST,"1508 W 18TH ST Chicago, IL.",41.85788845,-87.66413777
1532 W 18TH ST,"1532 W 18TH ST Chicago, IL.",41.85787514,-87.66502544
1538 W 18TH ST,"1538 W 18TH ST Chicago, IL.",41.85787281,-87.66524712
215 W CERMAK RD,"215 W CERMAK RD Chicago, IL.",41.85286886,-87.63144175
49 E CERMAK RD,"49 E CERMAK RD Chicago, IL.",41.85271585,-87.62530199
63 E CERMAK RD,"63 E CERMAK RD Chicago, IL.",41.85273189,-87.62409994
65 E CERMAK RD,"65 E CERMAK RD Chicago, IL.",41.85273048,-87.62417317
854 N ELSTON AVE,"854 N ELSTON AVE Chicago, IL.",41.89792703,-87.65665814
2033 S INDIANA AVE,"2033 S INDIANA AVE Chicago, IL.",41.85510672,-87.62211451
548 W ROOSEVELT RD,"548 W ROOSEVELT RD Chicago, IL.",41.8672957,-87.64094143
554 W ROOSEVELT RD,"554 W ROOSEVELT RD Chicago, IL.",41.86729277,-87.64107999
558 W ROOSEVELT RD,"558 W ROOSEVELT RD Chicago, IL.",41.86729181,-87.64117382
848 W ROOSEVELT RD,"848 W ROOSEVELT RD Chicago, IL.",41.86719444,-87.64787081
1649 N WELLS ST,"1649 N WELLS ST Chicago, IL.",41.91251567,-87.63467543
429 S DEARBORN ST,"429 S DEARBORN ST Chicago, IL.",41.87653647,-87.62917539
23 N DEARBORN ST,"23 N DEARBORN ST Chicago, IL.",41.88267427,-87.62934727
2048 N HALSTED ST,"2048 N HALSTED ST Chicago, IL.",41.91906635,-87.64861799
2028 N HALSTED ST,"2028 N HALSTED ST Chicago, IL.",41.9187187,-87.6486065
523 W NORTH AVE,"523 W NORTH AVE Chicago, IL.",41.91097584,-87.6431843
509 W NORTH AVE,"509 W NORTH AVE Chicago, IL.",41.91097733,-87.64315418
319 W NORTH AVE,"319 W NORTH AVE Chicago, IL.",41.91101112,-87.63721855
313 W NORTH AVE,"313 W NORTH AVE Chicago, IL.",41.91101565,-87.63705762
729 W LAKE ST,"729 W LAKE ST Chicago, IL.",41.88562604,-87.64692684
1975 N CLARK ST,"1975 N CLARK ST Chicago, IL.",41.91755211,-87.63546231
2257 N LINCOLN AVE,"2257 N LINCOLN AVE Chicago, IL.",41.92304045,-87.64528706
1996 N CLARK ST,"1996 N CLARK ST Chicago, IL.",41.91836068,-87.6361324
2727 N LINCOLN AVE,"2727 N LINCOLN AVE Chicago, IL.",41.93130249,-87.65683948
1828 N CLARK ST,"1828 N CLARK ST Chicago, IL.",41.91573993,-87.63451794
238 W NORTH AVE,"238 W NORTH AVE Chicago, IL.",41.91125844,-87.63609394
1650 N WELLS ST,"1650 N WELLS ST Chicago, IL.",41.91252566,-87.63482974
1632 N WELLS ST,"1632 N WELLS ST Chicago, IL.",41.91215116,-87.63482046
1612 N WELLS ST,"1612 N WELLS ST Chicago, IL.",41.91157303,-87.63479858
1600 N WELLS ST,"1600 N WELLS ST Chicago, IL.",41.91127644,-87.63479024
25 N PEORIA ST,"25 N PEORIA ST Chicago, IL.",41.88230194,-87.64963506
512 N WELLS ST,"512 N WELLS ST Chicago, IL.",41.89136032,-87.63414075
719 N OGDEN AVE,"719 N OGDEN AVE Chicago, IL.",41.89620649,-87.65467002
755 N OGDEN AVE,"755 N OGDEN AVE Chicago, IL.",41.89609664,-87.65476719
3526 N SOUTHPORT AVE,"3526 N SOUTHPORT AVE Chicago, IL.",41.94597606,-87.6640632
3422 N SOUTHPORT AVE,"3422 N SOUTHPORT AVE Chicago, IL.",41.94409309,-87.6640141
1230 W FULTON ST,"1230 W FULTON ST Chicago, IL.",41.88672085,-87.65749604
2550 N SOUTHPORT AVE,"2550 N SOUTHPORT AVE Chicago, IL.",41.92823069,-87.66349936
2326 N SOUTHPORT AVE,"2326 N SOUTHPORT AVE Chicago, IL.",41.92408073,-87.66335872
2318 N SOUTHPORT AVE,"2318 N SOUTHPORT AVE Chicago, IL.",41.92400933,-87.66335622
832 W FULLERTON AVE,"832 W FULLERTON AVE Chicago, IL.",41.92548312,-87.65038564
649 W ARMITAGE AVE,"649 W ARMITAGE AVE Chicago, IL.",41.91816384,-87.64559887
1964 N HALSTED ST,"1964 N HALSTED ST Chicago, IL.",41.91739026,-87.64855355
1962 N HALSTED ST,"1962 N HALSTED ST Chicago, IL.",41.91734751,-87.64855165
1950 N HALSTED ST,"1950 N HALSTED ST Chicago, IL.",41.91709033,-87.64853528
442 N WELLS ST,"442 N WELLS ST Chicago, IL.",41.89019017,-87.63411163
265 W DIVISION ST,"265 W DIVISION ST Chicago, IL.",41.90378429,-87.63532487
259 W DIVISION ST,"259 W DIVISION ST Chicago, IL.",41.90378567,-87.63525262
225 W DIVISION ST,"225 W DIVISION ST Chicago, IL.",41.90379333,-87.63484336
1225 N WELLS ST,"1225 N WELLS ST Chicago, IL.",41.9041545,-87.63441402
1349 N WELLS ST,"1349 N WELLS ST Chicago, IL.",41.90693825,-87.63450722
1407 N WELLS ST,"1407 N WELLS ST Chicago, IL.",41.90782339,-87.63453292
1415 N WELLS ST,"1415 N WELLS ST Chicago, IL.",41.90795767,-87.63453687
1647 N WELLS ST,"1647 N WELLS ST Chicago, IL.",41.91250317,-87.63467506
236 W NORTH AVE,"236 W NORTH AVE Chicago, IL.",41.91125844,-87.63607743
1915 N CLYBOURN AVE,"1915 N CLYBOURN AVE Chicago, IL.",41.91613521,-87.6566852
2330 N RACINE AVE,"2330 N RACINE AVE Chicago, IL.",41.92393392,-87.65848719
1350 W FULLERTON AVE,"1350 W FULLERTON AVE Chicago, IL.",41.92528663,-87.66257733
1004 W BELMONT AVE,"1004 W BELMONT AVE Chicago, IL.",41.93996843,-87.65433648
2774 N LINCOLN AVE,"2774 N LINCOLN AVE Chicago, IL.",41.9320577,-87.65812199
2764 N LINCOLN AVE,"2764 N LINCOLN AVE Chicago, IL.",41.93188312,-87.65787699
2762 N LINCOLN AVE,"2762 N LINCOLN AVE Chicago, IL.",41.93184821,-87.657828
1021 W BELMONT AVE,"1021 W BELMONT AVE Chicago, IL.",41.93983584,-87.65509499
2540 N LINCOLN AVE,"2540 N LINCOLN AVE Chicago, IL.",41.9281131,-87.65260614
2475 N LINCOLN AVE,"2475 N LINCOLN AVE Chicago, IL.",41.92695804,-87.65076375
2442 N LINCOLN AVE,"2442 N LINCOLN AVE Chicago, IL.",41.92641743,-87.65023666
2369 N CLARK ST,"2369 N CLARK ST Chicago, IL.",41.92528847,-87.64020466
2409 N CLARK ST,"2409 N CLARK ST Chicago, IL.",41.92585228,-87.64056539
2413 N CLARK ST,"2413 N CLARK ST Chicago, IL.",41.92594744,-87.64062533
2433 N CLARK ST,"2433 N CLARK ST Chicago, IL.",41.92643594,-87.64091553
2447 N CLARK ST,"2447 N CLARK ST Chicago, IL.",41.9267779,-87.64111867
2503 N CLARK ST,"2503 N CLARK ST Chicago, IL.",41.92793464,-87.64179201
2555 N CLARK ST,"2555 N CLARK ST Chicago, IL.",41.92921968,-87.64254837
2678 N CLARK ST,"2678 N CLARK ST Chicago, IL.",41.93153231,-87.64447165
2628 N CLARK ST,"2628 N CLARK ST Chicago, IL.",41.93031238,-87.64374996
2322 N CLARK ST,"2322 N CLARK ST Chicago, IL.",41.92438251,-87.63981935
344 W HUBBARD ST,"344 W HUBBARD ST Chicago, IL.",41.8899846,-87.63745303
716 W KINZIE ST,"716 W KINZIE ST Chicago, IL.",41.88909144,-87.64622894
301 W HUBBARD ST,"301 W HUBBARD ST Chicago, IL.",41.88990385,-87.63561371
200 W HUBBARD ST,"200 W HUBBARD ST Chicago, IL.",41.89003644,-87.63410621
515 N HALSTED ST,"515 N HALSTED ST Chicago, IL.",41.89171302,-87.64756226
525 N HALSTED ST,"525 N HALSTED ST Chicago, IL.",41.8917593,-87.64756121
830 W GRAND AVE,"830 W GRAND AVE Chicago, IL.",41.89122444,-87.64900129
838 W GRAND AVE,"838 W GRAND AVE Chicago, IL.",41.89122444,-87.64903611
1042 W GRAND AVE,"1042 W GRAND AVE Chicago, IL.",41.89119744,-87.65152017
1148 W GRAND AVE,"1148 W GRAND AVE Chicago, IL.",41.89114344,-87.65672677
1212 W GRAND AVE,"1212 W GRAND AVE Chicago, IL.",41.89113444,-87.65798771
1216 W GRAND AVE,"1216 W GRAND AVE Chicago, IL.",41.89113444,-87.65804462
1529 W CHICAGO AVE,"1529 W CHICAGO AVE Chicago, IL.",41.89603554,-87.66588548
1437 W CHICAGO AVE,"1437 W CHICAGO AVE Chicago, IL.",41.89610869,-87.66385919
700 N FAIRBANKS CT,"700 N FAIRBANKS CT Chicago, IL.",41.89507517,-87.62040089
3238 N HALSTED ST,"3238 N HALSTED ST Chicago, IL.",41.94115758,-87.64938206
1223 N ASHLAND AVE,"1223 N ASHLAND AVE Chicago, IL.",41.90420032,-87.66744125
1225 N ASHLAND AVE,"1225 N ASHLAND AVE Chicago, IL.",41.90421158,-87.66744125
1951 N HALSTED ST,"1951 N HALSTED ST Chicago, IL.",41.91709582,-87.64838146
1530 N HALSTED ST,"1530 N HALSTED ST Chicago, IL.",41.90899367,-87.64830185
1524 N HALSTED ST,"1524 N HALSTED ST Chicago, IL.",41.90892078,-87.64829984
1844 N CLYBOURN AVE,"1844 N CLYBOURN AVE Chicago, IL.",41.9145727,-87.65473198
1480 N HALSTED ST,"1480 N HALSTED ST Chicago, IL.",41.90821992,-87.64828278
1237 N CLYBOURN AVE,"1237 N CLYBOURN AVE Chicago, IL.",41.90448974,-87.64045072
1532 N WELLS ST,"1532 N WELLS ST Chicago, IL.",41.90993583,-87.634747
1326 N WELLS ST,"1326 N WELLS ST Chicago, IL.",41.90697554,-87.63466238
609 N DEARBORN ST,"609 N DEARBORN ST Chicago, IL.",41.89313196,-87.62961559
659 N DEARBORN ST,"659 N DEARBORN ST Chicago, IL.",41.89367659,-87.62963072
1353 W FULLERTON AVE,"1353 W FULLERTON AVE Chicago, IL.",41.92517454,-87.66237161
1133 N DEARBORN ST,"1133 N DEARBORN ST Chicago, IL.",41.90281991,-87.62987759
1184 N WELLS ST,"1184 N WELLS ST Chicago, IL.",41.90367292,-87.6345479
350 W OAK ST,"350 W OAK ST Chicago, IL.",41.90054844,-87.63844229
405 W HURON ST,"405 W HURON ST Chicago, IL.",41.89467385,-87.63880734
418 N FRANKLIN ST,"418 N FRANKLIN ST Chicago, IL.",41.88972925,-87.63560338
3750 N HALSTED ST,"3750 N HALSTED ST Chicago, IL.",41.95045274,-87.64966925
3324 N HALSTED ST,"3324 N HALSTED ST Chicago, IL.",41.94245059,-87.64942618
2515 N HALSTED ST,"2515 N HALSTED ST Chicago, IL.",41.92791293,-87.64877041
447 W NORTH AVE,"447 W NORTH AVE Chicago, IL.",41.91096735,-87.64017167
216 N WELLS ST,"216 N WELLS ST Chicago, IL.",41.8861354,-87.63401583
59 W ADAMS ST,"59 W ADAMS ST Chicago, IL.",41.87938932,-87.6286673
1466 N HALSTED ST,"1466 N HALSTED ST Chicago, IL.",41.90799045,-87.64827793
820 N DEARBORN ST,"820 N DEARBORN ST Chicago, IL.",41.89696118,-87.62985555
1022 N DEARBORN ST,"1022 N DEARBORN ST Chicago, IL.",41.90089463,-87.62997523
1130 N DEARBORN ST,"1130 N DEARBORN ST Chicago, IL.",41.9027616,-87.63002989
2364 N LINCOLN AVE,"2364 N LINCOLN AVE Chicago, IL.",41.92478108,-87.64793834
2360 N LINCOLN AVE,"2360 N LINCOLN AVE Chicago, IL.",41.92470987,-87.64784248
2356 N LINCOLN AVE,"2356 N LINCOLN AVE Chicago, IL.",41.92464089,-87.64774446
2226 N LINCOLN AVE,"2226 N LINCOLN AVE Chicago, IL.",41.92247686,-87.64472663
3916 N SOUTHPORT AVE,"3916 N SOUTHPORT AVE Chicago, IL.",41.95286497,-87.66425548
677 N CLARK ST,"677 N CLARK ST Chicago, IL.",41.894504,-87.63111867
651 N CLARK ST,"651 N CLARK ST Chicago, IL.",41.89418567,-87.63111261
2445 N HALSTED ST,"2445 N HALSTED ST Chicago, IL.",41.92697189,-87.64873784
2661 N HALSTED ST,"2661 N HALSTED ST Chicago, IL.",41.93058246,-87.64886285
2843 N HALSTED ST,"2843 N HALSTED ST Chicago, IL.",41.93375749,-87.64897336
2913 N HALSTED ST,"2913 N HALSTED ST Chicago, IL.",41.93492367,-87.64901324
2917 N HALSTED ST,"2917 N HALSTED ST Chicago, IL.",41.9350296,-87.64901691
2919 N HALSTED ST,"2919 N HALSTED ST Chicago, IL.",41.93508256,-87.64901875
3239 N HALSTED ST,"3239 N HALSTED ST Chicago, IL.",41.9411415,-87.6492275
232 N FRANKLIN ST,"232 N FRANKLIN ST Chicago, IL.",41.886101,-87.63546105
3821 N BROADWAY ST,"3821 N BROADWAY ST Chicago, IL.",41.95181114,-87.64954849
3404 N SOUTHPORT AVE,"3404 N SOUTHPORT AVE Chicago, IL.",41.9435646,-87.66399804
116 W ILLINOIS ST,"116 W ILLINOIS ST Chicago, IL.",41.89087454,-87.63138223
28 W ILLINOIS ST,"28 W ILLINOIS ST Chicago, IL.",41.89088244,-87.63006332
958 W BELMONT AVE,"958 W BELMONT AVE Chicago, IL.",41.93997743,-87.65363697
946 W BELMONT AVE,"946 W BELMONT AVE Chicago, IL.",41.93998999,-87.65271567
2512 N HALSTED ST,"2512 N HALSTED ST Chicago, IL.",41.92791042,-87.6489244
1961 N HALSTED ST,"1961 N HALSTED ST Chicago, IL.",41.91730943,-87.64839524
1952 N HALSTED ST,"1952 N HALSTED ST Chicago, IL.",41.91713305,-87.64853803
1536 N HALSTED ST,"1536 N HALSTED ST Chicago, IL.",41.90906655,-87.64830386
51 W HURON ST,"51 W HURON ST Chicago, IL.",41.89479005,-87.63009809
120 S LA SALLE ST,"120 S LA SALLE ST Chicago, IL.",41.8800899,-87.63238922
1420 S WABASH AVE,"1420 S WABASH AVE Chicago, IL.",41.86369861,-87.62582029
864 W TAYLOR ST,"864 W TAYLOR ST Chicago, IL.",41.86969576,-87.64841037
1516 W TAYLOR ST,"1516 W TAYLOR ST Chicago, IL.",41.86935445,-87.66431359
1167 W 18TH ST,"1167 W 18TH ST Chicago, IL.",41.85790886,-87.65570466
1004 S CANAL ST,"1004 S CANAL ST Chicago, IL.",41.86964909,-87.63934939
183 S FRANKLIN ST,"183 S FRANKLIN ST Chicago, IL.",41.87961543,-87.6351671
171 S FRANKLIN ST,"171 S FRANKLIN ST Chicago, IL.",41.87975677,-87.63517209
749 N WELLS ST,"749 N WELLS ST Chicago, IL.",41.89588746,-87.63410737
1254 N WELLS ST,"1254 N WELLS ST Chicago, IL.",41.90519626,-87.63460379
13 N DEARBORN ST,"13 N DEARBORN ST Chicago, IL.",41.8823832,-87.6293042
1034 N WELLS ST,"1034 N WELLS ST Chicago, IL.",41.9016125,-87.63447131
126 N DEARBORN ST,"126 N DEARBORN ST Chicago, IL.",41.88473302,-87.62954311
791 S FEDERAL ST,"791 S FEDERAL ST Chicago, IL.",41.87241725,-87.62953171
1423 N WELLS ST,"1423 N WELLS ST Chicago, IL.",41.90809197,-87.63454086
612 S WABASH AVE,"612 S WABASH AVE Chicago, IL.",41.87400646,-87.62606149
1332 S HALSTED ST,"1332 S HALSTED ST Chicago, IL.",41.86436935,-87.64691561
1344 S HALSTED ST,"1344 S HALSTED ST Chicago, IL.",41.86411735,-87.64690661
1749 N WELLS ST,"1749 N WELLS ST Chicago, IL.",41.91425928,-87.63472886
156 W MONROE ST,"156 W MONROE ST Chicago, IL.",41.88074297,-87.63168563
128 W MONROE ST,"128 W MONROE ST Chicago, IL.",41.88074683,-87.63130783
1933 N LINCOLN AVE,"1933 N LINCOLN AVE Chicago, IL.",41.91718523,-87.63709571
610 W ROOSEVELT RD,"610 W ROOSEVELT RD Chicago, IL.",41.86727544,-87.64239917
618 W ROOSEVELT RD,"618 W ROOSEVELT RD Chicago, IL.",41.86727517,-87.64250781
728 W ROOSEVELT RD,"728 W ROOSEVELT RD Chicago, IL.",41.86722144,-87.64556679
1090 W ROOSEVELT RD,"1090 W ROOSEVELT RD Chicago, IL.",41.867165,-87.654781
1200 W ROOSEVELT RD,"1200 W ROOSEVELT RD Chicago, IL.",41.86705045,-87.65675918
1236 W ROOSEVELT RD,"1236 W ROOSEVELT RD Chicago, IL.",41.86703245,-87.65807314
1348 W ROOSEVELT RD,"1348 W ROOSEVELT RD Chicago, IL.",41.86699236,-87.66032602
1834 S BLUE ISLAND AVE,"1834 S BLUE ISLAND AVE Chicago, IL.",41.85713073,-87.66187604
1854 S BLUE ISLAND AVE,"1854 S BLUE ISLAND AVE Chicago, IL.",41.8568136,-87.66214416
1431 W ROOSEVELT RD,"1431 W ROOSEVELT RD Chicago, IL.",41.86684537,-87.66234606
1862 S BLUE ISLAND AVE,"1862 S BLUE ISLAND AVE Chicago, IL.",41.85668675,-87.66225141
1900 S BLUE ISLAND AVE,"1900 S BLUE ISLAND AVE Chicago, IL.",41.85602169,-87.66282267
1914 S BLUE ISLAND AVE,"1914 S BLUE ISLAND AVE Chicago, IL.",41.85590378,-87.66292092
1916 S BLUE ISLAND AVE,"1916 S BLUE ISLAND AVE Chicago, IL.",41.85588694,-87.66293496
1359 W ROOSEVELT RD,"1359 W ROOSEVELT RD Chicago, IL.",41.86687351,-87.66055587
1055 W ROOSEVELT RD,"1055 W ROOSEVELT RD Chicago, IL.",41.8665658,-87.6534303
212 W HUBBARD ST,"212 W HUBBARD ST Chicago, IL.",41.89003644,-87.63435945
222 W HUBBARD ST,"222 W HUBBARD ST Chicago, IL.",41.89002907,-87.63469098
407 W ILLINOIS ST,"407 W ILLINOIS ST Chicago, IL.",41.89068414,-87.63721086
847 N LARRABEE ST,"847 N LARRABEE ST Chicago, IL.",41.89821753,-87.64292353
909 N LARRABEE ST,"909 N LARRABEE ST Chicago, IL.",41.89869984,-87.64294605
2139 S PRINCETON AVE,"2139 S PRINCETON AVE Chicago, IL.",41.8540158,-87.6359705
2147 S TAN CT,"2147 S TAN CT Chicago, IL.",41.85461519,-87.63540742
1702 S WABASH AVE,"1702 S WABASH AVE Chicago, IL.",41.85899768,-87.62571314
1912 S WABASH AVE,"1912 S WABASH AVE Chicago, IL.",41.85651061,-87.62565805
1914 S WABASH AVE,"1914 S WABASH AVE Chicago, IL.",41.85648759,-87.62565757
1918 S WABASH AVE,"1918 S WABASH AVE Chicago, IL.",41.85644154,-87.62565661
1926 S WABASH AVE,"1926 S WABASH AVE Chicago, IL.",41.85634944,-87.62565469
1345 N WELLS ST,"1345 N WELLS ST Chicago, IL.",41.90688528,-87.63450549
1355 N WELLS ST,"1355 N WELLS ST Chicago, IL.",41.90701864,-87.63450969
1324 N WELLS ST,"1324 N WELLS ST Chicago, IL.",41.90695804,-87.63466184
1182 N WELLS ST,"1182 N WELLS ST Chicago, IL.",41.90365536,-87.63454711
1144 N WELLS ST,"1144 N WELLS ST Chicago, IL.",41.90331595,-87.63453406
910 N WELLS ST,"910 N WELLS ST Chicago, IL.",41.89988647,-87.63440219
750 N FRANKLIN ST,"750 N FRANKLIN ST Chicago, IL.",41.89574924,-87.63575322
1415 S WABASH AVE,"1415 S WABASH AVE Chicago, IL.",41.86382105,-87.62566868
809 W ROOSEVELT RD,"809 W ROOSEVELT RD Chicago, IL.",41.86708885,-87.64740368
540 N WELLS ST,"540 N WELLS ST Chicago, IL.",41.8918354,-87.63415293
611 W ROOSEVELT RD,"611 W ROOSEVELT RD Chicago, IL.",41.8671579,-87.64277052
236 W 26TH ST,"236 W 26TH ST Chicago, IL.",41.84556682,-87.63333332
2129 S ARCHER AVE,"2129 S ARCHER AVE Chicago, IL.",41.85342383,-87.63351506
372 N DEARBORN ST,"372 N DEARBORN ST Chicago, IL.",41.88879945,-87.62964891
1101 N ORLEANS ST,"1101 N ORLEANS ST Chicago, IL.",41.90212468,-87.63731097
1711 N CLYBOURN AVE,"1711 N CLYBOURN AVE Chicago, IL.",41.91262898,-87.65179957
2007 N SHEFFIELD AVE,"2007 N SHEFFIELD AVE Chicago, IL.",41.9182673,-87.65329483
2769 N SHEFFIELD AVE,"2769 N SHEFFIELD AVE Chicago, IL.",41.93206196,-87.65375726
2909 N SHEFFIELD AVE,"2909 N SHEFFIELD AVE Chicago, IL.",41.93475746,-87.6538552
2531 N CLARK ST,"2531 N CLARK ST Chicago, IL.",41.92875446,-87.6422781
3255 N SHEFFIELD AVE,"3255 N SHEFFIELD AVE Chicago, IL.",41.9409134,-87.65406095
2821 N CLARK ST,"2821 N CLARK ST Chicago, IL.",41.93364636,-87.6454771
3035 N CLARK ST,"3035 N CLARK ST Chicago, IL.",41.93696293,-87.64816445
3341 N CLARK ST,"3341 N CLARK ST Chicago, IL.",41.94277334,-87.65286885
818 W FLETCHER ST,"818 W FLETCHER ST Chicago, IL.",41.93905043,-87.6509863
3139 N SHEFFIELD AVE,"3139 N SHEFFIELD AVE Chicago, IL.",41.9392127,-87.65400259
1020 W BELMONT AVE,"1020 W BELMONT AVE Chicago, IL.",41.9399527,-87.65498959
1716 N WELLS ST,"1716 N WELLS ST Chicago, IL.",41.91339355,-87.63485522
820 N FRANKLIN ST,"820 N FRANKLIN ST Chicago, IL.",41.89734568,-87.63578761
1811 N HALSTED ST,"1811 N HALSTED ST Chicago, IL.",41.91410118,-87.64829065
1925 N HALSTED ST,"1925 N HALSTED ST Chicago, IL.",41.91653808,-87.64836805
1927 N HALSTED ST,"1927 N HALSTED ST Chicago, IL.",41.91658084,-87.64836896
1929 N HALSTED ST,"1929 N HALSTED ST Chicago, IL.",41.91662361,-87.64836988
3512 N HALSTED ST,"3512 N HALSTED ST Chicago, IL.",41.94586077,-87.6495197
3332 N HALSTED ST,"3332 N HALSTED ST Chicago, IL.",41.94265179,-87.64943182
2818 N HALSTED ST,"2818 N HALSTED ST Chicago, IL.",41.93328143,-87.64910926
2636 N HALSTED ST,"2636 N HALSTED ST Chicago, IL.",41.93000375,-87.64899752
2622 N HALSTED ST,"2622 N HALSTED ST Chicago, IL.",41.92966783,-87.64898625
2146 N HALSTED ST,"2146 N HALSTED ST Chicago, IL.",41.92085378,-87.64868015
2142 N HALSTED ST,"2142 N HALSTED ST Chicago, IL.",41.92078389,-87.64867786
2122 N HALSTED ST,"2122 N HALSTED ST Chicago, IL.",41.92043441,-87.6486664
1966 N HALSTED ST,"1966 N HALSTED ST Chicago, IL.",41.917433,-87.64855545
1722 N HALSTED ST,"1722 N HALSTED ST Chicago, IL.",41.91292504,-87.64841156
1538 N HALSTED ST,"1538 N HALSTED ST Chicago, IL.",41.90909085,-87.64830453
2021 N HALSTED ST,"2021 N HALSTED ST Chicago, IL.",41.91858246,-87.64844795
2023 N HALSTED ST,"2023 N HALSTED ST Chicago, IL.",41.91861722,-87.6484491
2109 N HALSTED ST,"2109 N HALSTED ST Chicago, IL.",41.92019279,-87.64850366
743 N KINGSBURY ST,"743 N KINGSBURY ST Chicago, IL.",41.89571147,-87.64143201
2377 N HALSTED ST,"2377 N HALSTED ST Chicago, IL.",41.92440949,-87.64864574
873 N LARRABEE ST,"873 N LARRABEE ST Chicago, IL.",41.89841994,-87.64293324
3707 N HALSTED ST,"3707 N HALSTED ST Chicago, IL.",41.9493972,-87.64947557
3715 N HALSTED ST,"3715 N HALSTED ST Chicago, IL.",41.94969094,-87.64948606
3038 N HALSTED ST,"3038 N HALSTED ST Chicago, IL.",41.93689355,-87.64923513
723 W ARMITAGE AVE,"723 W ARMITAGE AVE Chicago, IL.",41.91814069,-87.64691983
1160 N WELLS ST,"1160 N WELLS ST Chicago, IL.",41.90345886,-87.63453956
185 W HUBBARD ST,"185 W HUBBARD ST Chicago, IL.",41.88994994,-87.63220988
173 S FRANKLIN ST,"173 S FRANKLIN ST Chicago, IL.",41.87973321,-87.63517126
48 W DELAWARE PL,"48 W DELAWARE PL Chicago, IL.",41.89880343,-87.63009251
601 W MADISON ST,"601 W MADISON ST Chicago, IL.",41.88177685,-87.6427372
133 S ASHLAND AVE,"133 S ASHLAND AVE Chicago, IL.",41.87973612,-87.66659198
1363 W CHICAGO AVE,"1363 W CHICAGO AVE Chicago, IL.",41.89610391,-87.66166287
1313 W CHICAGO AVE,"1313 W CHICAGO AVE Chicago, IL.",41.89612957,-87.66012162
1246 N ASHLAND AVE,"1246 N ASHLAND AVE Chicago, IL.",41.90460779,-87.66760593
1032 N ASHLAND AVE,"1032 N ASHLAND AVE Chicago, IL.",41.90067444,-87.66749622
1440 S WABASH AVE,"1440 S WABASH AVE Chicago, IL.",41.86338826,-87.62581139
1932 S WABASH AVE,"1932 S WABASH AVE Chicago, IL.",41.85628037,-87.62565326
2215 S MICHIGAN AVE,"2215 S MICHIGAN AVE Chicago, IL.",41.8525123,-87.62372201
900 W JACKSON BLVD,"900 W JACKSON BLVD Chicago, IL.",41.87796744,-87.6496582
2121 S MICHIGAN AVE,"2121 S MICHIGAN AVE Chicago, IL.",41.85397848,-87.623768
230 W CERMAK RD,"230 W CERMAK RD Chicago, IL.",41.85296837,-87.63314043
180 W ADAMS ST,"180 W ADAMS ST Chicago, IL.",41.87944369,-87.63343844
208 W KINZIE ST,"208 W KINZIE ST Chicago, IL.",41.88921744,-87.63415478
224 W KINZIE ST,"224 W KINZIE ST Chicago, IL.",41.88921564,-87.63448857
413 N ORLEANS ST,"413 N ORLEANS ST Chicago, IL.",41.89008677,-87.63691219
52 S CLINTON ST,"52 S CLINTON ST Chicago, IL.",41.8815152,-87.64125854
2425 N CLARK ST,"2425 N CLARK ST Chicago, IL.",41.92624054,-87.64079945
26 N CLINTON ST,"26 N CLINTON ST Chicago, IL.",41.88206322,-87.6412772
345 W JACKSON BLVD,"345 W JACKSON BLVD Chicago, IL.",41.87802235,-87.63698863
463 W TAYLOR ST,"463 W TAYLOR ST Chicago, IL.",41.86977787,-87.63817195
1118 S CANAL ST,"1118 S CANAL ST Chicago, IL.",41.86827369,-87.63930257
2701 N CLARK ST,"2701 N CLARK ST Chicago, IL.",41.9314087,-87.64423309
328 S JEFFERSON ST,"328 S JEFFERSON ST Chicago, IL.",41.87761174,-87.6426027
324 S JEFFERSON ST,"324 S JEFFERSON ST Chicago, IL.",41.87765886,-87.64260409
318 W ADAMS ST,"318 W ADAMS ST Chicago, IL.",41.87942522,-87.6355545
3501 N CLARK ST,"3501 N CLARK ST Chicago, IL.",41.94586944,-87.65535565
38 S CLINTON ST,"38 S CLINTON ST Chicago, IL.",41.88159562,-87.64126128
58 S CLINTON ST,"58 S CLINTON ST Chicago, IL.",41.88148074,-87.64125736
21 N GREEN ST,"21 N GREEN ST Chicago, IL.",41.88182015,-87.64845675
830 W TAYLOR ST,"830 W TAYLOR ST Chicago, IL.",41.86970486,-87.64773658
21 N PEORIA ST,"21 N PEORIA ST Chicago, IL.",41.88225939,-87.64963364
1014 W TAYLOR ST,"1014 W TAYLOR ST Chicago, IL.",41.86955094,-87.65203211
1302 W TAYLOR ST,"1302 W TAYLOR ST Chicago, IL.",41.86941745,-87.66021627
1416 W TAYLOR ST,"1416 W TAYLOR ST Chicago, IL.",41.869385,-87.66233852
2127 S MICHIGAN AVE,"2127 S MICHIGAN AVE Chicago, IL.",41.85390339,-87.62376631
2107 S MICHIGAN AVE,"2107 S MICHIGAN AVE Chicago, IL.",41.85415347,-87.62377113
2017 S MICHIGAN AVE,"2017 S MICHIGAN AVE Chicago, IL.",41.85525645,-87.62379598
1917 S MICHIGAN AVE,"1917 S MICHIGAN AVE Chicago, IL.",41.85648989,-87.6238238
1453 W TAYLOR ST,"1453 W TAYLOR ST Chicago, IL.",41.86925566,-87.66329177
1913 S MICHIGAN AVE,"1913 S MICHIGAN AVE Chicago, IL.",41.85653575,-87.62382508
1435 W TAYLOR ST,"1435 W TAYLOR ST Chicago, IL.",41.86926171,-87.66301301
1845 S MICHIGAN AVE,"1845 S MICHIGAN AVE Chicago, IL.",41.85731528,-87.62384339
1429 W TAYLOR ST,"1429 W TAYLOR ST Chicago, IL.",41.86926685,-87.6628018
1423 W TAYLOR ST,"1423 W TAYLOR ST Chicago, IL.",41.86926761,-87.66256827
1837 S MICHIGAN AVE,"1837 S MICHIGAN AVE Chicago, IL.",41.85740684,-87.62384546
1823 S MICHIGAN AVE,"1823 S MICHIGAN AVE Chicago, IL.",41.85756738,-87.62384849
1251 W TAYLOR ST,"1251 W TAYLOR ST Chicago, IL.",41.86932521,-87.65875123
1224 W TAYLOR ST,"1224 W TAYLOR ST Chicago, IL.",41.86945345,-87.65781895
1212 W TAYLOR ST,"1212 W TAYLOR ST Chicago, IL.",41.86946342,-87.65732761
1819 S MICHIGAN AVE,"1819 S MICHIGAN AVE Chicago, IL.",41.85761325,-87.62384936
1145 W TAYLOR ST,"1145 W TAYLOR ST Chicago, IL.",41.86937538,-87.65553395
1137 W TAYLOR ST,"1137 W TAYLOR ST Chicago, IL.",41.86937813,-87.65544308
1027 W TAYLOR ST,"1027 W TAYLOR ST Chicago, IL.",41.86943785,-87.65161277
1631 S MICHIGAN AVE,"1631 S MICHIGAN AVE Chicago, IL.",41.8598159,-87.62390024
1619 S MICHIGAN AVE,"1619 S MICHIGAN AVE Chicago, IL.",41.85994144,-87.62390333
1617 S MICHIGAN AVE,"1617 S MICHIGAN AVE Chicago, IL.",41.85996237,-87.62390384
1453 S MICHIGAN AVE,"1453 S MICHIGAN AVE Chicago, IL.",41.8631011,-87.62397871
1439 S MICHIGAN AVE,"1439 S MICHIGAN AVE Chicago, IL.",41.86335843,-87.62398484
1413 S MICHIGAN AVE,"1413 S MICHIGAN AVE Chicago, IL.",41.86383631,-87.62399622
2450 N CLARK ST,"2450 N CLARK ST Chicago, IL.",41.92688843,-87.64134973
30 N CLINTON ST,"30 N CLINTON ST Chicago, IL.",41.88212198,-87.64127922
1230 W LAKE ST,"1230 W LAKE ST Chicago, IL.",41.88555083,-87.65746147
1534 N WELLS ST,"1534 N WELLS ST Chicago, IL.",41.9099694,-87.63474802
1426 W LAKE ST,"1426 W LAKE ST Chicago, IL.",41.88545544,-87.6632356
944 W WASHINGTON BLVD,"944 W WASHINGTON BLVD Chicago, IL.",41.88313277,-87.65118699
954 W WASHINGTON BLVD,"954 W WASHINGTON BLVD Chicago, IL.",41.88313085,-87.65133645
817 W WASHINGTON BLVD,"817 W WASHINGTON BLVD Chicago, IL.",41.88308079,-87.64801671
542 W WASHINGTON BLVD,"542 W WASHINGTON BLVD Chicago, IL.",41.88323244,-87.6422926
556 W ROOSEVELT RD,"556 W ROOSEVELT RD Chicago, IL.",41.86729229,-87.64112691
613 W ADAMS ST,"613 W ADAMS ST Chicago, IL.",41.87921361,-87.64281311
1825 N HALSTED ST,"1825 N HALSTED ST Chicago, IL.",41.91439834,-87.64828969
2317 N HALSTED ST,"2317 N HALSTED ST Chicago, IL.",41.92384046,-87.64862859
1010 S CANAL ST,"1010 S CANAL ST Chicago, IL.",41.86957669,-87.63934681
1018 S CANAL ST,"1018 S CANAL ST Chicago, IL.",41.86948016,-87.63934336
1413 N DEARBORN PKWY,"1413 N DEARBORN PKWY Chicago, IL.",41.90809375,-87.63003493
401 E ILLINOIS ST,"401 E ILLINOIS ST Chicago, IL.",41.89099425,-87.61758845
1312 W 18TH ST,"1312 W 18TH ST Chicago, IL.",41.85796045,-87.65940882
1295 W 18TH ST,"1295 W 18TH ST Chicago, IL.",41.85785486,-87.65876552
1314 W ROOSEVELT RD,"1314 W ROOSEVELT RD Chicago, IL.",41.86700695,-87.65953166
354 W JACKSON BLVD,"354 W JACKSON BLVD Chicago, IL.",41.87813575,-87.63705089
1844 S MICHIGAN AVE,"1844 S MICHIGAN AVE Chicago, IL.",41.85731332,-87.62399722
1910 S MICHIGAN AVE,"1910 S MICHIGAN AVE Chicago, IL.",41.85655631,-87.62397953
2114 S MICHIGAN AVE,"2114 S MICHIGAN AVE Chicago, IL.",41.85405191,-87.6239233
1323 N WELLS ST,"1323 N WELLS ST Chicago, IL.",41.90637135,-87.63448716
2109 S STATE ST,"2109 S STATE ST Chicago, IL.",41.85409582,-87.62703178
2021 S STATE ST,"2021 S STATE ST Chicago, IL.",41.85516876,-87.62706213
1833 S STATE ST,"1833 S STATE ST Chicago, IL.",41.85738853,-87.62704567
1829 S STATE ST,"1829 S STATE ST Chicago, IL.",41.85743587,-87.62704871
21 E HARRISON ST,"21 E HARRISON ST Chicago, IL.",41.87432703,-87.6271967
1308 S WABASH AVE,"1308 S WABASH AVE Chicago, IL.",41.86557322,-87.62587196
1310 S WABASH AVE,"1310 S WABASH AVE Chicago, IL.",41.86554102,-87.62587132
1330 S WABASH AVE,"1330 S WABASH AVE Chicago, IL.",41.86521875,-87.62585899
1726 S WABASH AVE,"1726 S WABASH AVE Chicago, IL.",41.85872685,-87.6257061
2002 S WABASH AVE,"2002 S WABASH AVE Chicago, IL.",41.85538315,-87.62563409
2006 S WABASH AVE,"2006 S WABASH AVE Chicago, IL.",41.85533898,-87.6256324
2008 S WABASH AVE,"2008 S WABASH AVE Chicago, IL.",41.85531689,-87.62563155
2010 S WABASH AVE,"2010 S WABASH AVE Chicago, IL.",41.85529481,-87.6256307
2106 S WABASH AVE,"2106 S WABASH AVE Chicago, IL.",41.85413406,-87.62560346
69 E CERMAK RD,"69 E CERMAK RD Chicago, IL.",41.85272766,-87.62431965
354 E RANDOLPH ST,"354 E RANDOLPH ST Chicago, IL.",41.88457344,-87.61934151
338 E RANDOLPH ST,"338 E RANDOLPH ST Chicago, IL.",41.88457344,-87.61984571
336 E RANDOLPH ST,"336 E RANDOLPH ST Chicago, IL.",41.88457344,-87.61987906
2309 S MICHIGAN AVE,"2309 S MICHIGAN AVE Chicago, IL.",41.85083301,-87.62367639
2239 S MICHIGAN AVE,"2239 S MICHIGAN AVE Chicago, IL.",41.85213041,-87.62371106
2221 S MICHIGAN AVE,"2221 S MICHIGAN AVE Chicago, IL.",41.85241683,-87.62371927
1919 S MICHIGAN AVE,"1919 S MICHIGAN AVE Chicago, IL.",41.85646695,-87.62382317
1915 S MICHIGAN AVE,"1915 S MICHIGAN AVE Chicago, IL.",41.85651282,-87.62382444
1911 S MICHIGAN AVE,"1911 S MICHIGAN AVE Chicago, IL.",41.85655868,-87.62382572
1221 N WELLS ST,"1221 N WELLS ST Chicago, IL.",41.90411473,-87.63441266
1503 S MICHIGAN AVE,"1503 S MICHIGAN AVE Chicago, IL.",41.86218209,-87.62395683
1463 S MICHIGAN AVE,"1463 S MICHIGAN AVE Chicago, IL.",41.8629173,-87.62397433
1457 S MICHIGAN AVE,"1457 S MICHIGAN AVE Chicago, IL.",41.86302758,-87.62397696
2376 N HALSTED ST,"2376 N HALSTED ST Chicago, IL.",41.92440693,-87.64879972
346 E HURON ST,"346 E HURON ST Chicago, IL.",41.89508763,-87.61907343
239 W CERMAK RD,"239 W CERMAK RD Chicago, IL.",41.85285086,-87.63356083
457 N NEW ST,"457 N NEW ST Chicago, IL.",41.89074784,-87.61852293
1078 S STATE ST,"1078 S STATE ST Chicago, IL.",41.8694088,-87.62763352
1419 N WELLS ST,"1419 N WELLS ST Chicago, IL.",41.90802483,-87.63453886
1313 N WELLS ST,"1313 N WELLS ST Chicago, IL.",41.90610624,-87.63447696
416 N STATE ST,"416 N STATE ST Chicago, IL.",41.88997444,-87.62808274
412 N STATE ST,"412 N STATE ST Chicago, IL.",41.88990183,-87.62808083
114 S WELLS ST,"114 S WELLS ST Chicago, IL.",41.88053052,-87.63387227
1314 S WABASH AVE,"1314 S WABASH AVE Chicago, IL.",41.86547586,-87.62586894
1338 S WABASH AVE,"1338 S WABASH AVE Chicago, IL.",41.86508998,-87.6258552
39 S GREEN ST,"39 S GREEN ST Chicago, IL.",41.88125149,-87.64843951
1340 S WABASH AVE,"1340 S WABASH AVE Chicago, IL.",41.86505779,-87.62585426
23 S GREEN ST,"23 S GREEN ST Chicago, IL.",41.88144292,-87.64844508
30 N GREEN ST,"30 N GREEN ST Chicago, IL.",41.88217465,-87.64861731
957 W JACKSON BLVD,"957 W JACKSON BLVD Chicago, IL.",41.87784385,-87.64990404
140 W ADAMS ST,"140 W ADAMS ST Chicago, IL.",41.87944917,-87.63290424
177 N MORGAN ST,"177 N MORGAN ST Chicago, IL.",41.88526521,-87.65205371
943 W LAKE ST,"943 W LAKE ST Chicago, IL.",41.88553745,-87.65131786
751 W LAKE ST,"751 W LAKE ST Chicago, IL.",41.88562195,-87.64707413
176 N GREEN ST,"176 N GREEN ST Chicago, IL.",41.88491551,-87.64869591
932 W RANDOLPH ST,"932 W RANDOLPH ST Chicago, IL.",41.88451694,-87.65110721
942 W RANDOLPH ST,"942 W RANDOLPH ST Chicago, IL.",41.88451477,-87.65124709
946 W RANDOLPH ST,"946 W RANDOLPH ST Chicago, IL.",41.8845139,-87.65130304
451 W JACKSON BLVD,"451 W JACKSON BLVD Chicago, IL.",41.87799285,-87.63886038
1352 W LAKE ST,"1352 W LAKE ST Chicago, IL.",41.88550044,-87.66090781
2100 S INDIANA AVE,"2100 S INDIANA AVE Chicago, IL.",41.85425415,-87.62241422
1471 W 18TH ST,"1471 W 18TH ST Chicago, IL.",41.85779082,-87.66300817
1311 W 18TH ST,"1311 W 18TH ST Chicago, IL.",41.85784586,-87.65977703
1455 S MICHIGAN AVE,"1455 S MICHIGAN AVE Chicago, IL.",41.86306434,-87.62397783
1411 S MICHIGAN AVE,"1411 S MICHIGAN AVE Chicago, IL.",41.86387307,-87.62399709
70 W CULLERTON ST,"70 W CULLERTON ST Chicago, IL.",41.85547593,-87.62913685
76 W CULLERTON ST,"76 W CULLERTON ST Chicago, IL.",41.85547445,-87.62920878
1490 N HALSTED ST,"1490 N HALSTED ST Chicago, IL.",41.90838383,-87.64828624
1332 W 18TH ST,"1332 W 18TH ST Chicago, IL.",41.85795145,-87.66021793
1346 W 18TH ST,"1346 W 18TH ST Chicago, IL.",41.85794245,-87.66058638
1218 S HALSTED ST,"1218 S HALSTED ST Chicago, IL.",41.8668828,-87.64699019
1298 S HALSTED ST,"1298 S HALSTED ST Chicago, IL.",41.86593445,-87.64695818
1502 W 18TH ST,"1502 W 18TH ST Chicago, IL.",41.85788845,-87.66391607
1522 W 18TH ST,"1522 W 18TH ST Chicago, IL.",41.85787903,-87.66465597
1524 W 18TH ST,"1524 W 18TH ST Chicago, IL.",41.85787825,-87.66472987
1528 W 18TH ST,"1528 W 18TH ST Chicago, IL.",41.8578767,-87.66487765
1536 W 18TH ST,"1536 W 18TH ST Chicago, IL.",41.85787358,-87.66517323
1612 S HALSTED ST,"1612 S HALSTED ST Chicago, IL.",41.85952671,-87.64676906
1624 S HALSTED ST,"1624 S HALSTED ST Chicago, IL.",41.85920145,-87.6467615
610 S WABASH AVE,"610 S WABASH AVE Chicago, IL.",41.87406388,-87.62606279
196 S FRANKLIN ST,"196 S FRANKLIN ST Chicago, IL.",41.87944746,-87.63531506
122 S FRANKLIN ST,"122 S FRANKLIN ST Chicago, IL.",41.8803192,-87.6353459
525 W 26TH ST,"525 W 26TH ST Chicago, IL.",41.84535184,-87.64038756
470 W 26TH ST,"470 W 26TH ST Chicago, IL.",41.84547903,-87.63945777
333 W 26TH ST,"333 W 26TH ST Chicago, IL.",41.84540786,-87.63622911
222 W 26TH ST,"222 W 26TH ST Chicago, IL.",41.84557182,-87.63295455
56 E 26TH ST,"56 E 26TH ST Chicago, IL.",41.84568311,-87.62454543
1022 S CANAL ST,"1022 S CANAL ST Chicago, IL.",41.8694319,-87.63934164
601 W KINZIE ST,"601 W KINZIE ST Chicago, IL.",41.8891298,-87.6430525
559 W KINZIE ST,"559 W KINZIE ST Chicago, IL.",41.88899485,-87.64225579
1541 W 18TH ST,"1541 W 18TH ST Chicago, IL.",41.85775745,-87.66531884
1628 W 18TH ST,"1628 W 18TH ST Chicago, IL.",41.85783445,-87.66719682
1636 W 18TH ST,"1636 W 18TH ST Chicago, IL.",41.85783193,-87.66735658
1637 W 18TH ST,"1637 W 18TH ST Chicago, IL.",41.85771644,-87.66740884
535 S JEFFERSON ST,"535 S JEFFERSON ST Chicago, IL.",41.87495052,-87.64236452
1738 W 18TH ST,"1738 W 18TH ST Chicago, IL.",41.85779667,-87.66980513
321 S JEFFERSON ST,"321 S JEFFERSON ST Chicago, IL.",41.87770848,-87.64245161
26 N JEFFERSON ST,"26 N JEFFERSON ST Chicago, IL.",41.88219683,-87.64274882
50 N JEFFERSON ST,"50 N JEFFERSON ST Chicago, IL.",41.88250345,-87.64275744
1315 S HALSTED ST,"1315 S HALSTED ST Chicago, IL.",41.86483769,-87.64677001
1214 S HALSTED ST,"1214 S HALSTED ST Chicago, IL.",41.86693029,-87.64699168
11 N GREEN ST,"11 N GREEN ST Chicago, IL.",41.8823453,-87.64846777
14 S HALSTED ST,"14 S HALSTED ST Chicago, IL.",41.88157554,-87.64743168
22 S HALSTED ST,"22 S HALSTED ST Chicago, IL.",41.88147733,-87.6474295
2136 S CHINA PL,"2136 S CHINA PL Chicago, IL.",41.85439734,-87.63386191
2141 S CHINA PL,"2141 S CHINA PL Chicago, IL.",41.85425367,-87.63387639
2138 S CHINA PL,"2138 S CHINA PL Chicago, IL.",41.85437355,-87.63391107
227 W CERMAK RD,"227 W CERMAK RD Chicago, IL.",41.85286886,-87.63161547
1120 S CANAL ST,"1120 S CANAL ST Chicago, IL.",41.86824956,-87.6393018
1130 S CANAL ST,"1130 S CANAL ST Chicago, IL.",41.86812889,-87.63929792
2212 S WENTWORTH AVE,"2212 S WENTWORTH AVE Chicago, IL.",41.85247234,-87.63208047
2216 S WENTWORTH AVE,"2216 S WENTWORTH AVE Chicago, IL.",41.85234513,-87.63207892
209 W 22ND PL,"209 W 22ND PL Chicago, IL.",41.85210386,-87.63238633
208 W 22ND PL,"208 W 22ND PL Chicago, IL.",41.85221845,-87.63271719
2193 S PRINCETON AVE,"2193 S PRINCETON AVE Chicago, IL.",41.8537934,-87.6357798
2153 S PRINCETON AVE,"2153 S PRINCETON AVE Chicago, IL.",41.853957,-87.6359225
625 S WABASH AVE,"625 S WABASH AVE Chicago, IL.",41.87384042,-87.62590355
2165 S CHINA PL,"2165 S CHINA PL Chicago, IL.",41.85396938,-87.63446781
2155 S CHINA PL,"2155 S CHINA PL Chicago, IL.",41.85408751,-87.63422128
2139 S CHINA PL,"2139 S CHINA PL Chicago, IL.",41.85427746,-87.63382724
2133 S CHINA PL,"2133 S CHINA PL Chicago, IL.",41.85434885,-87.63367976
173 N SANGAMON ST,"173 N SANGAMON ST Chicago, IL.",41.88480641,-87.65087399
215 N ABERDEEN ST,"215 N ABERDEEN ST Chicago, IL.",41.88609757,-87.65441013
1139 S STATE ST,"1139 S STATE ST Chicago, IL.",41.86835391,-87.62729054
1117 S STATE ST,"1117 S STATE ST Chicago, IL.",41.86883188,-87.62730364
1201 N WELLS ST,"1201 N WELLS ST Chicago, IL.",41.90391619,-87.63440469
621 W LAKE ST,"621 W LAKE ST Chicago, IL.",41.88563785,-87.6440014
540 W ARMITAGE AVE,"540 W ARMITAGE AVE Chicago, IL.",41.91832128,-87.6427848
694 W ARMITAGE AVE,"694 W ARMITAGE AVE Chicago, IL.",41.91830544,-87.6441759
1970 N HALSTED ST,"1970 N HALSTED ST Chicago, IL.",41.9175185,-87.64855925
1944 N HALSTED ST,"1944 N HALSTED ST Chicago, IL.",41.9169639,-87.64853119
1892 N HALSTED ST,"1892 N HALSTED ST Chicago, IL.",41.91585016,-87.64849578
1029 W ARMITAGE AVE,"1029 W ARMITAGE AVE Chicago, IL.",41.91803228,-87.65431488
857 W ARMITAGE AVE,"857 W ARMITAGE AVE Chicago, IL.",41.91809184,-87.65048974
552 W ARMITAGE AVE,"552 W ARMITAGE AVE Chicago, IL.",41.91831444,-87.64315664
555 W ARMITAGE AVE,"555 W ARMITAGE AVE Chicago, IL.",41.91821784,-87.6421412
1611 N WELLS ST,"1611 N WELLS ST Chicago, IL.",41.9114325,-87.63463961
2335 N CLARK ST,"2335 N CLARK ST Chicago, IL.",41.92480322,-87.63990346
2829 N CLARK ST,"2829 N CLARK ST Chicago, IL.",41.9337966,-87.64559903
2941 N CLARK ST,"2941 N CLARK ST Chicago, IL.",41.9358014,-87.64722707
3031 N CLARK ST,"3031 N CLARK ST Chicago, IL.",41.93690927,-87.64812104
1188 N WELLS ST,"1188 N WELLS ST Chicago, IL.",41.90370864,-87.63454952
3219 N CLARK ST,"3219 N CLARK ST Chicago, IL.",41.94035745,-87.65091248
3317 N CLARK ST,"3317 N CLARK ST Chicago, IL.",41.9421555,-87.65236891
3656 N HALSTED ST,"3656 N HALSTED ST Chicago, IL.",41.94788718,-87.64958342
3640 N HALSTED ST,"3640 N HALSTED ST Chicago, IL.",41.94766958,-87.64957257
3413 N SOUTHPORT AVE,"3413 N SOUTHPORT AVE Chicago, IL.",41.94374184,-87.6638502
3447 N SOUTHPORT AVE,"3447 N SOUTHPORT AVE Chicago, IL.",41.94462501,-87.66387195
3518 N SOUTHPORT AVE,"3518 N SOUTHPORT AVE Chicago, IL.",41.94576661,-87.66405797
3715 N SOUTHPORT AVE,"3715 N SOUTHPORT AVE Chicago, IL.",41.94934913,-87.66400145
2218 S MICHIGAN AVE,"2218 S MICHIGAN AVE Chicago, IL.",41.85247272,-87.62387475
2248 S MICHIGAN AVE,"2248 S MICHIGAN AVE Chicago, IL.",41.85198541,-87.62386077
2330 S MICHIGAN AVE,"2330 S MICHIGAN AVE Chicago, IL.",41.85067521,-87.62382654
2332 S MICHIGAN AVE,"2332 S MICHIGAN AVE Chicago, IL.",41.85064963,-87.62382597
2336 S MICHIGAN AVE,"2336 S MICHIGAN AVE Chicago, IL.",41.85059847,-87.62382481
3654 N SOUTHPORT AVE,"3654 N SOUTHPORT AVE Chicago, IL.",41.94818733,-87.66412398
3356 N SOUTHPORT AVE,"3356 N SOUTHPORT AVE Chicago, IL.",41.94283521,-87.66397777
436 N CLARK ST,"436 N CLARK ST Chicago, IL.",41.89015279,-87.63116252
1375 W BELMONT AVE,"1375 W BELMONT AVE Chicago, IL.",41.93972568,-87.66269281
113 W HUBBARD ST,"113 W HUBBARD ST Chicago, IL.",41.88996031,-87.6313059
107 W HUBBARD ST,"107 W HUBBARD ST Chicago, IL.",41.88996249,-87.63123078
2171 S CANALPORT AVE,"2171 S CANALPORT AVE Chicago, IL.",41.85345653,-87.64913039
910 W BELMONT AVE,"910 W BELMONT AVE Chicago, IL.",41.94000443,-87.65182981
1346 W BELMONT AVE,"1346 W BELMONT AVE Chicago, IL.",41.93983543,-87.66304544
2145 S ARCHER AVE,"2145 S ARCHER AVE Chicago, IL.",41.85329148,-87.63378794
2123 S ARCHER AVE,"2123 S ARCHER AVE Chicago, IL.",41.85347346,-87.63341272
218 W CERMAK RD,"218 W CERMAK RD Chicago, IL.",41.85297287,-87.63271894
222 W CERMAK RD,"222 W CERMAK RD Chicago, IL.",41.85297137,-87.63285943
260 W CERMAK RD,"260 W CERMAK RD Chicago, IL.",41.85294386,-87.63401985
2117 S ARCHER AVE,"2117 S ARCHER AVE Chicago, IL.",41.85352309,-87.63331039
2103 S ARCHER AVE,"2103 S ARCHER AVE Chicago, IL.",41.8536389,-87.63307162
2226 S WENTWORTH AVE,"2226 S WENTWORTH AVE Chicago, IL.",41.85200338,-87.63207269
2476 N LINCOLN AVE,"2476 N LINCOLN AVE Chicago, IL.",41.92689787,-87.65090219
2388 N LINCOLN AVE,"2388 N LINCOLN AVE Chicago, IL.",41.92519901,-87.64852125
2384 N LINCOLN AVE,"2384 N LINCOLN AVE Chicago, IL.",41.92512936,-87.6484241
2376 N LINCOLN AVE,"2376 N LINCOLN AVE Chicago, IL.",41.92499005,-87.6482298
2064 N LINCOLN AVE,"2064 N LINCOLN AVE Chicago, IL.",41.91943845,-87.64047589
1761 N WELLS ST,"1761 N WELLS ST Chicago, IL.",41.91445294,-87.63473641
2301 S WENTWORTH AVE,"2301 S WENTWORTH AVE Chicago, IL.",41.85093488,-87.63189448
2356 S WENTWORTH AVE,"2356 S WENTWORTH AVE Chicago, IL.",41.84972057,-87.63202004
2311 S WENTWORTH AVE,"2311 S WENTWORTH AVE Chicago, IL.",41.85071367,-87.6318899
356 N MORGAN ST,"356 N MORGAN ST Chicago, IL.",41.8887609,-87.65230701
352 N MORGAN ST,"352 N MORGAN ST Chicago, IL.",41.88874391,-87.6523064
2215 S WENTWORTH AVE,"2215 S WENTWORTH AVE Chicago, IL.",41.85258745,-87.63192733
1001 W WASHINGTON BLVD,"1001 W WASHINGTON BLVD Chicago, IL.",41.88300697,-87.65214263
1115 S STATE ST,"1115 S STATE ST Chicago, IL.",41.86887524,-87.62730544
816 W MADISON ST,"816 W MADISON ST Chicago, IL.",41.88182844,-87.64794549
878 W MONROE ST,"878 W MONROE ST Chicago, IL.",41.88051662,-87.64925591
19 S MORGAN ST,"19 S MORGAN ST Chicago, IL.",41.88112634,-87.65193365
13 S MORGAN ST,"13 S MORGAN ST Chicago, IL.",41.88114248,-87.65193396
933 W WASHINGTON BLVD,"933 W WASHINGTON BLVD Chicago, IL.",41.88302497,-87.65097263
825 W JACKSON BLVD,"825 W JACKSON BLVD Chicago, IL.",41.87788382,-87.64769314
211 S ASHLAND AVE,"211 S ASHLAND AVE Chicago, IL.",41.87872493,-87.66656497
659 W ROOSEVELT RD,"659 W ROOSEVELT RD Chicago, IL.",41.86714285,-87.64385573
635 W ROOSEVELT RD,"635 W ROOSEVELT RD Chicago, IL.",41.86714285,-87.64376009
633 W ROOSEVELT RD,"633 W ROOSEVELT RD Chicago, IL.",41.86714285,-87.64375212
617 W ROOSEVELT RD,"617 W ROOSEVELT RD Chicago, IL.",41.86715481,-87.64307463
210 N RACINE AVE,"210 N RACINE AVE Chicago, IL.",41.88597512,-87.6568942
328 N CARPENTER ST,"328 N CARPENTER ST Chicago, IL.",41.88739069,-87.653437
194 N CARPENTER ST,"194 N CARPENTER ST Chicago, IL.",41.88409119,-87.65334057
1521 W 18TH ST,"1521 W 18TH ST Chicago, IL.",41.85776571,-87.66457855
1519 W 18TH ST,"1519 W 18TH ST Chicago, IL.",41.85776747,-87.66450468
1447 W 18TH ST,"1447 W 18TH ST Chicago, IL.",41.85779213,-87.66286179
1345 W 18TH ST,"1345 W 18TH ST Chicago, IL.",41.85783153,-87.66046069
1343 W 18TH ST,"1343 W 18TH ST Chicago, IL.",41.85783184,-87.6604552
1329 W 18TH ST,"1329 W 18TH ST Chicago, IL.",41.85783686,-87.6601622
1309 W 18TH ST,"1309 W 18TH ST Chicago, IL.",41.85784586,-87.65973416
1279 W 18TH ST,"1279 W 18TH ST Chicago, IL.",41.85785486,-87.65864031
1647 S BLUE ISLAND AVE,"1647 S BLUE ISLAND AVE Chicago, IL.",41.85923297,-87.65988979
1039 W LAKE ST,"1039 W LAKE ST Chicago, IL.",41.88550285,-87.65350326
1023 W LAKE ST,"1023 W LAKE ST Chicago, IL.",41.88551263,-87.65301235
1021 W LAKE ST,"1021 W LAKE ST Chicago, IL.",41.88551356,-87.65294005
811 W LAKE ST,"811 W LAKE ST Chicago, IL.",41.88559882,-87.64788772
941 W ROOSEVELT RD,"941 W ROOSEVELT RD Chicago, IL.",41.86704385,-87.65005247
203 E OHIO ST,"203 E OHIO ST Chicago, IL.",41.8925069,-87.62257726
1229 N WELLS ST,"1229 N WELLS ST Chicago, IL.",41.90419428,-87.63441539
1832 N LINCOLN AVE,"1832 N LINCOLN AVE Chicago, IL.",41.91583741,-87.63543912
614 W ROOSEVELT RD,"614 W ROOSEVELT RD Chicago, IL.",41.86727544,-87.64245297
622 W ROOSEVELT RD,"622 W ROOSEVELT RD Chicago, IL.",41.86727462,-87.64256159
841 W ROOSEVELT RD,"841 W ROOSEVELT RD Chicago, IL.",41.86707041,-87.64846514
870 W ROOSEVELT RD,"870 W ROOSEVELT RD Chicago, IL.",41.86718626,-87.64842593
872 W ROOSEVELT RD,"872 W ROOSEVELT RD Chicago, IL.",41.86718507,-87.64846574
890 W ROOSEVELT RD,"890 W ROOSEVELT RD Chicago, IL.",41.86717645,-87.64882097
1443 W 18TH ST,"1443 W 18TH ST Chicago, IL.",41.85779336,-87.66283777
1425 W 18TH ST,"1425 W 18TH ST Chicago, IL.",41.85786028,-87.66238397
1159 W 18TH ST,"1159 W 18TH ST Chicago, IL.",41.85791296,-87.65550011
38 S GREEN ST,"38 S GREEN ST Chicago, IL.",41.88126397,-87.64859382
1272 W 18TH ST,"1272 W 18TH ST Chicago, IL.",41.85797066,-87.65856356
1046 W TAYLOR ST,"1046 W TAYLOR ST Chicago, IL.",41.86953444,-87.65302467
1129 W TAYLOR ST,"1129 W TAYLOR ST Chicago, IL.",41.86938088,-87.65535221
1434 W TAYLOR ST,"1434 W TAYLOR ST Chicago, IL.",41.86937616,-87.6630208
1444 W TAYLOR ST,"1444 W TAYLOR ST Chicago, IL.",41.86937177,-87.66317157
1004 W 18TH ST,"1004 W 18TH ST Chicago, IL.",41.85807012,-87.65202385
315 W MONROE ST,"315 W MONROE ST Chicago, IL.",41.88057985,-87.63554287
181 W MONROE ST,"181 W MONROE ST Chicago, IL.",41.88062253,-87.63240196
1443 W TAYLOR ST,"1443 W TAYLOR ST Chicago, IL.",41.86925758,-87.66313829
1160 W TAYLOR ST,"1160 W TAYLOR ST Chicago, IL.",41.86948045,-87.65636954
1039 W TAYLOR ST,"1039 W TAYLOR ST Chicago, IL.",41.86942885,-87.65267216
369 W JACKSON BLVD,"369 W JACKSON BLVD Chicago, IL.",41.87801958,-87.63712825
349 W JACKSON BLVD,"349 W JACKSON BLVD Chicago, IL.",41.87802189,-87.6370119
215 E OHIO ST,"215 E OHIO ST Chicago, IL.",41.89251059,-87.62237847
1351 S HALSTED ST,"1351 S HALSTED ST Chicago, IL.",41.86408739,-87.64675161
468 N NEW ST,"468 N NEW ST Chicago, IL.",41.89080988,-87.61867932
445 N NEW ST,"445 N NEW ST Chicago, IL.",41.89068325,-87.61851984
437 N NEW ST,"437 N NEW ST Chicago, IL.",41.89063972,-87.61851742
435 N NEW ST,"435 N NEW ST Chicago, IL.",41.89062646,-87.61851729
1168 W 18TH ST,"1168 W 18TH ST Chicago, IL.",41.85802526,-87.65556265
1322 W 18TH ST,"1322 W 18TH ST Chicago, IL.",41.85795716,-87.65986253
1216 S BLUE ISLAND AVE,"1216 S BLUE ISLAND AVE Chicago, IL.",41.86661393,-87.65378248
148 W HURON ST,"148 W HURON ST Chicago, IL.",41.89486044,-87.63310835
101 W SUPERIOR ST,"101 W SUPERIOR ST Chicago, IL.",41.89557385,-87.63129822
113 W ERIE ST,"113 W ERIE ST Chicago, IL.",41.8939488,-87.63289271
55 W ERIE ST,"55 W ERIE ST Chicago, IL.",41.89398535,-87.63045069
2337 S MICHIGAN AVE,"2337 S MICHIGAN AVE Chicago, IL.",41.8500353,-87.62365827
2323 S MICHIGAN AVE,"2323 S MICHIGAN AVE Chicago, IL.",41.85043412,-87.62366725
2229 S MICHIGAN AVE,"2229 S MICHIGAN AVE Chicago, IL.",41.85228953,-87.62371562
2129 S MICHIGAN AVE,"2129 S MICHIGAN AVE Chicago, IL.",41.85387836,-87.62376575
2013 S MICHIGAN AVE,"2013 S MICHIGAN AVE Chicago, IL.",41.855301,-87.6237968
421 W GRAND AVE,"421 W GRAND AVE Chicago, IL.",41.89147022,-87.63855053
1449 S MICHIGAN AVE,"1449 S MICHIGAN AVE Chicago, IL.",41.86317462,-87.62398046
1409 S MICHIGAN AVE,"1409 S MICHIGAN AVE Chicago, IL.",41.86390984,-87.62399797
442 N LA SALLE ST,"442 N LA SALLE ST Chicago, IL.",41.89046673,-87.63272837
1256 S MICHIGAN AVE,"1256 S MICHIGAN AVE Chicago, IL.",41.86648106,-87.62412084
1258 S MICHIGAN AVE,"1258 S MICHIGAN AVE Chicago, IL.",41.86645071,-87.62412025
1421 S MICHIGAN AVE,"1421 S MICHIGAN AVE Chicago, IL.",41.86368927,-87.62399271
1462 S MICHIGAN AVE,"1462 S MICHIGAN AVE Chicago, IL.",41.86256994,-87.62411996
1636 S MICHIGAN AVE,"1636 S MICHIGAN AVE Chicago, IL.",41.85915415,-87.62403785
1710 S MICHIGAN AVE,"1710 S MICHIGAN AVE Chicago, IL.",41.85852042,-87.62402508
1720 S MICHIGAN AVE,"1720 S MICHIGAN AVE Chicago, IL.",41.85845362,-87.6240238
1712 S MICHIGAN AVE,"1712 S MICHIGAN AVE Chicago, IL.",41.85850706,-87.62402482
1828 S MICHIGAN AVE,"1828 S MICHIGAN AVE Chicago, IL.",41.85749697,-87.62400103
2022 S MICHIGAN AVE,"2022 S MICHIGAN AVE Chicago, IL.",41.85518777,-87.62394818
1705 N HALSTED ST,"1705 N HALSTED ST Chicago, IL.",41.91267134,-87.64824934
2145 N HALSTED ST,"2145 N HALSTED ST Chicago, IL.",41.92082163,-87.64852504
2240 S MICHIGAN AVE,"2240 S MICHIGAN AVE Chicago, IL.",41.85211536,-87.6238645
742 S HALSTED ST,"742 S HALSTED ST Chicago, IL.",41.87202255,-87.64721571
746 S HALSTED ST,"746 S HALSTED ST Chicago, IL.",41.87195877,-87.6472134
750 S HALSTED ST,"750 S HALSTED ST Chicago, IL.",41.87181337,-87.64720954
764 S HALSTED ST,"764 S HALSTED ST Chicago, IL.",41.8716953,-87.64720819
2300 S MICHIGAN AVE,"2300 S MICHIGAN AVE Chicago, IL.",41.85105882,-87.62383576
836 W TAYLOR ST,"836 W TAYLOR ST Chicago, IL.",41.86970331,-87.6478553
1029 W TAYLOR ST,"1029 W TAYLOR ST Chicago, IL.",41.86943785,-87.6516193
1412 W TAYLOR ST,"1412 W TAYLOR ST Chicago, IL.",41.86938688,-87.66218368
1438 W TAYLOR ST,"1438 W TAYLOR ST Chicago, IL.",41.86937384,-87.66308212
1508 W TAYLOR ST,"1508 W TAYLOR ST Chicago, IL.",41.86935445,-87.66423314
1512 W TAYLOR ST,"1512 W TAYLOR ST Chicago, IL.",41.86935445,-87.66427336
1514 W TAYLOR ST,"1514 W TAYLOR ST Chicago, IL.",41.86935445,-87.66429348
1520 W TAYLOR ST,"1520 W TAYLOR ST Chicago, IL.",41.86935445,-87.66435382
1517 W TAYLOR ST,"1517 W TAYLOR ST Chicago, IL.",41.86922905,-87.66475672
1507 W TAYLOR ST,"1507 W TAYLOR ST Chicago, IL.",41.86923985,-87.66438012
1437 W TAYLOR ST,"1437 W TAYLOR ST Chicago, IL.",41.86926056,-87.66304367
1343 W TAYLOR ST,"1343 W TAYLOR ST Chicago, IL.",41.86930026,-87.66054833
2101 S CALUMET AVE,"2101 S CALUMET AVE Chicago, IL.",41.85440623,-87.6189999
1079 W TAYLOR ST,"1079 W TAYLOR ST Chicago, IL.",41.86940575,-87.65375225
2136 N HALSTED ST,"2136 N HALSTED ST Chicago, IL.",41.92067904,-87.64867442
2030 N HALSTED ST,"2030 N HALSTED ST Chicago, IL.",41.91875346,-87.64860765
345 W ARMITAGE AVE,"345 W ARMITAGE AVE Chicago, IL.",41.91828084,-87.63792485
756 W ARMITAGE AVE,"756 W ARMITAGE AVE Chicago, IL.",41.91824694,-87.64773279
1326 W LAKE ST,"1326 W LAKE ST Chicago, IL.",41.88551725,-87.65988905
707 N ORLEANS ST,"707 N ORLEANS ST Chicago, IL.",41.89611844,-87.63708544
713 N ORLEANS ST,"713 N ORLEANS ST Chicago, IL.",41.89614283,-87.63708579
1339 S HALSTED ST,"1339 S HALSTED ST Chicago, IL.",41.86423495,-87.64675688
1305 S HALSTED ST,"1305 S HALSTED ST Chicago, IL.",41.86495477,-87.64677346
1259 S HALSTED ST,"1259 S HALSTED ST Chicago, IL.",41.86549367,-87.64679008
1257 S HALSTED ST,"1257 S HALSTED ST Chicago, IL.",41.86551708,-87.64679094
1253 S HALSTED ST,"1253 S HALSTED ST Chicago, IL.",41.86556391,-87.64679268
1534 N HALSTED ST,"1534 N HALSTED ST Chicago, IL.",41.90904226,-87.64830319
1208 W 18TH ST,"1208 W 18TH ST Chicago, IL.",41.85800673,-87.65664051
1316 W 18TH ST,"1316 W 18TH ST Chicago, IL.",41.85796045,-87.65963555
1324 W 18TH ST,"1324 W 18TH ST Chicago, IL.",41.85795112,-87.65993496
1327 W 18TH ST,"1327 W 18TH ST Chicago, IL.",41.85783686,-87.66011933
1317 W 18TH ST,"1317 W 18TH ST Chicago, IL.",41.85783901,-87.65989655
846 N WELLS ST,"846 N WELLS ST Chicago, IL.",41.89698475,-87.63429456
1249 W 18TH ST,"1249 W 18TH ST Chicago, IL.",41.85786022,-87.65840297
1169 W 18TH ST,"1169 W 18TH ST Chicago, IL.",41.85790886,-87.65575482
417 N MILWAUKEE AVE,"417 N MILWAUKEE AVE Chicago, IL.",41.88935989,-87.64470264
164 E GRAND AVE,"164 E GRAND AVE Chicago, IL.",41.89180636,-87.62318699
118 E GRAND AVE,"118 E GRAND AVE Chicago, IL.",41.89179144,-87.62378231
18 E GRAND AVE,"18 E GRAND AVE Chicago, IL.",41.89174644,-87.62655661
1429 N DEARBORN PKWY,"1429 N DEARBORN PKWY Chicago, IL.",41.90833681,-87.63004246
506 N KINGSBURY ST,"506 N KINGSBURY ST Chicago, IL.",41.89080863,-87.63940984
2715 N CLARK ST,"2715 N CLARK ST Chicago, IL.",41.9317272,-87.64441855
617 N SEDGWICK ST,"617 N SEDGWICK ST Chicago, IL.",41.89404702,-87.63845228
369 W HURON ST,"369 W HURON ST Chicago, IL.",41.89468462,-87.63812183
314 W SUPERIOR ST,"314 W SUPERIOR ST Chicago, IL.",41.89560976,-87.63707402
3608 N HALSTED ST,"3608 N HALSTED ST Chicago, IL.",41.9474334,-87.64956667
146 W HURON ST,"146 W HURON ST Chicago, IL.",41.89486044,-87.63309277
2224 N HALSTED ST,"2224 N HALSTED ST Chicago, IL.",41.9222918,-87.64872639
2042 N HALSTED ST,"2042 N HALSTED ST Chicago, IL.",41.91896206,-87.64861455
2032 N HALSTED ST,"2032 N HALSTED ST Chicago, IL.",41.91878823,-87.6486088
340 W ERIE ST,"340 W ERIE ST Chicago, IL.",41.89399892,-87.63770687
400 W ERIE ST,"400 W ERIE ST Chicago, IL.",41.89398744,-87.63860622
452 W ERIE ST,"452 W ERIE ST Chicago, IL.",41.89396705,-87.64052002
514 W ERIE ST,"514 W ERIE ST Chicago, IL.",41.89395144,-87.64163534
154 W ILLINOIS ST,"154 W ILLINOIS ST Chicago, IL.",41.89086929,-87.63185109
416 N FRANKLIN ST,"416 N FRANKLIN ST Chicago, IL.",41.88967128,-87.63560226
2679 N HALSTED ST,"2679 N HALSTED ST Chicago, IL.",41.93101436,-87.64887733
353 W KINZIE ST,"353 W KINZIE ST Chicago, IL.",41.88907181,-87.63747129
222 N WELLS ST,"222 N WELLS ST Chicago, IL.",41.8787849,-87.63382922
3809 N BROADWAY ST,"3809 N BROADWAY ST Chicago, IL.",41.95149605,-87.6495402
850 W BELMONT AVE,"850 W BELMONT AVE Chicago, IL.",41.94002243,-87.6503318
150 S WACKER DR,"150 S WACKER DR Chicago, IL.",41.87997181,-87.63704665
750 S CLINTON ST,"750 S CLINTON ST Chicago, IL.",41.87253196,-87.64096963
1900 S WABASH AVE,"1900 S WABASH AVE Chicago, IL.",41.85664868,-87.62566104
59 E CERMAK RD,"59 E CERMAK RD Chicago, IL.",41.85273385,-87.62395544
2216 S MICHIGAN AVE,"2216 S MICHIGAN AVE Chicago, IL.",41.85250521,-87.62387569
2246 S MICHIGAN AVE,"2246 S MICHIGAN AVE Chicago, IL.",41.8520179,-87.62386171
2001 S MICHIGAN AVE,"2001 S MICHIGAN AVE Chicago, IL.",41.85543465,-87.62379928
815 S JEFFERSON ST,"815 S JEFFERSON ST Chicago, IL.",41.87184699,-87.64226387
726 S JEFFERSON ST,"726 S JEFFERSON ST Chicago, IL.",41.87274753,-87.64245045
700 S JEFFERSON ST,"700 S JEFFERSON ST Chicago, IL.",41.87362818,-87.64247786
105 N HALSTED ST,"105 N HALSTED ST Chicago, IL.",41.88329095,-87.64733079
14 E VAN BUREN ST,"14 E VAN BUREN ST Chicago, IL.",41.87703434,-87.62590428
656 S PLYMOUTH CT,"656 S PLYMOUTH CT Chicago, IL.",41.87390507,-87.62875222
300 W ADAMS ST,"300 W ADAMS ST Chicago, IL.",41.87942544,-87.6353122
22 N CLINTON ST,"22 N CLINTON ST Chicago, IL.",41.88200471,-87.64127518
832 W TAYLOR ST,"832 W TAYLOR ST Chicago, IL.",41.86970434,-87.64777615
1408 W TAYLOR ST,"1408 W TAYLOR ST Chicago, IL.",41.86938875,-87.66202884
1420 W TAYLOR ST,"1420 W TAYLOR ST Chicago, IL.",41.86938312,-87.66249335
1506 W TAYLOR ST,"1506 W TAYLOR ST Chicago, IL.",41.86935445,-87.66421302
1459 W TAYLOR ST,"1459 W TAYLOR ST Chicago, IL.",41.86925451,-87.66338386
1339 W TAYLOR ST,"1339 W TAYLOR ST Chicago, IL.",41.86930168,-87.66047591
981 W TAYLOR ST,"981 W TAYLOR ST Chicago, IL.",41.86943785,-87.65146257
2132 S CALUMET AVE,"2132 S CALUMET AVE Chicago, IL.",41.8538865,-87.61913943
2128 S CALUMET AVE,"2128 S CALUMET AVE Chicago, IL.",41.85393693,-87.61914055
300 E 21ST ST,"300 E 21ST ST Chicago, IL.",41.85439786,-87.61980629
700 S CLINTON ST,"700 S CLINTON ST Chicago, IL.",41.87352261,-87.64100299
573 S JEFFERSON ST,"573 S JEFFERSON ST Chicago, IL.",41.87464246,-87.64235559
100 S JEFFERSON ST,"100 S JEFFERSON ST Chicago, IL.",41.88048835,-87.64269463
111 N JEFFERSON ST,"111 N JEFFERSON ST Chicago, IL.",41.88374416,-87.6426362
117 N JEFFERSON ST,"117 N JEFFERSON ST Chicago, IL.",41.88380854,-87.64263777
567 W LAKE ST,"567 W LAKE ST Chicago, IL.",41.88564685,-87.6421846
1721 S HALSTED ST,"1721 S HALSTED ST Chicago, IL.",41.85840265,-87.64658097
415 N ORLEANS ST,"415 N ORLEANS ST Chicago, IL.",41.89010077,-87.63691297
1002 W 18TH ST,"1002 W 18TH ST Chicago, IL.",41.85807728,-87.65183762
1400 W 18TH ST,"1400 W 18TH ST Chicago, IL.",41.85793345,-87.66139867
1835 S WABASH AVE,"1835 S WABASH AVE Chicago, IL.",41.85741024,-87.62552437
64 E CERMAK RD,"64 E CERMAK RD Chicago, IL.",41.8529807,-87.62665777
63 E ADAMS ST,"63 E ADAMS ST Chicago, IL.",41.87947694,-87.62553426
44 S CLINTON ST,"44 S CLINTON ST Chicago, IL.",41.88156116,-87.6412601
2245 S WENTWORTH AVE,"2245 S WENTWORTH AVE Chicago, IL.",41.85164615,-87.63190978
2235 S WENTWORTH AVE,"2235 S WENTWORTH AVE Chicago, IL.",41.85187555,-87.63191559
2233 S WENTWORTH AVE,"2233 S WENTWORTH AVE Chicago, IL.",41.85192143,-87.63191675
249 W CERMAK RD,"249 W CERMAK RD Chicago, IL.",41.85283406,-87.63384515
243 W CERMAK RD,"243 W CERMAK RD Chicago, IL.",41.85284411,-87.63373973
229 W CERMAK RD,"229 W CERMAK RD Chicago, IL.",41.85286886,-87.63164442
225 W CERMAK RD,"225 W CERMAK RD Chicago, IL.",41.85286886,-87.63158652
223 W CERMAK RD,"223 W CERMAK RD Chicago, IL.",41.85286886,-87.63155756
217 W CERMAK RD,"217 W CERMAK RD Chicago, IL.",41.85286886,-87.6314707
2002 S WENTWORTH AVE,"2002 S WENTWORTH AVE Chicago, IL.",41.85527988,-87.63192368
2024 S WENTWORTH AVE,"2024 S WENTWORTH AVE Chicago, IL.",41.85506969,-87.63192087
2141 S PRINCETON AVE,"2141 S PRINCETON AVE Chicago, IL.",41.8540074,-87.6359637
0 S PRINCETON AVE,"1 S PRINCETON AVE Chicago, IL.",41.6925253,-87.6303088
856 W ROOSEVELT RD,"856 W ROOSEVELT RD Chicago, IL.",41.86719444,-87.6481442
1309 S HALSTED ST,"1309 S HALSTED ST Chicago, IL.",41.86490794,-87.64677208
953 W ROOSEVELT RD,"953 W ROOSEVELT RD Chicago, IL.",41.86704293,-87.65024123
1174 N MILWAUKEE AVE,"1174 N MILWAUKEE AVE Chicago, IL.",41.90296784,-87.66599176
216 W KINZIE ST,"216 W KINZIE ST Chicago, IL.",41.88921666,-87.63438639
46 S CLINTON ST,"46 S CLINTON ST Chicago, IL.",41.88154967,-87.64125971
525 W JACKSON BLVD,"525 W JACKSON BLVD Chicago, IL.",41.87796985,-87.6409948
444 W JACKSON BLVD,"444 W JACKSON BLVD Chicago, IL.",41.87810832,-87.63878509
1146 N WELLS ST,"1146 N WELLS ST Chicago, IL.",41.90333382,-87.63453475
86 W SUPERIOR ST,"86 W SUPERIOR ST Chicago, IL.",41.89570196,-87.6303677
180 E RANDOLPH ST,"180 E RANDOLPH ST Chicago, IL.",41.88452844,-87.62384575
54 W SUPERIOR ST,"54 W SUPERIOR ST Chicago, IL.",41.89571544,-87.62961857
166 E RANDOLPH ST,"166 E RANDOLPH ST Chicago, IL.",41.88452844,-87.62384575
1 W SUPERIOR ST,"1 W SUPERIOR ST Chicago, IL.",41.89561885,-87.62825172
4 W HURON ST,"4 W HURON ST Chicago, IL.",41.89493244,-87.62833043
1312 W LAKE ST,"1312 W LAKE ST Chicago, IL.",41.88552527,-87.65937742
1356 W LAKE ST,"1356 W LAKE ST Chicago, IL.",41.88550044,-87.66103302
909 W WASHINGTON BLVD,"909 W WASHINGTON BLVD Chicago, IL.",41.88304404,-87.65007776
159 W HURON ST,"159 W HURON ST Chicago, IL.",41.89473803,-87.63383129
50 S CLINTON ST,"50 S CLINTON ST Chicago, IL.",41.88152669,-87.64125893
66 S CLINTON ST,"66 S CLINTON ST Chicago, IL.",41.88143479,-87.64125579
178 W HUBBARD ST,"178 W HUBBARD ST Chicago, IL.",41.89004966,-87.63319634
673 N MILWAUKEE AVE,"673 N MILWAUKEE AVE Chicago, IL.",41.8940528,-87.6514135
685 N MILWAUKEE AVE,"685 N MILWAUKEE AVE Chicago, IL.",41.8941281,-87.6518501
691 N MILWAUKEE AVE,"691 N MILWAUKEE AVE Chicago, IL.",41.8944358,-87.6520974
697 N MILWAUKEE AVE,"697 N MILWAUKEE AVE Chicago, IL.",41.8922076,-87.6489774
701 N MILWAUKEE AVE,"701 N MILWAUKEE AVE Chicago, IL.",41.89440446,-87.65245172
615 W ROOSEVELT RD,"615 W ROOSEVELT RD Chicago, IL.",41.86715584,-87.64297326
613 W ROOSEVELT RD,"613 W ROOSEVELT RD Chicago, IL.",41.86715687,-87.64287189
609 W ROOSEVELT RD,"609 W ROOSEVELT RD Chicago, IL.",41.86715893,-87.64266914
571 W ROOSEVELT RD,"571 W ROOSEVELT RD Chicago, IL.",41.86717391,-87.64149698
1545 W DIVISION ST,"1545 W DIVISION ST Chicago, IL.",41.90329585,-87.66679918
748 N MILWAUKEE AVE,"748 N MILWAUKEE AVE Chicago, IL.",41.89556739,-87.65448902
506 N MILWAUKEE AVE,"506 N MILWAUKEE AVE Chicago, IL.",41.89137159,-87.64802019
1410 S WABASH AVE,"1410 S WABASH AVE Chicago, IL.",41.86385477,-87.62582305
557 N FRANKLIN ST,"557 N FRANKLIN ST Chicago, IL.",41.89178717,-87.63550592
320 E GRAND AVE,"320 E GRAND AVE Chicago, IL.",41.89187244,-87.61967885
1614 S MICHIGAN AVE,"1614 S MICHIGAN AVE Chicago, IL.",41.8597235,-87.62405185
1628 S MICHIGAN AVE,"1628 S MICHIGAN AVE Chicago, IL.",41.85936118,-87.62404294
976 N DEARBORN ST,"976 N DEARBORN ST Chicago, IL.",41.8995934,-87.62992771
1005 N DEARBORN ST,"1005 N DEARBORN ST Chicago, IL.",41.90067911,-87.62981593
1562 N CLARK ST,"1562 N CLARK ST Chicago, IL.",41.91083617,-87.63173737
1444 N CLARK ST,"1444 N CLARK ST Chicago, IL.",41.90867557,-87.63166814
950 N CLARK ST,"950 N CLARK ST Chicago, IL.",41.89984517,-87.63140789
2100 S MICHIGAN AVE,"2100 S MICHIGAN AVE Chicago, IL.",41.85422715,-87.62392622
2112 S MICHIGAN AVE,"2112 S MICHIGAN AVE Chicago, IL.",41.85407695,-87.62392371
73 W MONROE ST,"73 W MONROE ST Chicago, IL.",41.88065187,-87.63010766
1615 N WELLS ST,"1615 N WELLS ST Chicago, IL.",41.91150978,-87.63464232
728 S WABASH AVE,"728 S WABASH AVE Chicago, IL.",41.87273145,-87.62603448
1021 S STATE ST,"1021 S STATE ST Chicago, IL.",41.86975426,-87.62733216
2243 S MICHIGAN AVE,"2243 S MICHIGAN AVE Chicago, IL.",41.85206676,-87.62370923
980 S STATE ST,"980 S STATE ST Chicago, IL.",41.87070088,-87.62765972
2043 S MICHIGAN AVE,"2043 S MICHIGAN AVE Chicago, IL.",41.85496717,-87.62378879
2019 S MICHIGAN AVE,"2019 S MICHIGAN AVE Chicago, IL.",41.85523445,-87.62379547
888 W ROOSEVELT RD,"888 W ROOSEVELT RD Chicago, IL.",41.86717645,-87.64878113
885 W ROOSEVELT RD,"885 W ROOSEVELT RD Chicago, IL.",41.86706169,-87.64916383
555 W ROOSEVELT RD,"555 W ROOSEVELT RD Chicago, IL.",41.86717749,-87.64114669
541 W ROOSEVELT RD,"541 W ROOSEVELT RD Chicago, IL.",41.86718419,-87.6408382
753 S CLARK ST,"753 S CLARK ST Chicago, IL.",41.87265124,-87.63054412
160 N FRANKLIN ST,"160 N FRANKLIN ST Chicago, IL.",41.88497271,-87.63546997
79 E 13TH ST,"79 E 13TH ST Chicago, IL.",41.86570184,-87.62599095
89 E 13TH ST,"89 E 13TH ST Chicago, IL.",41.86570285,-87.62593439
310 W SUPERIOR ST,"310 W SUPERIOR ST Chicago, IL.",41.89561806,-87.63669684
226 W SUPERIOR ST,"226 W SUPERIOR ST Chicago, IL.",41.89564052,-87.63495447
2322 N LINCOLN AVE,"2322 N LINCOLN AVE Chicago, IL.",41.92404923,-87.64692019
60 E 13TH ST,"60 E 13TH ST Chicago, IL.",41.86582796,-87.6253004
2256 N LINCOLN AVE,"2256 N LINCOLN AVE Chicago, IL.",41.9229406,-87.64536989
2252 N LINCOLN AVE,"2252 N LINCOLN AVE Chicago, IL.",41.92287877,-87.64528412
2238 N LINCOLN AVE,"2238 N LINCOLN AVE Chicago, IL.",41.92266236,-87.64498393
456 E SUPERIOR ST,"456 E SUPERIOR ST Chicago, IL.",41.89588358,-87.61877442
205 E PEARSON ST,"205 E PEARSON ST Chicago, IL.",41.89755762,-87.62169774
273 E PEARSON ST,"273 E PEARSON ST Chicago, IL.",41.8975782,-87.62065645
2237 N LINCOLN AVE,"2237 N LINCOLN AVE Chicago, IL.",41.92273964,-87.64486981
1240 S CLINTON ST,"1240 S CLINTON ST Chicago, IL.",41.86628188,-87.6407707
1252 S CLINTON ST,"1252 S CLINTON ST Chicago, IL.",41.86601044,-87.64076153
1260 S CLINTON ST,"1260 S CLINTON ST Chicago, IL.",41.86582953,-87.64075542
1270 S CLINTON ST,"1270 S CLINTON ST Chicago, IL.",41.86560337,-87.64074777
2268 N LINCOLN AVE,"2268 N LINCOLN AVE Chicago, IL.",41.9231261,-87.64562719
1275 S CLINTON ST,"1275 S CLINTON ST Chicago, IL.",41.86588188,-87.64060326
2251 N LINCOLN AVE,"2251 N LINCOLN AVE Chicago, IL.",41.92295021,-87.64516188
2311 N LINCOLN AVE,"2311 N LINCOLN AVE Chicago, IL.",41.92392091,-87.64652295
2313 N LINCOLN AVE,"2313 N LINCOLN AVE Chicago, IL.",41.92395596,-87.64657123
2316 N LINCOLN AVE,"2316 N LINCOLN AVE Chicago, IL.",41.92394406,-87.64677536
2331 N LINCOLN AVE,"2331 N LINCOLN AVE Chicago, IL.",41.92427146,-87.64700574
2365 N LINCOLN AVE,"2365 N LINCOLN AVE Chicago, IL.",41.92486359,-87.64783147
2427 N LINCOLN AVE,"2427 N LINCOLN AVE Chicago, IL.",41.92606818,-87.64952634
632 W ROOSEVELT RD,"632 W ROOSEVELT RD Chicago, IL.",41.86727326,-87.64269607
754 W ROOSEVELT RD,"754 W ROOSEVELT RD Chicago, IL.",41.86722144,-87.645871
2520 N LINCOLN AVE,"2520 N LINCOLN AVE Chicago, IL.",41.92765161,-87.65196028
2516 N LINCOLN AVE,"2516 N LINCOLN AVE Chicago, IL.",41.92756718,-87.65184202
2462 N LINCOLN AVE,"2462 N LINCOLN AVE Chicago, IL.",41.92673798,-87.65067637
943 W ROOSEVELT RD,"943 W ROOSEVELT RD Chicago, IL.",41.86704385,-87.65008417
1210 S JEFFERSON ST,"1210 S JEFFERSON ST Chicago, IL.",41.86704594,-87.64225842
1400 S JEFFERSON ST,"1400 S JEFFERSON ST Chicago, IL.",41.8647923,-87.64218603
1382 S HALSTED ST,"1382 S HALSTED ST Chicago, IL.",41.8639831,-87.64690252
207 W WALTON ST,"207 W WALTON ST Chicago, IL.",41.89969585,-87.63494757
1238 W BELMONT AVE,"1238 W BELMONT AVE Chicago, IL.",41.93986857,-87.66037885
1232 W BELMONT AVE,"1232 W BELMONT AVE Chicago, IL.",41.93987462,-87.66016883
1134 W BELMONT AVE,"1134 W BELMONT AVE Chicago, IL.",41.93991443,-87.65783026
1122 W BELMONT AVE,"1122 W BELMONT AVE Chicago, IL.",41.93991443,-87.65752349
2224 S ARCHER AVE,"2224 S ARCHER AVE Chicago, IL.",41.85214891,-87.63643148
2232 S ARCHER AVE,"2232 S ARCHER AVE Chicago, IL.",41.85201747,-87.6366961
237 W CERMAK RD,"237 W CERMAK RD Chicago, IL.",41.85286764,-87.632084
231 W CERMAK RD,"231 W CERMAK RD Chicago, IL.",41.85286886,-87.63167338
1901 S WENTWORTH AVE,"1901 S WENTWORTH AVE Chicago, IL.",41.85599739,-87.63180102
1154 W 18TH ST,"1154 W 18TH ST Chicago, IL.",41.85802884,-87.65547118
1220 W 18TH ST,"1220 W 18TH ST Chicago, IL.",41.85800257,-87.6568343
928 W BELMONT AVE,"928 W BELMONT AVE Chicago, IL.",41.93999799,-87.65227322
1100 W BELMONT AVE,"1100 W BELMONT AVE Chicago, IL.",41.940051,-87.6568908
1114 W BELMONT AVE,"1114 W BELMONT AVE Chicago, IL.",41.93991706,-87.6574039
1222 W BELMONT AVE,"1222 W BELMONT AVE Chicago, IL.",41.93988149,-87.65981713
3303 N SOUTHPORT AVE,"3303 N SOUTHPORT AVE Chicago, IL.",41.94169462,-87.66379237
3319 N SOUTHPORT AVE,"3319 N SOUTHPORT AVE Chicago, IL.",41.94209536,-87.66380409
3415 N SOUTHPORT AVE,"3415 N SOUTHPORT AVE Chicago, IL.",41.94386165,-87.66385318
3521 N SOUTHPORT AVE,"3521 N SOUTHPORT AVE Chicago, IL.",41.94585851,-87.66390617
3705 N SOUTHPORT AVE,"3705 N SOUTHPORT AVE Chicago, IL.",41.94906505,-87.66399398
3707 N SOUTHPORT AVE,"3707 N SOUTHPORT AVE Chicago, IL.",41.94912184,-87.6639954
3745 N SOUTHPORT AVE,"3745 N SOUTHPORT AVE Chicago, IL.",41.95020082,-87.66402609
3820 N BROADWAY,"3820 N BROADWAY Chicago, IL.",41.95211532,-87.64971139
181 W HURON ST,"181 W HURON ST Chicago, IL.",41.89473685,-87.63396853
3744 N HALSTED ST,"3744 N HALSTED ST Chicago, IL.",41.95037157,-87.64966441
600 N FRANKLIN ST,"600 N FRANKLIN ST Chicago, IL.",41.89322124,-87.63569179
1463 W WEBSTER AVE,"1463 W WEBSTER AVE Chicago, IL.",41.92154785,-87.66555726
2010 N CLYBOURN AVE,"2010 N CLYBOURN AVE Chicago, IL.",41.91782543,-87.65925515
2000 N CLYBOURN AVE,"2000 N CLYBOURN AVE Chicago, IL.",41.91760133,-87.65894509
1870 N CLYBOURN AVE,"1870 N CLYBOURN AVE Chicago, IL.",41.91509837,-87.65546624
1834 N CLYBOURN AVE,"1834 N CLYBOURN AVE Chicago, IL.",41.91437249,-87.65445366
121 N HALSTED ST,"121 N HALSTED ST Chicago, IL.",41.88363314,-87.64733529
133 N HALSTED ST,"133 N HALSTED ST Chicago, IL.",41.88417324,-87.64735329
707 N MILWAUKEE AVE,"707 N MILWAUKEE AVE Chicago, IL.",41.89451599,-87.65261835
709 N MILWAUKEE AVE,"709 N MILWAUKEE AVE Chicago, IL.",41.89453257,-87.65264496
159 N DEARBORN ST,"159 N DEARBORN ST Chicago, IL.",41.88534376,-87.62940661
181 N DEARBORN ST,"181 N DEARBORN ST Chicago, IL.",41.88547196,-87.62941118
2201 N CLARK ST,"2201 N CLARK ST Chicago, IL.",41.92202453,-87.63886465
702 W FULLERTON AVE,"702 W FULLERTON AVE Chicago, IL.",41.92555043,-87.64650108
2132 N HALSTED ST,"2132 N HALSTED ST Chicago, IL.",41.92060915,-87.64867213
2128 N HALSTED ST,"2128 N HALSTED ST Chicago, IL.",41.92053925,-87.64866984
1688 N HALSTED ST,"1688 N HALSTED ST Chicago, IL.",41.91254667,-87.64839913
815 N MILWAUKEE AVE,"815 N MILWAUKEE AVE Chicago, IL.",41.89660643,-87.65586303
1383 N MILWAUKEE AVE,"1383 N MILWAUKEE AVE Chicago, IL.",41.90702878,-87.67210495
3924 N BROADWAY ST,"3924 N BROADWAY ST Chicago, IL.",41.95328755,-87.64981188
3828 N BROADWAY ST,"3828 N BROADWAY ST Chicago, IL.",41.95214252,-87.64971222
3736 N HALSTED ST,"3736 N HALSTED ST Chicago, IL.",41.95025789,-87.64965968
2632 N HALSTED ST,"2632 N HALSTED ST Chicago, IL.",41.92990777,-87.6489943
2323 N LINCOLN AVE,"2323 N LINCOLN AVE Chicago, IL.",41.92413124,-87.64681262
2335 N LINCOLN AVE,"2335 N LINCOLN AVE Chicago, IL.",41.92434158,-87.6471023
2663 N LINCOLN AVE,"2663 N LINCOLN AVE Chicago, IL.",41.93035316,-87.65551864
360 E RANDOLPH ST,"360 E RANDOLPH ST Chicago, IL.",41.88457397,-87.61919202
3635 N LINCOLN AVE,"3635 N LINCOLN AVE Chicago, IL.",41.94822216,-87.67454091
3941 N LINCOLN AVE,"3941 N LINCOLN AVE Chicago, IL.",41.95340862,-87.67814806
3901 N CLARK ST,"3901 N CLARK ST Chicago, IL.",41.95184937,-87.66015818
68 N DEARBORN ST,"68 N DEARBORN ST Chicago, IL.",41.88238146,-87.6294903
804 N DEARBORN ST,"804 N DEARBORN ST Chicago, IL.",41.89676415,-87.62985372
20 E GRAND AVE,"20 E GRAND AVE Chicago, IL.",41.89174644,-87.62652888
2585 N CLARK ST,"2585 N CLARK ST Chicago, IL.",41.92982568,-87.64304932
2540 N CLARK ST,"2540 N CLARK ST Chicago, IL.",41.92890179,-87.64253149
2901 N CLARK ST,"2901 N CLARK ST Chicago, IL.",41.93491378,-87.64650852
3033 N CLARK ST,"3033 N CLARK ST Chicago, IL.",41.9369361,-87.64814275
782 S HALSTED ST,"782 S HALSTED ST Chicago, IL.",41.87154349,-87.64720647
560 W ROOSEVELT RD,"560 W ROOSEVELT RD Chicago, IL.",41.86729133,-87.64122073
3812 N ELSTON AVE,"3812 N ELSTON AVE Chicago, IL.",41.95044207,-87.71452774
3200 N ELSTON AVE,"3200 N ELSTON AVE Chicago, IL.",41.93938689,-87.69843411
3162 N ELSTON AVE,"3162 N ELSTON AVE Chicago, IL.",41.93862929,-87.69732787
3072 N ELSTON AVE,"3072 N ELSTON AVE Chicago, IL.",41.93707551,-87.69505822
2940 N ELSTON AVE,"2940 N ELSTON AVE Chicago, IL.",41.93488699,-87.69187154
2278 N ELSTON AVE,"2278 N ELSTON AVE Chicago, IL.",41.92304409,-87.67468166
1101 W TAYLOR ST,"1101 W TAYLOR ST Chicago, IL.",41.86939646,-87.65437519
175 S FRANKLIN ST,"175 S FRANKLIN ST Chicago, IL.",41.87970965,-87.63517043
125 S FRANKLIN ST,"125 S FRANKLIN ST Chicago, IL.",41.88029865,-87.63519121
105 N FRANKLIN ST,"105 N FRANKLIN ST Chicago, IL.",41.8851684,-87.63531592
157 N FRANKLIN ST,"157 N FRANKLIN ST Chicago, IL.",41.88544671,-87.63530024
568 W ROOSEVELT RD,"568 W ROOSEVELT RD Chicago, IL.",41.86728942,-87.64140839
1078 W ROOSEVELT RD,"1078 W ROOSEVELT RD Chicago, IL.",41.867177,-87.654415
1244 W ROOSEVELT RD,"1244 W ROOSEVELT RD Chicago, IL.",41.86703108,-87.65820159
1500 W ROOSEVELT RD,"1500 W ROOSEVELT RD Chicago, IL.",41.86693345,-87.66408968
1104 W TAYLOR ST,"1104 W TAYLOR ST Chicago, IL.",41.86950744,-87.65451533
1517 W 18TH ST,"1517 W 18TH ST Chicago, IL.",41.85776923,-87.66443082
969 W 18TH ST,"969 W 18TH ST Chicago, IL.",41.85796983,-87.65111557
909 W 18TH ST,"909 W 18TH ST Chicago, IL.",41.85799886,-87.64914661
716 W 18TH ST,"716 W 18TH ST Chicago, IL.",41.857623,-87.64539919
708 W 18TH ST,"708 W 18TH ST Chicago, IL.",41.85762745,-87.6451291
974 W 18TH ST,"974 W 18TH ST Chicago, IL.",41.85808341,-87.65116363
1202 W 18TH ST,"1202 W 18TH ST Chicago, IL.",41.85801033,-87.6565433
1530 W 18TH ST,"1530 W 18TH ST Chicago, IL.",41.85787592,-87.66495155
1246 S HALSTED ST,"1246 S HALSTED ST Chicago, IL.",41.86655015,-87.64697896
1248 S HALSTED ST,"1248 S HALSTED ST Chicago, IL.",41.8665264,-87.64697807
1272 S HALSTED ST,"1272 S HALSTED ST Chicago, IL.",41.86624151,-87.64696744
2040 S HALSTED ST,"2040 S HALSTED ST Chicago, IL.",41.85426145,-87.64661617
2042 S HALSTED ST,"2042 S HALSTED ST Chicago, IL.",41.85414571,-87.64661156
65 E 26TH ST,"65 E 26TH ST Chicago, IL.",41.84554999,-87.62562738
1739 S HALSTED ST,"1739 S HALSTED ST Chicago, IL.",41.85802725,-87.64657032
830 W ROOSEVELT RD,"830 W ROOSEVELT RD Chicago, IL.",41.86720344,-87.64757077
1076 W ROOSEVELT RD,"1076 W ROOSEVELT RD Chicago, IL.",41.86714045,-87.6513203
1336 W ROOSEVELT RD,"1336 W ROOSEVELT RD Chicago, IL.",41.8669975,-87.66004566
1100 W TAYLOR ST,"1100 W TAYLOR ST Chicago, IL.",41.86951049,-87.65439042
1133 W TAYLOR ST,"1133 W TAYLOR ST Chicago, IL.",41.86937951,-87.65539765
512 W ROOSEVELT RD,"512 W ROOSEVELT RD Chicago, IL.",41.86731144,-87.63969946
1421 W WASHINGTON BLVD,"1421 W WASHINGTON BLVD Chicago, IL.",41.88283779,-87.66264443
1415 N HALSTED ST,"1415 N HALSTED ST Chicago, IL.",41.90668937,-87.64809126
746 W ROOSEVELT RD,"746 W ROOSEVELT RD Chicago, IL.",41.86722144,-87.6457774
1493 N CLYBOURN AVE,"1493 N CLYBOURN AVE Chicago, IL.",41.90858888,-87.64617038
831 W ROOSEVELT RD,"831 W ROOSEVELT RD Chicago, IL.",41.86707514,-87.64830677
894 W ROOSEVELT RD,"894 W ROOSEVELT RD Chicago, IL.",41.86717645,-87.64890064
904 W ROOSEVELT RD,"904 W ROOSEVELT RD Chicago, IL.",41.86717645,-87.64909983
914 W ROOSEVELT RD,"914 W ROOSEVELT RD Chicago, IL.",41.86717427,-87.64930054
936 W ROOSEVELT RD,"936 W ROOSEVELT RD Chicago, IL.",41.86716773,-87.64973867
1825 S ASHLAND AVE,"1825 S ASHLAND AVE Chicago, IL.",41.85739808,-87.66605625
1328 S HALSTED ST,"1328 S HALSTED ST Chicago, IL.",41.86456317,-87.64692107
1368 S HALSTED ST,"1368 S HALSTED ST Chicago, IL.",41.86403273,-87.64690376
735 N WELLS ST,"735 N WELLS ST Chicago, IL.",41.89570636,-87.63410129
1341 S HALSTED ST,"1341 S HALSTED ST Chicago, IL.",41.8641204,-87.64675279
553 W ROOSEVELT RD,"553 W ROOSEVELT RD Chicago, IL.",41.86717793,-87.64110291
42 W 26TH ST,"42 W 26TH ST Chicago, IL.",41.84562143,-87.62833443
218 W 26TH ST,"218 W 26TH ST Chicago, IL.",41.84557282,-87.63292864
240 W 26TH ST,"240 W 26TH ST Chicago, IL.",41.84556335,-87.63345811
1229 S HALSTED ST,"1229 S HALSTED ST Chicago, IL.",41.86593445,-87.64680431
1233 N WELLS ST,"1233 N WELLS ST Chicago, IL.",41.90423405,-87.63441675
340 W ARMITAGE AVE,"340 W ARMITAGE AVE Chicago, IL.",41.91839544,-87.63798284
440 W ARMITAGE AVE,"440 W ARMITAGE AVE Chicago, IL.",41.91835784,-87.64034128
716 W ARMITAGE AVE,"716 W ARMITAGE AVE Chicago, IL.",41.91825689,-87.64685778
746 N WELLS ST,"746 N WELLS ST Chicago, IL.",41.89585953,-87.63426072
838 W ARMITAGE AVE,"838 W ARMITAGE AVE Chicago, IL.",41.91821317,-87.65005893
900 W ARMITAGE AVE,"900 W ARMITAGE AVE Chicago, IL.",41.91819744,-87.65101724
908 W ARMITAGE AVE,"908 W ARMITAGE AVE Chicago, IL.",41.91819398,-87.65132812
1018 W ARMITAGE AVE,"1018 W ARMITAGE AVE Chicago, IL.",41.91815049,-87.65423631
1122 W ARMITAGE AVE,"1122 W ARMITAGE AVE Chicago, IL.",41.91811989,-87.65648845
1154 W ARMITAGE AVE,"1154 W ARMITAGE AVE Chicago, IL.",41.91810632,-87.65734413
1226 W FULLERTON AVE,"1226 W FULLERTON AVE Chicago, IL.",41.92533613,-87.65948299
2320 N SOUTHPORT AVE,"2320 N SOUTHPORT AVE Chicago, IL.",41.92402718,-87.66335685
2258 N SOUTHPORT AVE,"2258 N SOUTHPORT AVE Chicago, IL.",41.92267642,-87.66331096
1149 W ARMITAGE AVE,"1149 W ARMITAGE AVE Chicago, IL.",41.91799285,-87.65720098
1121 W ARMITAGE AVE,"1121 W ARMITAGE AVE Chicago, IL.",41.91800751,-87.65630847
1123 W ARMITAGE AVE,"1123 W ARMITAGE AVE Chicago, IL.",41.91800674,-87.6563709
1113 W ARMITAGE AVE,"1113 W ARMITAGE AVE Chicago, IL.",41.91801059,-87.65605876
959 W ARMITAGE AVE,"959 W ARMITAGE AVE Chicago, IL.",41.91805259,-87.6529203
951 W ARMITAGE AVE,"951 W ARMITAGE AVE Chicago, IL.",41.91805401,-87.65284702
42 S CLINTON ST,"42 S CLINTON ST Chicago, IL.",41.88157265,-87.64126049
454 W CHICAGO AVE,"454 W CHICAGO AVE Chicago, IL.",41.89658329,-87.63933227
819 N WELLS ST,"819 N WELLS ST Chicago, IL.",41.89760387,-87.63416034
1257 W FULLERTON AVE,"1257 W FULLERTON AVE Chicago, IL.",41.92521468,-87.65987863
1243 W FULLERTON AVE,"1243 W FULLERTON AVE Chicago, IL.",41.9252179,-87.65969234
1229 W FULLERTON AVE,"1229 W FULLERTON AVE Chicago, IL.",41.92522111,-87.65950604
1237 W FULLERTON AVE,"1237 W FULLERTON AVE Chicago, IL.",41.92521927,-87.65961249
1225 W FULLERTON AVE,"1225 W FULLERTON AVE Chicago, IL.",41.92522203,-87.65945281
1219 W FULLERTON AVE,"1219 W FULLERTON AVE Chicago, IL.",41.9252234,-87.65937297
901 W LAKE ST,"901 W LAKE ST Chicago, IL.",41.88556585,-87.6498832
2673 N HALSTED ST,"2673 N HALSTED ST Chicago, IL.",41.93087039,-87.64887251
3017 N HALSTED ST,"3017 N HALSTED ST Chicago, IL.",41.93663332,-87.64907194
3027 N HALSTED ST,"3027 N HALSTED ST Chicago, IL.",41.93675296,-87.64907612
3545 N HALSTED ST,"3545 N HALSTED ST Chicago, IL.",41.94651544,-87.64938493
3729 N HALSTED ST,"3729 N HALSTED ST Chicago, IL.",41.95006181,-87.64949714
3741 N HALSTED ST,"3741 N HALSTED ST Chicago, IL.",41.95031828,-87.64950804
3630 N HALSTED ST,"3630 N HALSTED ST Chicago, IL.",41.94759577,-87.64957073
3530 N HALSTED ST,"3530 N HALSTED ST Chicago, IL.",41.94642837,-87.64953495
3352 N HALSTED ST,"3352 N HALSTED ST Chicago, IL.",41.94299014,-87.64943944
3036 N HALSTED ST,"3036 N HALSTED ST Chicago, IL.",41.93686962,-87.6492343
2054 N HALSTED ST,"2054 N HALSTED ST Chicago, IL.",41.91917065,-87.64862144
2050 N HALSTED ST,"2050 N HALSTED ST Chicago, IL.",41.91910112,-87.64861914
2044 N HALSTED ST,"2044 N HALSTED ST Chicago, IL.",41.91899682,-87.6486157
1526 N HALSTED ST,"1526 N HALSTED ST Chicago, IL.",41.90894508,-87.64830051
1428 N HALSTED ST,"1428 N HALSTED ST Chicago, IL.",41.90719785,-87.64826125
417 W CHICAGO AVE,"417 W CHICAGO AVE Chicago, IL.",41.8964664,-87.63951838
1525 N WELLS ST,"1525 N WELLS ST Chicago, IL.",41.90980413,-87.63458899
1211 W LAKE ST,"1211 W LAKE ST Chicago, IL.",41.88544297,-87.6570685
1012 W LAKE ST,"1012 W LAKE ST Chicago, IL.",41.88563187,-87.65265353
1002 W LAKE ST,"1002 W LAKE ST Chicago, IL.",41.88563863,-87.65229478
7 N CANAL ST,"7 N CANAL ST Chicago, IL.",41.8820186,-87.63961111
2551 N CLARK ST,"2551 N CLARK ST Chicago, IL.",41.92914214,-87.64250333
2619 N CLARK ST,"2619 N CLARK ST Chicago, IL.",41.93029917,-87.64357391
2861 N CLARK ST,"2861 N CLARK ST Chicago, IL.",41.93439797,-87.64608515
2921 N CLARK ST,"2921 N CLARK ST Chicago, IL.",41.93551736,-87.64699611
3221 N CLARK ST,"3221 N CLARK ST Chicago, IL.",41.94039223,-87.65094051
3223 N CLARK ST,"3223 N CLARK ST Chicago, IL.",41.940427,-87.65096855
310 W HUBBARD ST,"310 W HUBBARD ST Chicago, IL.",41.89001275,-87.63610025
318 W HUBBARD ST,"318 W HUBBARD ST Chicago, IL.",41.89000472,-87.6364877
350 W HUBBARD ST,"350 W HUBBARD ST Chicago, IL.",41.88998064,-87.63757045
360 W HUBBARD ST,"360 W HUBBARD ST Chicago, IL.",41.88997404,-87.63776616
77 W JACKSON BLVD,"77 W JACKSON BLVD Chicago, IL.",41.87810036,-87.63024796
65 W JACKSON BLVD,"65 W JACKSON BLVD Chicago, IL.",41.87810388,-87.62999777
3262 N CLARK ST,"3262 N CLARK ST Chicago, IL.",41.94106355,-87.65166144
23 W ILLINOIS ST,"23 W ILLINOIS ST Chicago, IL.",41.89079347,-87.62890379
13 W ILLINOIS ST,"13 W ILLINOIS ST Chicago, IL.",41.89080024,-87.62854507
322 W ARMITAGE AVE,"322 W ARMITAGE AVE Chicago, IL.",41.91839832,-87.63762382
215 E GRAND AVE,"215 E GRAND AVE Chicago, IL.",41.89170778,-87.6222614
70 E HUBBARD ST,"70 E HUBBARD ST Chicago, IL.",41.89013368,-87.62709123
916 W ARMITAGE AVE,"916 W ARMITAGE AVE Chicago, IL.",41.91818844,-87.65169664
1837 S STATE ST,"1837 S STATE ST Chicago, IL.",41.8573412,-87.62704264
2056 N CLYBOURN AVE,"2056 N CLYBOURN AVE Chicago, IL.",41.91889733,-87.6607503
1155 W ARMITAGE AVE,"1155 W ARMITAGE AVE Chicago, IL.",41.9179921,-87.65731292
1153 W ARMITAGE AVE,"1153 W ARMITAGE AVE Chicago, IL.",41.91799257,-87.65727518
30 E HUBBARD ST,"30 E HUBBARD ST Chicago, IL.",41.89012815,-87.62758604
6 W HUBBARD ST,"6 W HUBBARD ST Chicago, IL.",41.89012017,-87.62823238
10 W HUBBARD ST,"10 W HUBBARD ST Chicago, IL.",41.89011656,-87.62837573
182 W HUBBARD ST,"182 W HUBBARD ST Chicago, IL.",41.89004907,-87.63323089
553 N FRANKLIN ST,"553 N FRANKLIN ST Chicago, IL.",41.89177532,-87.6355057
715 N FRANKLIN ST,"715 N FRANKLIN ST Chicago, IL.",41.89527146,-87.63559905
907 W ARMITAGE AVE,"907 W ARMITAGE AVE Chicago, IL.",41.9180821,-87.65121303
823 W ARMITAGE AVE,"823 W ARMITAGE AVE Chicago, IL.",41.91810811,-87.64952724
743 N FRANKLIN ST,"743 N FRANKLIN ST Chicago, IL.",41.89535185,-87.63560255
759 N FRANKLIN ST,"759 N FRANKLIN ST Chicago, IL.",41.89539594,-87.63560377
773 N FRANKLIN ST,"773 N FRANKLIN ST Chicago, IL.",41.89543616,-87.63560377
657 W ARMITAGE AVE,"657 W ARMITAGE AVE Chicago, IL.",41.91816384,-87.64566938
217 W CHESTNUT ST,"217 W CHESTNUT ST Chicago, IL.",41.89813679,-87.63513473
2315 N LINCOLN AVE,"2315 N LINCOLN AVE Chicago, IL.",41.92399102,-87.64661951
2537 N LINCOLN AVE,"2537 N LINCOLN AVE Chicago, IL.",41.92796835,-87.65218322
544 N WELLS ST,"544 N WELLS ST Chicago, IL.",41.89186972,-87.63415357
400 N WELLS ST,"400 N WELLS ST Chicago, IL.",41.88922231,-87.63408888
220 N DESPLAINES ST,"220 N DESPLAINES ST Chicago, IL.",41.88615379,-87.6443351
216 N DESPLAINES ST,"216 N DESPLAINES ST Chicago, IL.",41.88607378,-87.64433279
3042 N LINCOLN AVE,"3042 N LINCOLN AVE Chicago, IL.",41.93683803,-87.6648208
136 N DESPLAINES ST,"136 N DESPLAINES ST Chicago, IL.",41.88400205,-87.64427006
22 N DESPLAINES ST,"22 N DESPLAINES ST Chicago, IL.",41.88219842,-87.64421633
2944 N LINCOLN AVE,"2944 N LINCOLN AVE Chicago, IL.",41.9352782,-87.66262705
2826 N LINCOLN AVE,"2826 N LINCOLN AVE Chicago, IL.",41.93301021,-87.65945104
210 S DESPLAINES ST,"210 S DESPLAINES ST Chicago, IL.",41.87914785,-87.64411472
2506 N LINCOLN AVE,"2506 N LINCOLN AVE Chicago, IL.",41.92735554,-87.65154615
2474 N LINCOLN AVE,"2474 N LINCOLN AVE Chicago, IL.",41.92687503,-87.65086993
2390 N LINCOLN AVE,"2390 N LINCOLN AVE Chicago, IL.",41.92523384,-87.64856983
2386 N LINCOLN AVE,"2386 N LINCOLN AVE Chicago, IL.",41.92516419,-87.64847268
2382 N LINCOLN AVE,"2382 N LINCOLN AVE Chicago, IL.",41.92509453,-87.64837553
2380 N LINCOLN AVE,"2380 N LINCOLN AVE Chicago, IL.",41.9250597,-87.64832695
2230 N LINCOLN AVE,"2230 N LINCOLN AVE Chicago, IL.",41.92253869,-87.6448124
412 S DESPLAINES ST,"412 S DESPLAINES ST Chicago, IL.",41.87657386,-87.64403362
700 S DESPLAINES ST,"700 S DESPLAINES ST Chicago, IL.",41.87346862,-87.643937
1851 N CLYBOURN AVE,"1851 N CLYBOURN AVE Chicago, IL.",41.91468941,-87.65467266
864 W ROOSEVELT RD,"864 W ROOSEVELT RD Chicago, IL.",41.86718983,-87.64830651
2051 N CLYBOURN AVE,"2051 N CLYBOURN AVE Chicago, IL.",41.91862035,-87.66013591
2235 N CLYBOURN AVE,"2235 N CLYBOURN AVE Chicago, IL.",41.92220264,-87.6651077
2241 N CLYBOURN AVE,"2241 N CLYBOURN AVE Chicago, IL.",41.9222923,-87.66523294
2150 N CLYBOURN AVE,"2150 N CLYBOURN AVE Chicago, IL.",41.92034166,-87.66274213
1529 W TAYLOR ST,"1529 W TAYLOR ST Chicago, IL.",41.86922185,-87.66529118
1982 N CLYBOURN AVE,"1982 N CLYBOURN AVE Chicago, IL.",41.91719437,-87.65838863
1069 W TAYLOR ST,"1069 W TAYLOR ST Chicago, IL.",41.86940865,-87.65355499
1047 W TAYLOR ST,"1047 W TAYLOR ST Chicago, IL.",41.86942277,-87.65292795
320 N WELLS ST,"320 N WELLS ST Chicago, IL.",41.88815544,-87.63405671
318 N WELLS ST,"318 N WELLS ST Chicago, IL.",41.88803923,-87.63405448
125 N HALSTED ST,"125 N HALSTED ST Chicago, IL.",41.88405268,-87.64735049
506 W ROOSEVELT RD,"506 W ROOSEVELT RD Chicago, IL.",41.86731144,-87.63949707
163 N HALSTED ST,"163 N HALSTED ST Chicago, IL.",41.88543795,-87.64739023
167 N HALSTED ST,"167 N HALSTED ST Chicago, IL.",41.88545731,-87.64739083
504 W ROOSEVELT RD,"504 W ROOSEVELT RD Chicago, IL.",41.86731144,-87.63942961
608 W ROOSEVELT RD,"608 W ROOSEVELT RD Chicago, IL.",41.86727544,-87.64237227
926 W ROOSEVELT RD,"926 W ROOSEVELT RD Chicago, IL.",41.8671707,-87.64953952
814 W LAKE ST,"814 W LAKE ST Chicago, IL.",41.88570685,-87.64821942
816 W LAKE ST,"816 W LAKE ST Chicago, IL.",41.8857057,-87.64827716
875 W ROOSEVELT RD,"875 W ROOSEVELT RD Chicago, IL.",41.86706185,-87.64900688
1330 S HALSTED ST,"1330 S HALSTED ST Chicago, IL.",41.86448437,-87.6469191
1106 W LAKE ST,"1106 W LAKE ST Chicago, IL.",41.88559944,-87.65461166
1150 W LAKE ST,"1150 W LAKE ST Chicago, IL.",41.88559014,-87.65506848
1210 W LAKE ST,"1210 W LAKE ST Chicago, IL.",41.88555752,-87.65707299
549 W ROOSEVELT RD,"549 W ROOSEVELT RD Chicago, IL.",41.86717883,-87.64101533
1931 S WABASH AVE,"1931 S WABASH AVE Chicago, IL.",41.85630517,-87.6254999
11 W 26TH ST,"11 W 26TH ST Chicago, IL.",41.84552486,-87.62713945
62 E 26TH ST,"62 E 26TH ST Chicago, IL.",41.84567545,-87.62521219
68 W 26TH ST,"68 W 26TH ST Chicago, IL.",41.84561635,-87.628687
2834 W 26TH ST,"2834 W 26TH ST Chicago, IL.",41.84473122,-87.69646828
1333 W FULTON ST,"1333 W FULTON ST Chicago, IL.",41.88655599,-87.66101906
1319 W FULTON ST,"1319 W FULTON ST Chicago, IL.",41.88655859,-87.66095299
1236 W FULTON ST,"1236 W FULTON ST Chicago, IL.",41.88671915,-87.65761252
1301 W FULTON ST,"1301 W FULTON ST Chicago, IL.",41.88656192,-87.66086805
1310 W FULTON ST,"1310 W FULTON ST Chicago, IL.",41.88669764,-87.65926265
1374 W FULTON ST,"1374 W FULTON ST Chicago, IL.",41.88667044,-87.66102626
320 N ELIZABETH ST,"320 N ELIZABETH ST Chicago, IL.",41.88722768,-87.65898322
250 N ELIZABETH ST,"250 N ELIZABETH ST Chicago, IL.",41.88577098,-87.65894339
313 N ELIZABETH ST,"313 N ELIZABETH ST Chicago, IL.",41.8872769,-87.65883016
1511 W 18TH ST,"1511 W 18TH ST Chicago, IL.",41.85777386,-87.66421168
1137 W 18TH ST,"1137 W 18TH ST Chicago, IL.",41.85792686,-87.65466285
1025 W 18TH ST,"1025 W 18TH ST Chicago, IL.",41.85795386,-87.65231096
1362 W FULTON ST,"1362 W FULTON ST Chicago, IL.",41.88667635,-87.66087614
81 W 26TH ST,"81 W 26TH ST Chicago, IL.",41.84551628,-87.6278575
31 W 26TH ST,"31 W 26TH ST Chicago, IL.",41.84552291,-87.62734366
180 N STETSON AVE,"180 N STETSON AVE Chicago, IL.",41.88531817,-87.62237704
160 N STETSON AVE,"160 N STETSON AVE Chicago, IL.",41.88594238,-87.62238714
264 S COLUMBUS DR,"264 S COLUMBUS DR Chicago, IL.",41.87864512,-87.62079403
38 S DEARBORN ST,"38 S DEARBORN ST Chicago, IL.",41.88173882,-87.62947121
63 W CALHOUN PL,"63 W CALHOUN PL Chicago, IL.",41.8825297,-87.6300278
841 N ASHLAND AVE,"841 N ASHLAND AVE Chicago, IL.",41.89727727,-87.66724915
851 N ASHLAND AVE,"851 N ASHLAND AVE Chicago, IL.",41.89756191,-87.66725429
1037 N ASHLAND AVE,"1037 N ASHLAND AVE Chicago, IL.",41.90080809,-87.66734602
1049 N ASHLAND AVE,"1049 N ASHLAND AVE Chicago, IL.",41.90111363,-87.66735455
1181 N ASHLAND AVE,"1181 N ASHLAND AVE Chicago, IL.",41.9027069,-87.66739785
1229 N ASHLAND AVE,"1229 N ASHLAND AVE Chicago, IL.",41.90433881,-87.66744314
1303 N ASHLAND AVE,"1303 N ASHLAND AVE Chicago, IL.",41.90572743,-87.66747939
1226 W ROOSEVELT RD,"1226 W ROOSEVELT RD Chicago, IL.",41.86703794,-87.6577526
507 W NORTH AVE,"507 W NORTH AVE Chicago, IL.",41.91097754,-87.64314988
1401 W ROOSEVELT RD,"1401 W ROOSEVELT RD Chicago, IL.",41.86685485,-87.66164618
1233 W ROOSEVELT RD,"1233 W ROOSEVELT RD Chicago, IL.",41.86693011,-87.65738956
1219 W ROOSEVELT RD,"1219 W ROOSEVELT RD Chicago, IL.",41.86693353,-87.65711322
231 W NORTH AVE,"231 W NORTH AVE Chicago, IL.",41.91103014,-87.63586296
1560 N WELLS ST,"1560 N WELLS ST Chicago, IL.",41.91040581,-87.63476124
901 W ROOSEVELT RD,"901 W ROOSEVELT RD Chicago, IL.",41.86705791,-87.64941737
863 W ROOSEVELT RD,"863 W ROOSEVELT RD Chicago, IL.",41.86706185,-87.64881668
1350 N WELLS ST,"1350 N WELLS ST Chicago, IL.",41.90718554,-87.63466884
1164 N WELLS ST,"1164 N WELLS ST Chicago, IL.",41.90349459,-87.63454093
1710 S HALSTED ST,"1710 S HALSTED ST Chicago, IL.",41.85852136,-87.64673826
917 W 18TH ST,"917 W 18TH ST Chicago, IL.",41.85799581,-87.64949635
22 N WELLS ST,"22 N WELLS ST Chicago, IL.",41.88274442,-87.63393193
116 S WELLS ST,"116 S WELLS ST Chicago, IL.",41.88051972,-87.63387189
254 S WELLS ST,"254 S WELLS ST Chicago, IL.",41.87846891,-87.63381628
308 S WELLS ST,"308 S WELLS ST Chicago, IL.",41.87796485,-87.63380199
404 S WELLS ST,"404 S WELLS ST Chicago, IL.",41.87674579,-87.63376929
600 S FEDERAL ST,"600 S FEDERAL ST Chicago, IL.",41.87447659,-87.62974396
640 S FEDERAL ST,"640 S FEDERAL ST Chicago, IL.",41.87417063,-87.62973478
741 S FEDERAL ST,"741 S FEDERAL ST Chicago, IL.",41.87293556,-87.62954242
749 S FEDERAL ST,"749 S FEDERAL ST Chicago, IL.",41.87285263,-87.62954071
763 S FEDERAL ST,"763 S FEDERAL ST Chicago, IL.",41.8727075,-87.62953771
76 W POLK ST,"76 W POLK ST Chicago, IL.",41.87232444,-87.63006698
619 S FEDERAL ST,"619 S FEDERAL ST Chicago, IL.",41.87429287,-87.62958452
627 S FEDERAL ST,"627 S FEDERAL ST Chicago, IL.",41.87421008,-87.62958203
17 W POLK ST,"17 W POLK ST Chicago, IL.",41.87222785,-87.62876639
15 W POLK ST,"15 W POLK ST Chicago, IL.",41.87222785,-87.62875943
830 S STATE ST,"830 S STATE ST Chicago, IL.",41.87157519,-87.62768982
1215 W 18TH ST,"1215 W 18TH ST Chicago, IL.",41.85788186,-87.65711467
1621 S HALSTED ST,"1621 S HALSTED ST Chicago, IL.",41.85972134,-87.64662341
359 W KINZIE ST,"359 W KINZIE ST Chicago, IL.",41.88907142,-87.63752112
1418 W TAYLOR ST,"1418 W TAYLOR ST Chicago, IL.",41.86938406,-87.66241593
752 S LOOMIS ST,"752 S LOOMIS ST Chicago, IL.",41.87203632,-87.66179907
581 S MORGAN ST,"581 S MORGAN ST Chicago, IL.",41.875187,-87.6517633
842 W LAKE ST,"842 W LAKE ST Chicago, IL.",41.88569785,-87.64892143
1375 W LAKE ST,"1375 W LAKE ST Chicago, IL.",41.88537683,-87.66159448
1955 N HALSTED ST,"1955 N HALSTED ST Chicago, IL.",41.91718126,-87.64838697
2201 N HALSTED ST,"2201 N HALSTED ST Chicago, IL.",41.92188001,-87.64855691
2907 N HALSTED ST,"2907 N HALSTED ST Chicago, IL.",41.93476478,-87.64900774
2909 N HALSTED ST,"2909 N HALSTED ST Chicago, IL.",41.93481774,-87.64900957
3011 N HALSTED ST,"3011 N HALSTED ST Chicago, IL.",41.93656154,-87.64906943
3149 N HALSTED ST,"3149 N HALSTED ST Chicago, IL.",41.93931366,-87.64916837
3219 N HALSTED ST,"3219 N HALSTED ST Chicago, IL.",41.94055284,-87.64920727
3339 N HALSTED ST,"3339 N HALSTED ST Chicago, IL.",41.94281814,-87.64928189
1136 S CANAL ST,"1136 S CANAL ST Chicago, IL.",41.86805649,-87.63929559
3757 N HALSTED ST,"3757 N HALSTED ST Chicago, IL.",41.95054916,-87.64952753
3818 N BROADWAY ST,"3818 N BROADWAY ST Chicago, IL.",41.95210852,-87.64971118
3524 N HALSTED ST,"3524 N HALSTED ST Chicago, IL.",41.94620133,-87.64952819
3410 N HALSTED ST,"3410 N HALSTED ST Chicago, IL.",41.94396208,-87.64946105
3348 N HALSTED ST,"3348 N HALSTED ST Chicago, IL.",41.94294049,-87.64943861
3314 N HALSTED ST,"3314 N HALSTED ST Chicago, IL.",41.94219953,-87.64941795
1553 N WELLS ST,"1553 N WELLS ST Chicago, IL.",41.91027411,-87.63460324
3244 N HALSTED ST,"3244 N HALSTED ST Chicago, IL.",41.94121511,-87.64938375
3172 N HALSTED ST,"3172 N HALSTED ST Chicago, IL.",41.93836749,-87.64928912
612 W JACKSON BLVD,"612 W JACKSON BLVD Chicago, IL.",41.87805744,-87.64277201
2852 N HALSTED ST,"2852 N HALSTED ST Chicago, IL.",41.93390447,-87.64913244
555 W HARRISON ST,"555 W HARRISON ST Chicago, IL.",41.87431965,-87.64175655
2442 N HALSTED ST,"2442 N HALSTED ST Chicago, IL.",41.92696869,-87.6488918
2222 N HALSTED ST,"2222 N HALSTED ST Chicago, IL.",41.92225721,-87.6487251
1730 N HALSTED ST,"1730 N HALSTED ST Chicago, IL.",41.91301404,-87.6484143
250 E GRAND AVE,"250 E GRAND AVE Chicago, IL.",41.89183699,-87.62142991
404 W ADAMS ST,"404 W ADAMS ST Chicago, IL.",41.87938515,-87.63858704
398 W ADAMS ST,"398 W ADAMS ST Chicago, IL.",41.87940976,-87.63662854
60 W GRAND AVE,"60 W GRAND AVE Chicago, IL.",41.89171353,-87.62901047
68 W GRAND AVE,"68 W GRAND AVE Chicago, IL.",41.8917124,-87.62912931
122 W GRAND AVE,"122 W GRAND AVE Chicago, IL.",41.89167208,-87.6316833
1621 N WELLS ST,"1621 N WELLS ST Chicago, IL.",41.91162569,-87.63464639
142 W HUBBARD ST,"142 W HUBBARD ST Chicago, IL.",41.89005534,-87.63288707
180 W HUBBARD ST,"180 W HUBBARD ST Chicago, IL.",41.89004936,-87.63321361
354 W HUBBARD ST,"354 W HUBBARD ST Chicago, IL.",41.889978,-87.63764873
2437 N LINCOLN AVE,"2437 N LINCOLN AVE Chicago, IL.",41.92630069,-87.64984953
2461 N LINCOLN AVE,"2461 N LINCOLN AVE Chicago, IL.",41.92679814,-87.65053793
2763 N LINCOLN AVE,"2763 N LINCOLN AVE Chicago, IL.",41.93193096,-87.65772145
2781 N LINCOLN AVE,"2781 N LINCOLN AVE Chicago, IL.",41.93224516,-87.65816236
2934 N LINCOLN AVE,"2934 N LINCOLN AVE Chicago, IL.",41.93506428,-87.66232799
3127 N LINCOLN AVE,"3127 N LINCOLN AVE Chicago, IL.",41.93842645,-87.66681735
3143 N LINCOLN AVE,"3143 N LINCOLN AVE Chicago, IL.",41.93870577,-87.66720718
715 N KINGSBURY ST,"715 N KINGSBURY ST Chicago, IL.",41.89504364,-87.64141222
465 W SUPERIOR ST,"465 W SUPERIOR ST Chicago, IL.",41.89545277,-87.64072349
461 W SUPERIOR ST,"461 W SUPERIOR ST Chicago, IL.",41.89545362,-87.64064085
724 N SEDGWICK ST,"724 N SEDGWICK ST Chicago, IL.",41.89567942,-87.63863658
422 W ERIE ST,"422 W ERIE ST Chicago, IL.",41.89397844,-87.63970964
1362 W BELMONT AVE,"1362 W BELMONT AVE Chicago, IL.",41.93983253,-87.66338721
1356 W BELMONT AVE,"1356 W BELMONT AVE Chicago, IL.",41.93983343,-87.66332577
25 S CLINTON ST,"25 S CLINTON ST Chicago, IL.",41.88111296,-87.64109083
29 S CLINTON ST,"29 S CLINTON ST Chicago, IL.",41.88108654,-87.64108988
37 S CLINTON ST,"37 S CLINTON ST Chicago, IL.",41.88103316,-87.64108842
55 S CLINTON ST,"55 S CLINTON ST Chicago, IL.",41.88091421,-87.64108559
1236 W BELMONT AVE,"1236 W BELMONT AVE Chicago, IL.",41.93987059,-87.66030884
1853 N CLARK ST,"1853 N CLARK ST Chicago, IL.",41.91471529,-87.63371952
1957 N CLARK ST,"1957 N CLARK ST Chicago, IL.",41.91688239,-87.63504772
1973 N CLARK ST,"1973 N CLARK ST Chicago, IL.",41.9174777,-87.63541624
1985 N CLARK ST,"1985 N CLARK ST Chicago, IL.",41.91792418,-87.63569264
2325 N CLARK ST,"2325 N CLARK ST Chicago, IL.",41.92463486,-87.63980218
2361 N CLARK ST,"2361 N CLARK ST Chicago, IL.",41.92521736,-87.64015917
2545 N CLARK ST,"2545 N CLARK ST Chicago, IL.",41.92902584,-87.64243576
2723 N CLARK ST,"2723 N CLARK ST Chicago, IL.",41.93194339,-87.64454653
2849 N CLARK ST,"2849 N CLARK ST Chicago, IL.",41.93417221,-87.64590388
3038 N CLARK ST,"3038 N CLARK ST Chicago, IL.",41.93695751,-87.64833985
3147 N CLARK ST,"3147 N CLARK ST Chicago, IL.",41.93927143,-87.65003204
3461 N CLARK ST,"3461 N CLARK ST Chicago, IL.",41.94516836,-87.65478547
3932 N SHERIDAN RD,"3932 N SHERIDAN RD Chicago, IL.",41.95371854,-87.65460103
3916 N SHERIDAN RD,"3916 N SHERIDAN RD Chicago, IL.",41.95317344,-87.65458428
3650 N HALSTED ST,"3650 N HALSTED ST Chicago, IL.",41.94774189,-87.6495766
1352 W TAYLOR ST,"1352 W TAYLOR ST Chicago, IL.",41.8694076,-87.66092039
1458 W TAYLOR ST,"1458 W TAYLOR ST Chicago, IL.",41.86936909,-87.66338644
930 W BELMONT AVE,"930 W BELMONT AVE Chicago, IL.",41.93999727,-87.65232232
3138 N HALSTED ST,"3138 N HALSTED ST Chicago, IL.",41.93828546,-87.64928596
3136 N HALSTED ST,"3136 N HALSTED ST Chicago, IL.",41.93828063,-87.64928577
1410 W BELMONT AVE,"1410 W BELMONT AVE Chicago, IL.",41.93981743,-87.66419843
2856 N HALSTED ST,"2856 N HALSTED ST Chicago, IL.",41.93395525,-87.64913417
2618 N HALSTED ST,"2618 N HALSTED ST Chicago, IL.",41.92957173,-87.64898301
2220 N HALSTED ST,"2220 N HALSTED ST Chicago, IL.",41.92222263,-87.64872382
2130 N HALSTED ST,"2130 N HALSTED ST Chicago, IL.",41.9205742,-87.64867098
2034 N HALSTED ST,"2034 N HALSTED ST Chicago, IL.",41.91882299,-87.64860995
2871 N LINCOLN AVE,"2871 N LINCOLN AVE Chicago, IL.",41.93385556,-87.66041236
2532 N LINCOLN AVE,"2532 N LINCOLN AVE Chicago, IL.",41.92790463,-87.65231656
1640 N WELLS ST,"1640 N WELLS ST Chicago, IL.",41.91246317,-87.63482791
2264 N LINCOLN AVE,"2264 N LINCOLN AVE Chicago, IL.",41.92306427,-87.64554142
2246 N LINCOLN AVE,"2246 N LINCOLN AVE Chicago, IL.",41.92278602,-87.64515547
2234 N LINCOLN AVE,"2234 N LINCOLN AVE Chicago, IL.",41.92260053,-87.64489817
1758 N WELLS ST,"1758 N WELLS ST Chicago, IL.",41.91444719,-87.63489026
1717 N WELLS ST,"1717 N WELLS ST Chicago, IL.",41.91329895,-87.63469836
40 S CLINTON ST,"40 S CLINTON ST Chicago, IL.",41.88158413,-87.64126089
62 S CLINTON ST,"62 S CLINTON ST Chicago, IL.",41.88145776,-87.64125658
1645 N WELLS ST,"1645 N WELLS ST Chicago, IL.",41.91249067,-87.63467469
224 N DESPLAINES ST,"224 N DESPLAINES ST Chicago, IL.",41.88631044,-87.64433921
2421 N LINCOLN AVE,"2421 N LINCOLN AVE Chicago, IL.",41.92594534,-87.64935476
730 W LAKE ST,"730 W LAKE ST Chicago, IL.",41.88574018,-87.64694597
2527 N LINCOLN AVE,"2527 N LINCOLN AVE Chicago, IL.",41.92778626,-87.65192681
744 W ARMITAGE AVE,"744 W ARMITAGE AVE Chicago, IL.",41.91825086,-87.64757593
748 W ARMITAGE AVE,"748 W ARMITAGE AVE Chicago, IL.",41.91824956,-87.64762822
819 W ARMITAGE AVE,"819 W ARMITAGE AVE Chicago, IL.",41.91810984,-87.64947242
934 W ARMITAGE AVE,"934 W ARMITAGE AVE Chicago, IL.",41.91817742,-87.65230851
1020 W ARMITAGE AVE,"1020 W ARMITAGE AVE Chicago, IL.",41.91814668,-87.65432386
808 W LAKE ST,"808 W LAKE ST Chicago, IL.",41.88571029,-87.6480462
1158 W ARMITAGE AVE,"1158 W ARMITAGE AVE Chicago, IL.",41.91810542,-87.657417
1015 W ARMITAGE AVE,"1015 W ARMITAGE AVE Chicago, IL.",41.91804235,-87.65387966
1008 W LAKE ST,"1008 W LAKE ST Chicago, IL.",41.88563373,-87.65250894
2817 N SHEFFIELD AVE,"2817 N SHEFFIELD AVE Chicago, IL.",41.93319705,-87.65380079
815 W ARMITAGE AVE,"815 W ARMITAGE AVE Chicago, IL.",41.91810984,-87.64941371
2923 N SHEFFIELD AVE,"2923 N SHEFFIELD AVE Chicago, IL.",41.93518006,-87.65386928
341 W ARMITAGE AVE,"341 W ARMITAGE AVE Chicago, IL.",41.91828084,-87.63786441
3351 N SHEFFIELD AVE,"3351 N SHEFFIELD AVE Chicago, IL.",41.94267493,-87.65411498
3437 N SHEFFIELD AVE,"3437 N SHEFFIELD AVE Chicago, IL.",41.94482184,-87.65417925
2844 N CLARK ST,"2844 N CLARK ST Chicago, IL.",41.93406324,-87.64599537
3515 N CLARK ST,"3515 N CLARK ST Chicago, IL.",41.94603116,-87.65548585
3518 N CLARK ST,"3518 N CLARK ST Chicago, IL.",41.94599783,-87.65563859
1012 W IRVING PARK RD,"1012 W IRVING PARK RD Chicago, IL.",41.95453629,-87.65506281
3922 N ASHLAND AVE,"3922 N ASHLAND AVE Chicago, IL.",41.95314608,-87.66909367
3322 N ASHLAND AVE,"3322 N ASHLAND AVE Chicago, IL.",41.94219512,-87.66880872
2805 N SOUTHPORT AVE,"2805 N SOUTHPORT AVE Chicago, IL.",41.93263235,-87.66349792
3337 N SOUTHPORT AVE,"3337 N SOUTHPORT AVE Chicago, IL.",41.9425866,-87.66381628
3405 N SOUTHPORT AVE,"3405 N SOUTHPORT AVE Chicago, IL.",41.94356788,-87.66384405
3435 N SOUTHPORT AVE,"3435 N SOUTHPORT AVE Chicago, IL.",41.94449585,-87.66386783
3453 N SOUTHPORT AVE,"3453 N SOUTHPORT AVE Chicago, IL.",41.94468942,-87.66387406
3507 N SOUTHPORT AVE,"3507 N SOUTHPORT AVE Chicago, IL.",41.94546579,-87.66389635
1117 W ADDISON ST,"1117 W ADDISON ST Chicago, IL.",41.94711195,-87.65802273
3556 N CLARK ST,"3556 N CLARK ST Chicago, IL.",41.94667892,-87.65618573
3546 N CLARK ST,"3546 N CLARK ST Chicago, IL.",41.94657329,-87.65610083
3474 N CLARK ST,"3474 N CLARK ST Chicago, IL.",41.94519224,-87.65498385
3466 N CLARK ST,"3466 N CLARK ST Chicago, IL.",41.94507959,-87.65489373
2672 N HALSTED ST,"2672 N HALSTED ST Chicago, IL.",41.93086753,-87.64902649
3326 N CLARK ST,"3326 N CLARK ST Chicago, IL.",41.94232374,-87.6526856
3248 N CLARK ST,"3248 N CLARK ST Chicago, IL.",41.94082013,-87.65146517
3244 N CLARK ST,"3244 N CLARK ST Chicago, IL.",41.94075058,-87.65140909
3232 N CLARK ST,"3232 N CLARK ST Chicago, IL.",41.94054193,-87.65124086
3216 N CLARK ST,"3216 N CLARK ST Chicago, IL.",41.94026384,-87.65101684
2730 N CLARK ST,"2730 N CLARK ST Chicago, IL.",41.93197825,-87.64473656
2682 N CLARK ST,"2682 N CLARK ST Chicago, IL.",41.93155622,-87.64448578
2676 N CLARK ST,"2676 N CLARK ST Chicago, IL.",41.93152035,-87.64446459
2650 N CLARK ST,"2650 N CLARK ST Chicago, IL.",41.93136587,-87.64437596
2672 N CLARK ST,"2672 N CLARK ST Chicago, IL.",41.93149644,-87.64445046
2516 N CLARK ST,"2516 N CLARK ST Chicago, IL.",41.92825452,-87.64215031
2442 N CLARK ST,"2442 N CLARK ST Chicago, IL.",41.9266805,-87.64122921
2440 N CLARK ST,"2440 N CLARK ST Chicago, IL.",41.92662943,-87.64119887
2360 N CLARK ST,"2360 N CLARK ST Chicago, IL.",41.92516792,-87.64029811
2326 N CLARK ST,"2326 N CLARK ST Chicago, IL.",41.92452988,-87.63990777
2318 N CLARK ST,"2318 N CLARK ST Chicago, IL.",41.92427691,-87.63975628
2220 N CLARK ST,"2220 N CLARK ST Chicago, IL.",41.92306418,-87.63902804
2212 N CLARK ST,"2212 N CLARK ST Chicago, IL.",41.92300688,-87.63899344
111 S ASHLAND AVE,"111 S ASHLAND AVE Chicago, IL.",41.87999528,-87.66659934
100 S ASHLAND AVE,"100 S ASHLAND AVE Chicago, IL.",41.88011185,-87.66692019
230 S ASHLAND AVE,"230 S ASHLAND AVE Chicago, IL.",41.878479,-87.66688391
1531 W TAYLOR ST,"1531 W TAYLOR ST Chicago, IL.",41.86922185,-87.66530016
1439 W TAYLOR ST,"1439 W TAYLOR ST Chicago, IL.",41.8692594,-87.66307434
1353 W TAYLOR ST,"1353 W TAYLOR ST Chicago, IL.",41.86929671,-87.66072938
1337 W TAYLOR ST,"1337 W TAYLOR ST Chicago, IL.",41.86930239,-87.6604397
1333 W TAYLOR ST,"1333 W TAYLOR ST Chicago, IL.",41.86930285,-87.66036929
1067 W TAYLOR ST,"1067 W TAYLOR ST Chicago, IL.",41.86940924,-87.65351554
1059 W TAYLOR ST,"1059 W TAYLOR ST Chicago, IL.",41.86941304,-87.65335474
1041 W TAYLOR ST,"1041 W TAYLOR ST Chicago, IL.",41.86942885,-87.65273715
1222 W TAYLOR ST,"1222 W TAYLOR ST Chicago, IL.",41.86945345,-87.65773661
704 W ARMITAGE AVE,"704 W ARMITAGE AVE Chicago, IL.",41.91826944,-87.64634148
1452 W TAYLOR ST,"1452 W TAYLOR ST Chicago, IL.",41.86937024,-87.66329435
936 W ARMITAGE AVE,"936 W ARMITAGE AVE Chicago, IL.",41.91817615,-87.6523472
948 W ARMITAGE AVE,"948 W ARMITAGE AVE Chicago, IL.",41.91816892,-87.65283272
1000 W ARMITAGE AVE,"1000 W ARMITAGE AVE Chicago, IL.",41.91816144,-87.65344274
1130 W ARMITAGE AVE,"1130 W ARMITAGE AVE Chicago, IL.",41.91811713,-87.65671187
1146 W ARMITAGE AVE,"1146 W ARMITAGE AVE Chicago, IL.",41.91810744,-87.65719707
1148 W ARMITAGE AVE,"1148 W ARMITAGE AVE Chicago, IL.",41.91810744,-87.65723352
1152 W ARMITAGE AVE,"1152 W ARMITAGE AVE Chicago, IL.",41.91810677,-87.65730769
1183 W ARMITAGE AVE,"1183 W ARMITAGE AVE Chicago, IL.",41.91798554,-87.6578413
3022 N BROADWAY ST,"3022 N BROADWAY ST Chicago, IL.",41.93721671,-87.64438324
909 W ARMITAGE AVE,"909 W ARMITAGE AVE Chicago, IL.",41.91808051,-87.65127909
743 W ARMITAGE AVE,"743 W ARMITAGE AVE Chicago, IL.",41.91813684,-87.64718392
1812 N WELLS ST,"1812 N WELLS ST Chicago, IL.",41.91492901,-87.63490251
722 W DIVERSEY PKWY,"722 W DIVERSEY PKWY Chicago, IL.",41.93281015,-87.64741105
918 W DIVERSEY PKWY,"918 W DIVERSEY PKWY Chicago, IL.",41.93272343,-87.65216275
1002 W DIVERSEY PKWY,"1002 W DIVERSEY PKWY Chicago, IL.",41.93269113,-87.65401907
1000 W DIVERSEY PKWY,"1000 W DIVERSEY PKWY Chicago, IL.",41.93269377,-87.65394118
1511 W TAYLOR ST,"1511 W TAYLOR ST Chicago, IL.",41.86923985,-87.66453174
1455 W TAYLOR ST,"1455 W TAYLOR ST Chicago, IL.",41.86925528,-87.66332247
1421 W TAYLOR ST,"1421 W TAYLOR ST Chicago, IL.",41.86926855,-87.66249085
1335 W TAYLOR ST,"1335 W TAYLOR ST Chicago, IL.",41.86930285,-87.66040552
1525 W BELMONT AVE,"1525 W BELMONT AVE Chicago, IL.",41.93966732,-87.66659165
1322 W BELMONT AVE,"1322 W BELMONT AVE Chicago, IL.",41.93984672,-87.66222689
1054 W BELMONT AVE,"1054 W BELMONT AVE Chicago, IL.",41.93994147,-87.65556712
1056 W BELMONT AVE,"1056 W BELMONT AVE Chicago, IL.",41.93994143,-87.65557689
1044 W BELMONT AVE,"1044 W BELMONT AVE Chicago, IL.",41.93994399,-87.65549915
1024 W BELMONT AVE,"1024 W BELMONT AVE Chicago, IL.",41.93995043,-87.6551166
929 W BELMONT AVE,"929 W BELMONT AVE Chicago, IL.",41.93987657,-87.65265622
924 W BELMONT AVE,"924 W BELMONT AVE Chicago, IL.",41.93999943,-87.65217502
902 W BELMONT AVE,"902 W BELMONT AVE Chicago, IL.",41.94000443,-87.65163337
3201 N BROADWAY ST,"3201 N BROADWAY ST Chicago, IL.",41.94010431,-87.64432592
3229 N BROADWAY ST,"3229 N BROADWAY ST Chicago, IL.",41.94095691,-87.64435249
3317 N BROADWAY,"3317 N BROADWAY Chicago, IL.",41.94255157,-87.6443997
3407 N BROADWAY,"3407 N BROADWAY Chicago, IL.",41.94347475,-87.64482456
3443 N BROADWAY,"3443 N BROADWAY Chicago, IL.",41.9443068,-87.64532901
1339 W ROOSEVELT RD,"1339 W ROOSEVELT RD Chicago, IL.",41.86688209,-87.66008859
3526 N HALSTED ST,"3526 N HALSTED ST Chicago, IL.",41.94625808,-87.64952954
3356 N HALSTED ST,"3356 N HALSTED ST Chicago, IL.",41.94303979,-87.64944027
3266 N HALSTED ST,"3266 N HALSTED ST Chicago, IL.",41.94142637,-87.64939036
3256 N HALSTED ST,"3256 N HALSTED ST Chicago, IL.",41.94133034,-87.64938736
3226 N HALSTED ST,"3226 N HALSTED ST Chicago, IL.",41.94082358,-87.64936957
0 W TAYLOR ST,"1 W TAYLOR ST Chicago, IL.",41.8690502,-87.7289284
2346 N LINCOLN AVE,"2346 N LINCOLN AVE Chicago, IL.",41.92446758,-87.647503
170 N CANAL ST,"170 N CANAL ST Chicago, IL.",41.8850598,-87.63990126
174 N CANAL ST,"174 N CANAL ST Chicago, IL.",41.88514598,-87.6399049
1 S FRANKLIN ST,"1 S FRANKLIN ST Chicago, IL.",41.88187739,-87.63523277
1366 W LAKE ST,"1366 W LAKE ST Chicago, IL.",41.88549591,-87.66134786
329 N ORLEANS ST,"329 N ORLEANS ST Chicago, IL.",41.88787742,-87.63616355
1431 W LAKE ST,"1431 W LAKE ST Chicago, IL.",41.88534085,-87.66328978
351 W CHICAGO AVE,"351 W CHICAGO AVE Chicago, IL.",41.89649175,-87.63746247
100 S HALSTED ST,"100 S HALSTED ST Chicago, IL.",41.88043441,-87.64739721
1651 N WELLS ST,"1651 N WELLS ST Chicago, IL.",41.91252816,-87.63467579
2314 N LINCOLN AVE,"2314 N LINCOLN AVE Chicago, IL.",41.92390901,-87.64672708
1160 S CANAL ST,"1160 S CANAL ST Chicago, IL.",41.86776689,-87.63928628
2847 N LINCOLN AVE,"2847 N LINCOLN AVE Chicago, IL.",41.93344172,-87.65982608
2925 N LINCOLN AVE,"2925 N LINCOLN AVE Chicago, IL.",41.93491462,-87.66189653
826 W TAYLOR ST,"826 W TAYLOR ST Chicago, IL.",41.86970768,-87.64766358
1355 W WASHINGTON BLVD,"1355 W WASHINGTON BLVD Chicago, IL.",41.88285902,-87.66133218
810 W NEWPORT AVE,"810 W NEWPORT AVE Chicago, IL.",41.94457499,-87.65012369
3549 N HALSTED ST,"3549 N HALSTED ST Chicago, IL.",41.94657012,-87.64938744
3476 N BROADWAY,"3476 N BROADWAY Chicago, IL.",41.94520592,-87.64605217
528 S MORGAN ST,"528 S MORGAN ST Chicago, IL.",41.87524085,-87.65191719
536 S MORGAN ST,"536 S MORGAN ST Chicago, IL.",41.87523257,-87.65191719
744 W MELROSE ST,"744 W MELROSE ST Chicago, IL.",41.94116345,-87.64621815
3322 N BROADWAY,"3322 N BROADWAY Chicago, IL.",41.94255768,-87.64455403
3168 N BROADWAY ST,"3168 N BROADWAY ST Chicago, IL.",41.93951565,-87.64446042
1342 W LAKE ST,"1342 W LAKE ST Chicago, IL.",41.88550738,-87.66047454
1447 W LAKE ST,"1447 W LAKE ST Chicago, IL.",41.88534085,-87.6635065
1325 W LAKE ST,"1325 W LAKE ST Chicago, IL.",41.88540383,-87.65981271
2826 N BROADWAY ST,"2826 N BROADWAY ST Chicago, IL.",41.93351222,-87.64477895
2720 N CLARK ST,"2720 N CLARK ST Chicago, IL.",41.93187586,-87.64467459
2686 N CLARK ST,"2686 N CLARK ST Chicago, IL.",41.93158013,-87.64449991
2562 N CLARK ST,"2562 N CLARK ST Chicago, IL.",41.92916688,-87.64268549
2558 N CLARK ST,"2558 N CLARK ST Chicago, IL.",41.92911868,-87.64265749
2548 N CLARK ST,"2548 N CLARK ST Chicago, IL.",41.92899819,-87.64258749
2518 N CLARK ST,"2518 N CLARK ST Chicago, IL.",41.92832287,-87.6421909
2506 N CLARK ST,"2506 N CLARK ST Chicago, IL.",41.92791275,-87.64194739
2336 N CLARK ST,"2336 N CLARK ST Chicago, IL.",41.92474416,-87.64003667
2314 N CLARK ST,"2314 N CLARK ST Chicago, IL.",41.92417131,-87.63969321
2254 N CLARK ST,"2254 N CLARK ST Chicago, IL.",41.92339862,-87.63922918
1978 N CLARK ST,"1978 N CLARK ST Chicago, IL.",41.91803265,-87.63592934
1736 N CLARK ST,"1736 N CLARK ST Chicago, IL.",41.9141306,-87.63352821
1151 N WELLS ST,"1151 N WELLS ST Chicago, IL.",41.90332297,-87.6343803
1139 N WELLS ST,"1139 N WELLS ST Chicago, IL.",41.90320333,-87.6343757
900 N WELLS ST,"900 N WELLS ST Chicago, IL.",41.89981824,-87.6344003
1836 S BLUE ISLAND AVE,"1836 S BLUE ISLAND AVE Chicago, IL.",41.85709902,-87.66190285
1848 S BLUE ISLAND AVE,"1848 S BLUE ISLAND AVE Chicago, IL.",41.85690874,-87.66206373
1825 S BLUE ISLAND AVE,"1825 S BLUE ISLAND AVE Chicago, IL.",41.85722824,-87.66161179
628 N WELLS ST ,"628 N WELLS ST  Chicago, IL.",41.89348849,-87.63419572
415 E OHIO ST,"415 E OHIO ST Chicago, IL.",41.89259051,-87.6173871
303 E SUPERIOR ST,"303 E SUPERIOR ST Chicago, IL.",41.89574639,-87.62020816
377 E SUPERIOR ST,"377 E SUPERIOR ST Chicago, IL.",41.8957766,-87.61830839
413 E SUPERIOR ST,"413 E SUPERIOR ST Chicago, IL.",41.89577934,-87.61816965
1153 W 18TH ST,"1153 W 18TH ST Chicago, IL.",41.85791786,-87.65523741
645 N STATE ST,"645 N STATE ST Chicago, IL.",41.89365237,-87.62804295
720 N STATE ST,"720 N STATE ST Chicago, IL.",41.89512162,-87.62823821
819 N STATE ST,"819 N STATE ST Chicago, IL.",41.89775573,-87.62815149
1361 S JEFFERSON ST,"1361 S JEFFERSON ST Chicago, IL.",41.86409377,-87.64200659
1170 N WELLS ST,"1170 N WELLS ST Chicago, IL.",41.90354818,-87.63454299
1150 N WELLS ST,"1150 N WELLS ST Chicago, IL.",41.90336954,-87.63453612
1136 N WELLS ST,"1136 N WELLS ST Chicago, IL.",41.9032445,-87.63453131
188 W RANDOLPH ST,"188 W RANDOLPH ST Chicago, IL.",41.88452844,-87.6335665
223 W LAKE ST,"223 W LAKE ST Chicago, IL.",41.88567385,-87.63483521
241 S FRANKLIN ST,"241 S FRANKLIN ST Chicago, IL.",41.87861547,-87.63513717
703 N WELLS ST,"703 N WELLS ST Chicago, IL.",41.89490048,-87.63407828
1751 N CLARK ST,"1751 N CLARK ST Chicago, IL.",41.91452858,-87.63360207
1769 N CLARK ST,"1769 N CLARK ST Chicago, IL.",41.91456153,-87.6336228
1785 N CLARK ST,"1785 N CLARK ST Chicago, IL.",41.91459081,-87.63364122
2213 N CLARK ST,"2213 N CLARK ST Chicago, IL.",41.92212546,-87.6388697
2227 N CLARK ST,"2227 N CLARK ST Chicago, IL.",41.92224321,-87.63887559
2229 N CLARK ST,"2229 N CLARK ST Chicago, IL.",41.92226003,-87.63887643
2243 N CLARK ST,"2243 N CLARK ST Chicago, IL.",41.92237778,-87.63888232
2245 N CLARK ST,"2245 N CLARK ST Chicago, IL.",41.9223946,-87.63888316
2301 N CLARK ST,"2301 N CLARK ST Chicago, IL.",41.92385004,-87.6393281
2321 N CLARK ST,"2321 N CLARK ST Chicago, IL.",41.92456751,-87.63976167
2403 N CLARK ST,"2403 N CLARK ST Chicago, IL.",41.92570773,-87.64047247
2445 N CLARK ST,"2445 N CLARK ST Chicago, IL.",41.92672905,-87.64108965
2477 N CLARK ST,"2477 N CLARK ST Chicago, IL.",41.927493,-87.64153609
2481 N CLARK ST,"2481 N CLARK ST Chicago, IL.",41.9275461,-87.64156664
2505 N CLARK ST,"2505 N CLARK ST Chicago, IL.",41.92797858,-87.6418181
2657 N CLARK ST,"2657 N CLARK ST Chicago, IL.",41.93084548,-87.64389905
2703 N CLARK ST,"2703 N CLARK ST Chicago, IL.",41.93145446,-87.64425788
2817 N BROADWAY ST,"2817 N BROADWAY ST Chicago, IL.",41.93365166,-87.6445511
3033 N BROADWAY ST,"3033 N BROADWAY ST Chicago, IL.",41.93722273,-87.64422932
3119 N BROADWAY ST,"3119 N BROADWAY ST Chicago, IL.",41.93821972,-87.6442618
3115 N BROADWAY ST,"3115 N BROADWAY ST Chicago, IL.",41.93811688,-87.64425889
3121 N BROADWAY ST,"3121 N BROADWAY ST Chicago, IL.",41.93827113,-87.64426326
3215 N BROADWAY ST,"3215 N BROADWAY ST Chicago, IL.",41.94053093,-87.64433646
3247 N BROADWAY ST,"3247 N BROADWAY ST Chicago, IL.",41.94150857,-87.64436932
3255 N BROADWAY ST,"3255 N BROADWAY ST Chicago, IL.",41.94171838,-87.64437669
3311 N BROADWAY,"3311 N BROADWAY Chicago, IL.",41.94245085,-87.6443961
3333 N BROADWAY,"3333 N BROADWAY Chicago, IL.",41.94287097,-87.64446474
3339 N BROADWAY,"3339 N BROADWAY Chicago, IL.",41.9429148,-87.64448966
3423 N BROADWAY,"3423 N BROADWAY Chicago, IL.",41.94375781,-87.64499729
3439 N BROADWAY,"3439 N BROADWAY Chicago, IL.",41.94427389,-87.64530876
3473 N BROADWAY,"3473 N BROADWAY Chicago, IL.",41.94507215,-87.64579867
3621 N BROADWAY ST,"3621 N BROADWAY ST Chicago, IL.",41.94790122,-87.64752349
3625 N BROADWAY ST,"3625 N BROADWAY ST Chicago, IL.",41.94799537,-87.64758113
3627 N BROADWAY ST,"3627 N BROADWAY ST Chicago, IL.",41.94804237,-87.64760997
952 W HUBBARD ST,"952 W HUBBARD ST Chicago, IL.",41.89009944,-87.65181907
1528 N HALSTED ST,"1528 N HALSTED ST Chicago, IL.",41.90896937,-87.64830118
3978 N BROADWAY ST,"3978 N BROADWAY ST Chicago, IL.",41.95363335,-87.65001616
3974 N BROADWAY ST,"3974 N BROADWAY ST Chicago, IL.",41.95360787,-87.65000059
3804 N BROADWAY ST,"3804 N BROADWAY ST Chicago, IL.",41.95206091,-87.64970972
3750 N BROADWAY ST,"3750 N BROADWAY ST Chicago, IL.",41.95026859,-87.64912864
3718 N BROADWAY ST,"3718 N BROADWAY ST Chicago, IL.",41.94960201,-87.64871921
3714 N BROADWAY ST,"3714 N BROADWAY ST Chicago, IL.",41.94951416,-87.64866481
3592 N BROADWAY ST,"3592 N BROADWAY ST Chicago, IL.",41.94646816,-87.64682493
3472 N BROADWAY,"3472 N BROADWAY Chicago, IL.",41.94516643,-87.6460275
3450 N BROADWAY,"3450 N BROADWAY Chicago, IL.",41.94494926,-87.64589177
3326 N BROADWAY,"3326 N BROADWAY Chicago, IL.",41.94263617,-87.64455773
3320 N BROADWAY,"3320 N BROADWAY Chicago, IL.",41.942518,-87.64455261
3318 N BROADWAY,"3318 N BROADWAY Chicago, IL.",41.94247832,-87.6445512
2946 N BROADWAY ST,"2946 N BROADWAY ST Chicago, IL.",41.93611265,-87.64434144
2870 N BROADWAY ST,"2870 N BROADWAY ST Chicago, IL.",41.93435381,-87.64430698
2800 N BROADWAY ST,"2800 N BROADWAY ST Chicago, IL.",41.93286756,-87.64495689
0 W WASHINGTON BLVD,"1 W WASHINGTON BLVD Chicago, IL.",41.88316285,-87.62794571
2504 N CLARK ST,"2504 N CLARK ST Chicago, IL.",41.9278444,-87.6419068
2436 N CLARK ST,"2436 N CLARK ST Chicago, IL.",41.92652729,-87.64113819
776 N ORLEANS ST,"776 N ORLEANS ST Chicago, IL.",41.89635394,-87.63724279
2324 N CLARK ST,"2324 N CLARK ST Chicago, IL.",41.92448703,-87.63988199
2240 N CLARK ST,"2240 N CLARK ST Chicago, IL.",41.92320744,-87.63911453
310 N DESPLAINES ST,"310 N DESPLAINES ST Chicago, IL.",41.88706,-87.64436093
334 N DESPLAINES ST,"334 N DESPLAINES ST Chicago, IL.",41.88798685,-87.64438421
415 N MILWAUKEE AVE,"415 N MILWAUKEE AVE Chicago, IL.",41.88932876,-87.64465772
40 S DESPLAINES ST,"40 S DESPLAINES ST Chicago, IL.",41.88098506,-87.64417482
1132 S JEFFERSON ST,"1132 S JEFFERSON ST Chicago, IL.",41.86811506,-87.64229619
1028 S JEFFERSON ST,"1028 S JEFFERSON ST Chicago, IL.",41.86953122,-87.64233981
1410 W TAYLOR ST,"1410 W TAYLOR ST Chicago, IL.",41.86938782,-87.66210626
1450 W TAYLOR ST,"1450 W TAYLOR ST Chicago, IL.",41.86937062,-87.66326366
1125 W LAKE ST,"1125 W LAKE ST Chicago, IL.",41.88546806,-87.65535624
2057 N LINCOLN AVE,"2057 N LINCOLN AVE Chicago, IL.",41.91938186,-87.64017445
2229 N LINCOLN AVE,"2229 N LINCOLN AVE Chicago, IL.",41.92261932,-87.64470291
2505 N LINCOLN AVE,"2505 N LINCOLN AVE Chicago, IL.",41.92738427,-87.65136409
2515 N LINCOLN AVE,"2515 N LINCOLN AVE Chicago, IL.",41.92756705,-87.65161961
2549 N LINCOLN AVE,"2549 N LINCOLN AVE Chicago, IL.",41.92821455,-87.65252401
2747 N LINCOLN AVE,"2747 N LINCOLN AVE Chicago, IL.",41.93165164,-87.65732946
59 S CLINTON ST,"59 S CLINTON ST Chicago, IL.",41.88088777,-87.64108496
3058 N LINCOLN AVE,"3058 N LINCOLN AVE Chicago, IL.",41.93711616,-87.66520877
1453 W BELMONT AVE,"1453 W BELMONT AVE Chicago, IL.",41.93969055,-87.66519908
159 W JACKSON BLVD,"159 W JACKSON BLVD Chicago, IL.",41.87806707,-87.63304883
2215 S WABASH AVE,"2215 S WABASH AVE Chicago, IL.",41.85249284,-87.62541425
2101 S WABASH AVE,"2101 S WABASH AVE Chicago, IL.",41.85421057,-87.62545088
1919 S WABASH AVE,"1919 S WABASH AVE Chicago, IL.",41.85644332,-87.62550278
1242 S WABASH AVE,"1242 S WABASH AVE Chicago, IL.",41.86788402,-87.62590821
1250 S WABASH AVE,"1250 S WABASH AVE Chicago, IL.",41.8678363,-87.62590677
1408 S WABASH AVE,"1408 S WABASH AVE Chicago, IL.",41.86388586,-87.62582351
1414 S WABASH AVE,"1414 S WABASH AVE Chicago, IL.",41.86379259,-87.62582214
2104 S WABASH AVE,"2104 S WABASH AVE Chicago, IL.",41.85415909,-87.62560388
3344 N HALSTED ST,"3344 N HALSTED ST Chicago, IL.",41.94289083,-87.64943779
1515 S MICHIGAN AVE,"1515 S MICHIGAN AVE Chicago, IL.",41.86196151,-87.62395159
2625 N HALSTED ST,"2625 N HALSTED ST Chicago, IL.",41.92971868,-87.64883388
2420 N HALSTED ST,"2420 N HALSTED ST Chicago, IL.",41.92667299,-87.6488816
2370 N HALSTED ST,"2370 N HALSTED ST Chicago, IL.",41.92435002,-87.648798
2020 N HALSTED ST,"2020 N HALSTED ST Chicago, IL.",41.91857964,-87.6486019
1934 N HALSTED ST,"1934 N HALSTED ST Chicago, IL.",41.91675007,-87.6485266
1522 N WELLS ST,"1522 N WELLS ST Chicago, IL.",41.90976797,-87.63474192
1900 N HALSTED ST,"1900 N HALSTED ST Chicago, IL.",41.91602212,-87.64850737
1901 N HALSTED ST,"1901 N HALSTED ST Chicago, IL.",41.916026,-87.64835347
1836 N HALSTED ST,"1836 N HALSTED ST Chicago, IL.",41.91465462,-87.64845178
1456 S MICHIGAN AVE,"1456 S MICHIGAN AVE Chicago, IL.",41.86271364,-87.62412338
1454 S MICHIGAN AVE,"1454 S MICHIGAN AVE Chicago, IL.",41.86276154,-87.62412452
77 W POLK ST,"77 W POLK ST Chicago, IL.",41.87222785,-87.62897523
732 S DEARBORN ST,"732 S DEARBORN ST Chicago, IL.",41.87299725,-87.62923386
728 S DEARBORN ST,"728 S DEARBORN ST Chicago, IL.",41.87303703,-87.62923517
720 S DEARBORN ST,"720 S DEARBORN ST Chicago, IL.",41.87311658,-87.62923778
710 S DEARBORN ST,"710 S DEARBORN ST Chicago, IL.",41.87321603,-87.62924104
739 S CLARK ST,"739 S CLARK ST Chicago, IL.",41.87276129,-87.63054722
643 S CLARK ST,"643 S CLARK ST Chicago, IL.",41.87368055,-87.63057359
631 S FEDERAL ST,"631 S FEDERAL ST Chicago, IL.",41.87416869,-87.62958079
703 S FEDERAL ST,"703 S FEDERAL ST Chicago, IL.",41.87342476,-87.62955455
767 S FEDERAL ST,"767 S FEDERAL ST Chicago, IL.",41.87266604,-87.62953685
773 S FEDERAL ST,"773 S FEDERAL ST Chicago, IL.",41.87260384,-87.62953557
532 S PLYMOUTH CT,"532 S PLYMOUTH CT Chicago, IL.",41.87520225,-87.62877242
220 W CERMAK RD,"220 W CERMAK RD Chicago, IL.",41.85297212,-87.63278918
232 W CERMAK RD,"232 W CERMAK RD Chicago, IL.",41.85296761,-87.63321068
684 S PLYMOUTH CT,"684 S PLYMOUTH CT Chicago, IL.",41.87361459,-87.62874655
665 S STATE ST,"665 S STATE ST Chicago, IL.",41.87355802,-87.62742595
1701 N HALSTED ST,"1701 N HALSTED ST Chicago, IL.",41.91262445,-87.64824775
2101 N HALSTED ST,"2101 N HALSTED ST Chicago, IL.",41.92005301,-87.64849842
2100 N HALSTED ST,"2100 N HALSTED ST Chicago, IL.",41.92004982,-87.64865236
2169 S CHINA PL,"2169 S CHINA PL Chicago, IL.",41.85392213,-87.63456642
2161 S CHINA PL,"2161 S CHINA PL Chicago, IL.",41.85401663,-87.6343692
2149 S CHINA PL,"2149 S CHINA PL Chicago, IL.",41.85415839,-87.63407336
2143 S CHINA PL,"2143 S CHINA PL Chicago, IL.",41.85422987,-87.63392555
2131 S CHINA PL,"2131 S CHINA PL Chicago, IL.",41.85437265,-87.63363061
2009 S WELLS ST,"2009 S WELLS ST Chicago, IL.",41.85525124,-87.63277023
2905 N HALSTED ST,"2905 N HALSTED ST Chicago, IL.",41.93471182,-87.6490059
2051 S WENTWORTH AVE,"2051 S WENTWORTH AVE Chicago, IL.",41.85487008,-87.63175983
900 W BELMONT AVE,"900 W BELMONT AVE Chicago, IL.",41.94000443,-87.65158426
367 E RANDOLPH ST,"367 E RANDOLPH ST Chicago, IL.",41.88428037,-87.61888845
952 W BELMONT AVE,"952 W BELMONT AVE Chicago, IL.",41.93997743,-87.65357776
954 W BELMONT AVE,"954 W BELMONT AVE Chicago, IL.",41.93997743,-87.6535975
2200 S ARCHER AVE,"2200 S ARCHER AVE Chicago, IL.",41.8527079,-87.6355785
675 N WELLS ST,"675 N WELLS ST Chicago, IL.",41.89422322,-87.6340624
185 N COLUMBUS DR,"185 N COLUMBUS DR Chicago, IL.",41.88021064,-87.62068412
1311 S HALSTED ST,"1311 S HALSTED ST Chicago, IL.",41.86488452,-87.64677139
3729 N SOUTHPORT AVE,"3729 N SOUTHPORT AVE Chicago, IL.",41.94974659,-87.66401295
3819 N SOUTHPORT AVE,"3819 N SOUTHPORT AVE Chicago, IL.",41.95141559,-87.6640611
3846 N SOUTHPORT AVE,"3846 N SOUTHPORT AVE Chicago, IL.",41.95207863,-87.66423527
3438 N SOUTHPORT AVE,"3438 N SOUTHPORT AVE Chicago, IL.",41.94447983,-87.66402152
3432 N SOUTHPORT AVE,"3432 N SOUTHPORT AVE Chicago, IL.",41.94440973,-87.66401977
3320 N SOUTHPORT AVE,"3320 N SOUTHPORT AVE Chicago, IL.",41.94214349,-87.66395936
3036 N SOUTHPORT AVE,"3036 N SOUTHPORT AVE Chicago, IL.",41.9371344,-87.66380697
2920 N SOUTHPORT AVE,"2920 N SOUTHPORT AVE Chicago, IL.",41.93542216,-87.66373975
2836 N SOUTHPORT AVE,"2836 N SOUTHPORT AVE Chicago, IL.",41.93346719,-87.66367329
2708 N SOUTHPORT AVE,"2708 N SOUTHPORT AVE Chicago, IL.",41.93084462,-87.6635879
2602 N SOUTHPORT AVE,"2602 N SOUTHPORT AVE Chicago, IL.",41.92896404,-87.66352255
2316 N SOUTHPORT AVE,"2316 N SOUTHPORT AVE Chicago, IL.",41.92399148,-87.6633556
1566 N CLARK ST,"1566 N CLARK ST Chicago, IL.",41.91086826,-87.63173826
2148 N SOUTHPORT AVE,"2148 N SOUTHPORT AVE Chicago, IL.",41.92067795,-87.66325291
1328 N CLARK ST,"1328 N CLARK ST Chicago, IL.",41.90705394,-87.63162377
134 W ELM ST,"134 W ELM ST Chicago, IL.",41.90318544,-87.63197287
75 W WALTON ST,"75 W WALTON ST Chicago, IL.",41.89973856,-87.63070682
1123 N CLARK ST,"1123 N CLARK ST Chicago, IL.",41.90251827,-87.63132943
29 N CANAL ST,"29 N CANAL ST Chicago, IL.",41.88228475,-87.63961825
1544 N WELLS ST,"1544 N WELLS ST Chicago, IL.",41.91013725,-87.63475311
1512 N WELLS ST,"1512 N WELLS ST Chicago, IL.",41.90960012,-87.63473683
1504 N WELLS ST,"1504 N WELLS ST Chicago, IL.",41.90946615,-87.63473363
2223 N SOUTHPORT AVE,"2223 N SOUTHPORT AVE Chicago, IL.",41.92206032,-87.66313489
2397 N SOUTHPORT AVE,"2397 N SOUTHPORT AVE Chicago, IL.",41.92471033,-87.66322669
1322 N WELLS ST,"1322 N WELLS ST Chicago, IL.",41.90694054,-87.6346613
2608 N SOUTHPORT AVE,"2608 N SOUTHPORT AVE Chicago, IL.",41.92913872,-87.6635291
1186 N WELLS ST,"1186 N WELLS ST Chicago, IL.",41.90369078,-87.63454871
1138 N WELLS ST,"1138 N WELLS ST Chicago, IL.",41.90326236,-87.634532
3108 N SOUTHPORT AVE,"3108 N SOUTHPORT AVE Chicago, IL.",41.93820994,-87.66384147
3314 N SOUTHPORT AVE,"3314 N SOUTHPORT AVE Chicago, IL.",41.94199283,-87.66395565
3335 N SOUTHPORT AVE,"3335 N SOUTHPORT AVE Chicago, IL.",41.94256149,-87.66381565
3343 N SOUTHPORT AVE,"3343 N SOUTHPORT AVE Chicago, IL.",41.94266192,-87.66381816
738 N WELLS ST,"738 N WELLS ST Chicago, IL.",41.89575449,-87.63425751
3527 N SOUTHPORT AVE,"3527 N SOUTHPORT AVE Chicago, IL.",41.94602681,-87.66391038
3543 N SOUTHPORT AVE,"3543 N SOUTHPORT AVE Chicago, IL.",41.94634084,-87.66391799
3649 N SOUTHPORT AVE,"3649 N SOUTHPORT AVE Chicago, IL.",41.94797927,-87.66396318
216 W ERIE ST,"216 W ERIE ST Chicago, IL.",41.89403853,-87.63491039
308 W ERIE ST,"308 W ERIE ST Chicago, IL.",41.89402337,-87.63593876
319 W ERIE ST,"319 W ERIE ST Chicago, IL.",41.89390666,-87.63611246
219 W ERIE ST,"219 W ERIE ST Chicago, IL.",41.89392373,-87.63492342
707 N WELLS ST,"707 N WELLS ST Chicago, IL.",41.89499975,-87.63407949
1143 N WELLS ST,"1143 N WELLS ST Chicago, IL.",41.90324321,-87.63437724
1231 N WELLS ST,"1231 N WELLS ST Chicago, IL.",41.90421417,-87.63441607
1589 N DAYTON ST,"1589 N DAYTON ST Chicago, IL.",41.91067596,-87.64941838
1539 N DAYTON ST,"1539 N DAYTON ST Chicago, IL.",41.90969098,-87.64939039
327 W ARMITAGE AVE,"327 W ARMITAGE AVE Chicago, IL.",41.91828621,-87.63755533
1134 N ASHLAND AVE,"1134 N ASHLAND AVE Chicago, IL.",41.90250845,-87.66754756
1026 N ASHLAND AVE,"1026 N ASHLAND AVE Chicago, IL.",41.90045188,-87.66748801
900 N ASHLAND AVE,"900 N ASHLAND AVE Chicago, IL.",41.89823916,-87.66742891
822 N ASHLAND AVE,"822 N ASHLAND AVE Chicago, IL.",41.89680649,-87.66738955
1760 N CLYBOURN AVE,"1760 N CLYBOURN AVE Chicago, IL.",41.91282187,-87.65228829
1758 N CLYBOURN AVE,"1758 N CLYBOURN AVE Chicago, IL.",41.91278726,-87.65224029
1740 N CLYBOURN AVE,"1740 N CLYBOURN AVE Chicago, IL.",41.91247573,-87.65180834
1130 N ASHLAND AVE,"1130 N ASHLAND AVE Chicago, IL.",41.90249136,-87.66754714
1012 N ASHLAND AVE,"1012 N ASHLAND AVE Chicago, IL.",41.90008219,-87.6674785
521 W ADAMS ST,"521 W ADAMS ST Chicago, IL.",41.87923196,-87.64131273
778 N OGDEN AVE,"778 N OGDEN AVE Chicago, IL.",41.89581438,-87.65522428
752 N OGDEN AVE,"752 N OGDEN AVE Chicago, IL.",41.89562904,-87.65537508
2924 N HALSTED ST,"2924 N HALSTED ST Chicago, IL.",41.9352385,-87.64917824
2836 N HALSTED ST,"2836 N HALSTED ST Chicago, IL.",41.93370136,-87.64912554
2834 N HALSTED ST,"2834 N HALSTED ST Chicago, IL.",41.93367597,-87.64912468
2820 N HALSTED ST,"2820 N HALSTED ST Chicago, IL.",41.93332001,-87.64910986
2112 N HALSTED ST,"2112 N HALSTED ST Chicago, IL.",41.92025948,-87.64866022
1958 N HALSTED ST,"1958 N HALSTED ST Chicago, IL.",41.91726121,-87.6485463
170 N ELIZABETH ST,"170 N ELIZABETH ST Chicago, IL.",41.88448777,-87.65891114
1942 N HALSTED ST,"1942 N HALSTED ST Chicago, IL.",41.91692113,-87.64853027
1328 W RANDOLPH ST,"1328 W RANDOLPH ST Chicago, IL.",41.88442186,-87.66364248
1380 W RANDOLPH ST,"1380 W RANDOLPH ST Chicago, IL.",41.88460301,-87.66394266
1365 W LAKE ST,"1365 W LAKE ST Chicago, IL.",41.88538249,-87.66128153
1361 W LAKE ST,"1361 W LAKE ST Chicago, IL.",41.88538476,-87.66115635
1353 W LAKE ST,"1353 W LAKE ST Chicago, IL.",41.88538585,-87.66090781
174 N CARPENTER ST,"174 N CARPENTER ST Chicago, IL.",41.88387948,-87.65333395
170 N CARPENTER ST,"170 N CARPENTER ST Chicago, IL.",41.88383714,-87.65333263
153 N ABERDEEN ST,"153 N ABERDEEN ST Chicago, IL.",41.88461448,-87.65436893
155 N ABERDEEN ST,"155 N ABERDEEN ST Chicago, IL.",41.88462045,-87.65436929
163 N ABERDEEN ST,"163 N ABERDEEN ST Chicago, IL.",41.88476342,-87.6543748
313 N CARPENTER ST,"313 N CARPENTER ST Chicago, IL.",41.88681497,-87.6532639
925 W LAKE ST,"925 W LAKE ST Chicago, IL.",41.88554395,-87.65107573
921 W LAKE ST,"921 W LAKE ST Chicago, IL.",41.88554785,-87.65089928
843 W LAKE ST,"843 W LAKE ST Chicago, IL.",41.88559394,-87.64813282
170 N GREEN ST,"170 N GREEN ST Chicago, IL.",41.88484171,-87.64869296
162 N GREEN ST,"162 N GREEN ST Chicago, IL.",41.88412433,-87.6486727
900 W RANDOLPH ST,"900 W RANDOLPH ST Chicago, IL.",41.88453625,-87.64985328
908 W RANDOLPH ST,"908 W RANDOLPH ST Chicago, IL.",41.88453104,-87.65019198
916 W RANDOLPH ST,"916 W RANDOLPH ST Chicago, IL.",41.88452582,-87.65053069
918 W RANDOLPH ST,"918 W RANDOLPH ST Chicago, IL.",41.88452452,-87.65061536
163 N MORGAN ST,"163 N MORGAN ST Chicago, IL.",41.88509637,-87.65204795
1300 W LAKE ST,"1300 W LAKE ST Chicago, IL.",41.88552744,-87.6589372
2860 N LINCOLN AVE,"2860 N LINCOLN AVE Chicago, IL.",41.9336,-87.6602741
2626 N LINCOLN AVE,"2626 N LINCOLN AVE Chicago, IL.",41.92973516,-87.65487618
1509 W TAYLOR ST,"1509 W TAYLOR ST Chicago, IL.",41.86923985,-87.66445593
1503 W TAYLOR ST,"1503 W TAYLOR ST Chicago, IL.",41.86923985,-87.66422849
1219 W TAYLOR ST,"1219 W TAYLOR ST Chicago, IL.",41.86932929,-87.65850602
1217 W TAYLOR ST,"1217 W TAYLOR ST Chicago, IL.",41.86932955,-87.65849069
1928 N CLYBOURN AVE,"1928 N CLYBOURN AVE Chicago, IL.",41.91603103,-87.65676194
1408 N HALSTED ST,"1408 N HALSTED ST Chicago, IL.",41.90665079,-87.64824501
11 W HUBBARD ST,"11 W HUBBARD ST Chicago, IL.",41.88999774,-87.62859871
2218 S WENTWORTH AVE,"2218 S WENTWORTH AVE Chicago, IL.",41.85228153,-87.63207814
348 W GRAND AVE,"348 W GRAND AVE Chicago, IL.",41.89160244,-87.63690176
358 W GRAND AVE,"358 W GRAND AVE Chicago, IL.",41.89159747,-87.6373471
368 W GRAND AVE,"368 W GRAND AVE Chicago, IL.",41.89159217,-87.63774272
410 W GRAND AVE,"410 W GRAND AVE Chicago, IL.",41.89157226,-87.6394096
520 N KINGSBURY ST,"520 N KINGSBURY ST Chicago, IL.",41.89111057,-87.63966376
2219 S WENTWORTH AVE,"2219 S WENTWORTH AVE Chicago, IL.",41.85238857,-87.6319256
100 W GRAND AVE,"100 W GRAND AVE Chicago, IL.",41.89168117,-87.63120665
221 W HUBBARD ST,"221 W HUBBARD ST Chicago, IL.",41.88991285,-87.63484036
616 W ROOSEVELT RD,"616 W ROOSEVELT RD Chicago, IL.",41.86727544,-87.64247986
624 W ROOSEVELT RD,"624 W ROOSEVELT RD Chicago, IL.",41.86727435,-87.64258849
868 W ROOSEVELT RD,"868 W ROOSEVELT RD Chicago, IL.",41.86718745,-87.64838612
906 W ROOSEVELT RD,"906 W ROOSEVELT RD Chicago, IL.",41.86717645,-87.64913967
910 W ROOSEVELT RD,"910 W ROOSEVELT RD Chicago, IL.",41.86717545,-87.64922088
1573 W TAYLOR ST,"1573 W TAYLOR ST Chicago, IL.",41.86922185,-87.66548863
1034 S CANAL ST,"1034 S CANAL ST Chicago, IL.",41.86928711,-87.63933647
1443 N WELLS ST,"1443 N WELLS ST Chicago, IL.",41.90842767,-87.63455083
1344 N WELLS ST,"1344 N WELLS ST Chicago, IL.",41.90713304,-87.63466723
1148 N WELLS ST,"1148 N WELLS ST Chicago, IL.",41.90335168,-87.63453543
2235 N LINCOLN AVE,"2235 N LINCOLN AVE Chicago, IL.",41.92270956,-87.64482808
2635 N HALSTED ST,"2635 N HALSTED ST Chicago, IL.",41.92995862,-87.64884193
29 S LA SALLE ST,"29 S LA SALLE ST Chicago, IL.",41.88122051,-87.63226712
2835 N HALSTED ST,"2835 N HALSTED ST Chicago, IL.",41.93356526,-87.64896561
2837 N HALSTED ST,"2837 N HALSTED ST Chicago, IL.",41.93367886,-87.64897069
3025 N HALSTED ST,"3025 N HALSTED ST Chicago, IL.",41.93672903,-87.64907528
668 S CANAL ST,"668 S CANAL ST Chicago, IL.",41.87357852,-87.63948396
706 S CANAL ST,"706 S CANAL ST Chicago, IL.",41.87314304,-87.63946736
3509 N HALSTED ST,"3509 N HALSTED ST Chicago, IL.",41.94569895,-87.64936156
912 W IRVING PARK RD,"912 W IRVING PARK RD Chicago, IL.",41.95456637,-87.65321964
1510 W TAYLOR ST,"1510 W TAYLOR ST Chicago, IL.",41.86935445,-87.66425325
1208 W HUBBARD ST,"1208 W HUBBARD ST Chicago, IL.",41.89003644,-87.65808032
1210 W HUBBARD ST,"1210 W HUBBARD ST Chicago, IL.",41.89003644,-87.65811869
1224 W HUBBARD ST,"1224 W HUBBARD ST Chicago, IL.",41.89003644,-87.65838727
1230 W HUBBARD ST,"1230 W HUBBARD ST Chicago, IL.",41.89003161,-87.65856575
841 W SHERIDAN RD,"841 W SHERIDAN RD Chicago, IL.",41.95266628,-87.65127784
1242 W WASHINGTON BLVD,"1242 W WASHINGTON BLVD Chicago, IL.",41.88300744,-87.65859603
1130 W WASHINGTON BLVD,"1130 W WASHINGTON BLVD Chicago, IL.",41.88305835,-87.65564714
1000 W WASHINGTON BLVD,"1000 W WASHINGTON BLVD Chicago, IL.",41.88312141,-87.65215057
1617 N HALSTED ST,"1617 N HALSTED ST Chicago, IL.",41.91163925,-87.64821801
910 W WASHINGTON BLVD,"910 W WASHINGTON BLVD Chicago, IL.",41.88315562,-87.6501758
740 W WASHINGTON BLVD,"740 W WASHINGTON BLVD Chicago, IL.",41.88321064,-87.6468324
659 W RANDOLPH ST,"659 W RANDOLPH ST Chicago, IL.",41.88436395,-87.64470517
653 W RANDOLPH ST,"653 W RANDOLPH ST Chicago, IL.",41.88436506,-87.64463491
29 N THROOP ST,"29 N THROOP ST Chicago, IL.",41.88202049,-87.65959283
1245 W WASHINGTON BLVD,"1245 W WASHINGTON BLVD Chicago, IL.",41.88290836,-87.65797242
1241 W WASHINGTON BLVD,"1241 W WASHINGTON BLVD Chicago, IL.",41.88290982,-87.65791724
1151 W WASHINGTON BLVD,"1151 W WASHINGTON BLVD Chicago, IL.",41.88293607,-87.65592988
1045 W WASHINGTON BLVD,"1045 W WASHINGTON BLVD Chicago, IL.",41.88299703,-87.65259952
941 W WASHINGTON BLVD,"941 W WASHINGTON BLVD Chicago, IL.",41.88302024,-87.65109568
923 W WASHINGTON BLVD,"923 W WASHINGTON BLVD Chicago, IL.",41.88302941,-87.65054981
3310 N CLARK ST,"3310 N CLARK ST Chicago, IL.",41.94199282,-87.65241673
1166 N WELLS ST,"1166 N WELLS ST Chicago, IL.",41.90351245,-87.63454162
211 W WALTON ST,"211 W WALTON ST Chicago, IL.",41.89969585,-87.63495947
205 W WALTON ST,"205 W WALTON ST Chicago, IL.",41.89969585,-87.63494162
67 W OAK ST,"67 W OAK ST Chicago, IL.",41.90050726,-87.6305507
57 W OAK ST,"57 W OAK ST Chicago, IL.",41.90051188,-87.63032512
1455 N CLARK ST,"1455 N CLARK ST Chicago, IL.",41.86274584,-87.63020064
1505 N CLARK ST,"1505 N CLARK ST Chicago, IL.",41.90967325,-87.63154237
33 W CHICAGO AVE,"33 W CHICAGO AVE Chicago, IL.",41.89658699,-87.6305959
48 E CHICAGO AVE,"48 E CHICAGO AVE Chicago, IL.",41.89675944,-87.62651226
716 N WABASH AVE,"716 N WABASH AVE Chicago, IL.",41.89564468,-87.62690011
29 W GRAND AVE,"29 W GRAND AVE Chicago, IL.",41.8915981,-87.62909764
30 W ILLINOIS ST,"30 W ILLINOIS ST Chicago, IL.",41.89088244,-87.63009088
78 E HUBBARD ST,"78 E HUBBARD ST Chicago, IL.",41.89013478,-87.62699226
1135 W CHICAGO AVE,"1135 W CHICAGO AVE Chicago, IL.",41.89619257,-87.65638702
1120 W TAYLOR ST,"1120 W TAYLOR ST Chicago, IL.",41.86949848,-87.6550495
2350 N CLARK ST,"2350 N CLARK ST Chicago, IL.",41.92507891,-87.64024089
2463 N CLARK ST,"2463 N CLARK ST Chicago, IL.",41.92721507,-87.64137297
2623 N CLARK ST,"2623 N CLARK ST Chicago, IL.",41.93034926,-87.64360351
1092 W ROOSEVELT RD,"1092 W ROOSEVELT RD Chicago, IL.",41.867392,-87.6244718
3832 N BROADWAY ST,"3832 N BROADWAY ST Chicago, IL.",41.95215612,-87.64971263
565 S MORGAN ST,"565 S MORGAN ST Chicago, IL.",41.87520357,-87.6517633
1725 N CLARK ST,"1725 N CLARK ST Chicago, IL.",41.91448099,-87.63357214
1757 N CLARK ST,"1757 N CLARK ST Chicago, IL.",41.91453956,-87.63360898
1765 N CLARK ST,"1765 N CLARK ST Chicago, IL.",41.9145542,-87.63361819
1847 N CLARK ST,"1847 N CLARK ST Chicago, IL.",41.9147043,-87.63371261
1939 N CLARK ST,"1939 N CLARK ST Chicago, IL.",41.91637211,-87.63473332
1965 N CLARK ST,"1965 N CLARK ST Chicago, IL.",41.91718004,-87.63523198
1967 N CLARK ST,"1967 N CLARK ST Chicago, IL.",41.91725446,-87.63527805
1969 N CLARK ST,"1969 N CLARK ST Chicago, IL.",41.91732887,-87.63532411
1981 N CLARK ST,"1981 N CLARK ST Chicago, IL.",41.91777535,-87.6356005
1989 N CLARK ST,"1989 N CLARK ST Chicago, IL.",41.918073,-87.63578477
2241 N CLARK ST,"2241 N CLARK ST Chicago, IL.",41.92236096,-87.63888148
2249 N CLARK ST,"2249 N CLARK ST Chicago, IL.",41.92242825,-87.63888484
2405 N CLARK ST,"2405 N CLARK ST Chicago, IL.",41.92575591,-87.64050345
2407 N CLARK ST,"2407 N CLARK ST Chicago, IL.",41.92580409,-87.64053442
2411 N CLARK ST,"2411 N CLARK ST Chicago, IL.",41.92590046,-87.64059637
2627 N CLARK ST,"2627 N CLARK ST Chicago, IL.",41.93039936,-87.64363311
2653 N CLARK ST,"2653 N CLARK ST Chicago, IL.",41.93080179,-87.64387252
2655 N CLARK ST,"2655 N CLARK ST Chicago, IL.",41.93082363,-87.64388578
2661 N CLARK ST,"2661 N CLARK ST Chicago, IL.",41.9308889,-87.64392499
2827 N CLARK ST,"2827 N CLARK ST Chicago, IL.",41.93375904,-87.64556855
2841 N CLARK ST,"2841 N CLARK ST Chicago, IL.",41.93402197,-87.64578194
2863 N CLARK ST,"2863 N CLARK ST Chicago, IL.",41.93443565,-87.64611539
3225 N CLARK ST,"3225 N CLARK ST Chicago, IL.",41.94046178,-87.65099659
3717 N CLARK ST,"3717 N CLARK ST Chicago, IL.",41.9493091,-87.65812401
925 W IRVING PARK RD,"925 W IRVING PARK RD Chicago, IL.",41.95445862,-87.65275452
3725 N SOUTHPORT AVE,"3725 N SOUTHPORT AVE Chicago, IL.",41.94963303,-87.66400967
3829 N SOUTHPORT AVE,"3829 N SOUTHPORT AVE Chicago, IL.",41.9516294,-87.66406765
2824 N SOUTHPORT AVE,"2824 N SOUTHPORT AVE Chicago, IL.",41.93324068,-87.66366403
2734 N SOUTHPORT AVE,"2734 N SOUTHPORT AVE Chicago, IL.",41.93151504,-87.66360826
81 E 9TH ST,"81 E 9TH ST Chicago, IL.",41.87048869,-87.62619356
62 E 11TH ST,"62 E 11TH ST Chicago, IL.",41.86932969,-87.62580145
2251 N CLYBOURN AVE,"2251 N CLYBOURN AVE Chicago, IL.",41.92244174,-87.66544193
2261 N CLYBOURN AVE,"2261 N CLYBOURN AVE Chicago, IL.",41.92286516,-87.6660307
1449 W BELMONT AVE,"1449 W BELMONT AVE Chicago, IL.",41.93969171,-87.66511536
375 W VAN BUREN ST,"375 W VAN BUREN ST Chicago, IL.",41.8767215,-87.636989
2823 N LINCOLN AVE,"2823 N LINCOLN AVE Chicago, IL.",41.93302019,-87.65924686
500 S CLINTON ST,"500 S CLINTON ST Chicago, IL.",41.87524124,-87.64105646
689 S CLINTON ST,"689 S CLINTON ST Chicago, IL.",41.87341824,-87.64084598
3917 N ASHLAND AVE,"3917 N ASHLAND AVE Chicago, IL.",41.95305567,-87.66893689
3921 N ASHLAND AVE,"3921 N ASHLAND AVE Chicago, IL.",41.95314859,-87.66893963
2240 N LINCOLN AVE,"2240 N LINCOLN AVE Chicago, IL.",41.92269327,-87.64502682
2221 N LINCOLN AVE,"2221 N LINCOLN AVE Chicago, IL.",41.92243404,-87.64444283
2134 N LINCOLN AVE,"2134 N LINCOLN AVE Chicago, IL.",41.92080211,-87.64238678
3240 N CLARK ST,"3240 N CLARK ST Chicago, IL.",41.94068103,-87.65135302
3148 N CLARK ST,"3148 N CLARK ST Chicago, IL.",41.93919607,-87.65015076
424 W ARMITAGE AVE,"424 W ARMITAGE AVE Chicago, IL.",41.91835944,-87.64010924
600 W FULTON ST,"600 W FULTON ST Chicago, IL.",41.8870388,-87.6432411
2767 N LINCOLN AVE,"2767 N LINCOLN AVE Chicago, IL.",41.93200079,-87.65781945
3057 N LINCOLN AVE,"3057 N LINCOLN AVE Chicago, IL.",41.93716391,-87.66505338
1011 W RANDOLPH ST,"1011 W RANDOLPH ST Chicago, IL.",41.88413208,-87.65344532
2366 N HALSTED ST,"2366 N HALSTED ST Chicago, IL.",41.92431208,-87.64879686
706 W ARMITAGE AVE,"706 W ARMITAGE AVE Chicago, IL.",41.91826788,-87.64641814
714 W ARMITAGE AVE,"714 W ARMITAGE AVE Chicago, IL.",41.91825848,-87.64679428
824 W ARMITAGE AVE,"824 W ARMITAGE AVE Chicago, IL.",41.91822287,-87.64952652
840 W ARMITAGE AVE,"840 W ARMITAGE AVE Chicago, IL.",41.91821157,-87.65012242
850 W ARMITAGE AVE,"850 W ARMITAGE AVE Chicago, IL.",41.91820644,-87.65043634
1116 W WASHINGTON BLVD,"1116 W WASHINGTON BLVD Chicago, IL.",41.88306855,-87.65505646
2279 N CLYBOURN AVE,"2279 N CLYBOURN AVE Chicago, IL.",41.92327566,-87.66660266
2290 N CLYBOURN AVE,"2290 N CLYBOURN AVE Chicago, IL.",41.92346663,-87.66709092
1936 N HALSTED ST,"1936 N HALSTED ST Chicago, IL.",41.91679284,-87.64852752
912 W WASHINGTON BLVD,"912 W WASHINGTON BLVD Chicago, IL.",41.88315333,-87.65024803
2218 N HALSTED ST,"2218 N HALSTED ST Chicago, IL.",41.92218805,-87.64872253
2210 N HALSTED ST,"2210 N HALSTED ST Chicago, IL.",41.92204972,-87.64871735
2140 N HALSTED ST,"2140 N HALSTED ST Chicago, IL.",41.92074894,-87.64867671
2022 N HALSTED ST,"2022 N HALSTED ST Chicago, IL.",41.9186144,-87.64860305
3831 N BROADWAY,"3831 N BROADWAY Chicago, IL.",41.95194203,-87.64955212
630 W WASHINGTON BLVD,"630 W WASHINGTON BLVD Chicago, IL.",41.88322344,-87.6442447
1366 N HALSTED ST,"1366 N HALSTED ST Chicago, IL.",41.90593212,-87.64821823
3616 N HALSTED ST,"3616 N HALSTED ST Chicago, IL.",41.94749244,-87.64956814
154 N JEFFERSON ST,"154 N JEFFERSON ST Chicago, IL.",41.88512031,-87.64283227
180 N JEFFERSON ST,"180 N JEFFERSON ST Chicago, IL.",41.88546995,-87.64284145
207 N JEFFERSON ST,"207 N JEFFERSON ST Chicago, IL.",41.88582322,-87.64269775
2038 N HALSTED ST,"2038 N HALSTED ST Chicago, IL.",41.91889253,-87.64861225
2028 S HALSTED ST,"2028 S HALSTED ST Chicago, IL.",41.85436316,-87.64661782
2032 S HALSTED ST,"2032 S HALSTED ST Chicago, IL.",41.85432871,-87.64661649
1519 W TAYLOR ST,"1519 W TAYLOR ST Chicago, IL.",41.86922785,-87.66483251
1424 W TAYLOR ST,"1424 W TAYLOR ST Chicago, IL.",41.86938145,-87.66264694
1273 W TAYLOR ST,"1273 W TAYLOR ST Chicago, IL.",41.8693224,-87.65891982
1044 W 18TH ST,"1044 W 18TH ST Chicago, IL.",41.85805945,-87.65294969
1114 W TAYLOR ST,"1114 W TAYLOR ST Chicago, IL.",41.86950511,-87.65485058
899 W TAYLOR ST,"899 W TAYLOR ST Chicago, IL.",41.86949078,-87.64714122
600 W TAYLOR ST,"600 W TAYLOR ST Chicago, IL.",41.86977503,-87.6423533
605 N FRANKLIN ST,"605 N FRANKLIN ST Chicago, IL.",41.89404075,-87.63556533
932 W LAKE ST,"932 W LAKE ST Chicago, IL.",41.88565827,-87.6510868
1338 W LAKE ST,"1338 W LAKE ST Chicago, IL.",41.88551037,-87.66032758
749 N FRANKLIN ST,"749 N FRANKLIN ST Chicago, IL.",41.89536908,-87.6356033
765 N FRANKLIN ST,"765 N FRANKLIN ST Chicago, IL.",41.89541318,-87.63560377
769 N FRANKLIN ST,"769 N FRANKLIN ST Chicago, IL.",41.89542467,-87.63560377
939 N ORLEANS ST,"939 N ORLEANS ST Chicago, IL.",41.9000176,-87.63722456
941 N ORLEANS ST,"941 N ORLEANS ST Chicago, IL.",41.90003214,-87.63722512
318 W ERIE ST,"318 W ERIE ST Chicago, IL.",41.89402004,-87.63621408
324 W ERIE ST,"324 W ERIE ST Chicago, IL.",41.89401803,-87.63637928
358 W ERIE ST,"358 W ERIE ST Chicago, IL.",41.89399644,-87.63793525
364 W ERIE ST,"364 W ERIE ST Chicago, IL.",41.89399644,-87.63801284
2329 N HALSTED ST,"2329 N HALSTED ST Chicago, IL.",41.92395426,-87.64863203
440 W ERIE ST,"440 W ERIE ST Chicago, IL.",41.89396936,-87.64029253
2358 N LINCOLN AVE,"2358 N LINCOLN AVE Chicago, IL.",41.92467538,-87.64779347
375 W ERIE ST,"375 W ERIE ST Chicago, IL.",41.89387285,-87.63860622
128 W ERIE ST,"128 W ERIE ST Chicago, IL.",41.89407313,-87.63218531
61 W ERIE ST,"61 W ERIE ST Chicago, IL.",41.89398444,-87.63054025
25 W ERIE ST,"25 W ERIE ST Chicago, IL.",41.89399011,-87.63000078
19 E ERIE ST,"19 E ERIE ST Chicago, IL.",41.89403252,-87.62715798
161 E ERIE ST,"161 E ERIE ST Chicago, IL.",41.89409785,-87.62332778
345 E ERIE ST,"345 E ERIE ST Chicago, IL.",41.89416628,-87.61932726
460 E ERIE ST,"460 E ERIE ST Chicago, IL.",41.89432516,-87.61626651
340 E HURON ST,"340 E HURON ST Chicago, IL.",41.8950874,-87.61909174
10 E HURON ST,"10 E HURON ST Chicago, IL.",41.89493838,-87.6276696
6 W HURON ST,"6 W HURON ST Chicago, IL.",41.89493244,-87.62843163
364 W HURON ST,"364 W HURON ST Chicago, IL.",41.89480173,-87.63792936
923 N LARRABEE ST,"923 N LARRABEE ST Chicago, IL.",41.89880885,-87.64295032
945 N LARRABEE ST,"945 N LARRABEE ST Chicago, IL.",41.89898016,-87.64295704
949 N LARRABEE ST,"949 N LARRABEE ST Chicago, IL.",41.8990113,-87.64295826
1482 N HALSTED ST,"1482 N HALSTED ST Chicago, IL.",41.9082527,-87.64828347
1374 N HALSTED ST,"1374 N HALSTED ST Chicago, IL.",41.90602828,-87.64822322
1362 N HALSTED ST,"1362 N HALSTED ST Chicago, IL.",41.90588363,-87.64821823
906 W BELMONT AVE,"906 W BELMONT AVE Chicago, IL.",41.94000443,-87.65173159
956 W BELMONT AVE,"956 W BELMONT AVE Chicago, IL.",41.93997743,-87.65361724
1300 S WABASH AVE,"1300 S WABASH AVE Chicago, IL.",41.86570201,-87.62587454
1342 S WABASH AVE,"1342 S WABASH AVE Chicago, IL.",41.86502559,-87.62585331
1632 S WABASH AVE,"1632 S WABASH AVE Chicago, IL.",41.8597879,-87.62573263
2220 S WABASH AVE,"2220 S WABASH AVE Chicago, IL.",41.85239473,-87.62556573
2209 S WABASH AVE,"2209 S WABASH AVE Chicago, IL.",41.85258871,-87.62541648
255 E GRAND AVE,"255 E GRAND AVE Chicago, IL.",41.89172598,-87.62132925
1156 N WELLS ST,"1156 N WELLS ST Chicago, IL.",41.90342313,-87.63453818
1446 N DEARBORN PKWY,"1446 N DEARBORN PKWY Chicago, IL.",41.90860722,-87.63020533
404 N WELLS ST,"404 N WELLS ST Chicago, IL.",41.88934206,-87.63409721
646 W LAKE ST,"646 W LAKE ST Chicago, IL.",41.88575244,-87.64413313
1204 W LAKE ST,"1204 W LAKE ST Chicago, IL.",41.88556005,-87.65695625
1246 N HALSTED ST,"1246 N HALSTED ST Chicago, IL.",41.90426598,-87.64819285
1419 S WABASH AVE,"1419 S WABASH AVE Chicago, IL.",41.86375694,-87.62566782
1411 S WABASH AVE,"1411 S WABASH AVE Chicago, IL.",41.86388453,-87.62566961
2677 N HALSTED ST,"2677 N HALSTED ST Chicago, IL.",41.93096637,-87.64887572
2424 N HALSTED ST,"2424 N HALSTED ST Chicago, IL.",41.92672678,-87.64888339
2372 N HALSTED ST,"2372 N HALSTED ST Chicago, IL.",41.92436899,-87.64879858
1531 N WELLS ST,"1531 N WELLS ST Chicago, IL.",41.90990484,-87.63459205
1631 N HALSTED ST,"1631 N HALSTED ST Chicago, IL.",41.91180339,-87.64822182
1151 W GRAND AVE,"1151 W GRAND AVE Chicago, IL.",41.89102895,-87.65658327
685 N KINGSBURY ST,"685 N KINGSBURY ST Chicago, IL.",41.89375581,-87.6413873
3447 N HALSTED ST,"3447 N HALSTED ST Chicago, IL.",41.94481463,-87.64933555
3519 N HALSTED ST,"3519 N HALSTED ST Chicago, IL.",41.94591965,-87.64936708
744 N CLARK ST,"744 N CLARK ST Chicago, IL.",41.89589167,-87.63130395
734 N CLARK ST,"734 N CLARK ST Chicago, IL.",41.89576408,-87.63130112
3638 N HALSTED ST,"3638 N HALSTED ST Chicago, IL.",41.94765482,-87.6495722
2401 N HALSTED ST,"2401 N HALSTED ST Chicago, IL.",41.84893435,-87.6464194
2441 N HALSTED ST,"2441 N HALSTED ST Chicago, IL.",41.92691809,-87.64873582
734 N WELLS ST,"734 N WELLS ST Chicago, IL.",41.89570248,-87.63425514
2052 N HALSTED ST,"2052 N HALSTED ST Chicago, IL.",41.91913588,-87.64862029
500 W ROOSEVELT RD,"500 W ROOSEVELT RD Chicago, IL.",41.86731144,-87.63929469
1046 W ROOSEVELT RD,"1046 W ROOSEVELT RD Chicago, IL.",41.86714045,-87.65121938
1100 W ROOSEVELT RD,"1100 W ROOSEVELT RD Chicago, IL.",41.86707577,-87.65550136
1104 W ROOSEVELT RD,"1104 W ROOSEVELT RD Chicago, IL.",41.86707481,-87.65554651
1538 W ROOSEVELT RD,"1538 W ROOSEVELT RD Chicago, IL.",41.86692176,-87.66489537
1523 W TAYLOR ST,"1523 W TAYLOR ST Chicago, IL.",41.86922547,-87.6649841
1521 W TAYLOR ST,"1521 W TAYLOR ST Chicago, IL.",41.86922666,-87.66490831
1637 N CLYBOURN AVE,"1637 N CLYBOURN AVE Chicago, IL.",41.91178707,-87.65062886
1319 W TAYLOR ST,"1319 W TAYLOR ST Chicago, IL.",41.86931042,-87.65995358
1773 N CLYBOURN AVE,"1773 N CLYBOURN AVE Chicago, IL.",41.91328622,-87.65271127
1777 N CLYBOURN AVE,"1777 N CLYBOURN AVE Chicago, IL.",41.91332845,-87.65277029
1154 W TAYLOR ST,"1154 W TAYLOR ST Chicago, IL.",41.86948045,-87.6563209
1845 N CLYBOURN AVE,"1845 N CLYBOURN AVE Chicago, IL.",41.91457958,-87.65451999
2284 N CLYBOURN AVE,"2284 N CLYBOURN AVE Chicago, IL.",41.92336422,-87.6669479
2282 N CLYBOURN AVE,"2282 N CLYBOURN AVE Chicago, IL.",41.92333002,-87.66690024
2142 N CLYBOURN AVE,"2142 N CLYBOURN AVE Chicago, IL.",41.92020022,-87.66254663
2140 N CLYBOURN AVE,"2140 N CLYBOURN AVE Chicago, IL.",41.92012011,-87.66243694
1728 N CLARK ST,"1728 N CLARK ST Chicago, IL.",41.91405395,-87.63348104
648 N LA SALLE ST,"648 N LA SALLE ST Chicago, IL.",41.89449476,-87.63282085
1434 W 18TH ST,"1434 W 18TH ST Chicago, IL.",41.85790838,-87.66283461
1237 N ASHLAND AVE,"1237 N ASHLAND AVE Chicago, IL.",41.90454263,-87.66744979
1239 N ASHLAND AVE,"1239 N ASHLAND AVE Chicago, IL.",41.90459359,-87.66745145
1247 N ASHLAND AVE,"1247 N ASHLAND AVE Chicago, IL.",41.90479701,-87.66745708
579 S MORGAN ST,"579 S MORGAN ST Chicago, IL.",41.87518907,-87.6517633
557 S MORGAN ST,"557 S MORGAN ST Chicago, IL.",41.87521185,-87.6517633
1231 W LAKE ST,"1231 W LAKE ST Chicago, IL.",41.88543626,-87.65745845
3903 N ASHLAND AVE,"3903 N ASHLAND AVE Chicago, IL.",41.95258345,-87.66892765
3925 N ASHLAND AVE,"3925 N ASHLAND AVE Chicago, IL.",41.95324151,-87.66894236
1521 W IRVING PARK RD,"1521 W IRVING PARK RD Chicago, IL.",41.95424434,-87.66787488
725 N OGDEN AVE,"725 N OGDEN AVE Chicago, IL.",41.89618818,-87.65468622
736 N ABERDEEN ST,"736 N ABERDEEN ST Chicago, IL.",41.8947579,-87.65429771
724 N ABERDEEN ST,"724 N ABERDEEN ST Chicago, IL.",41.89464982,-87.6542955
3660 N CLARK ST,"3660 N CLARK ST Chicago, IL.",41.94853127,-87.65767466
3658 N CLARK ST,"3658 N CLARK ST Chicago, IL.",41.94851159,-87.65765879
725 N ABERDEEN ST,"725 N ABERDEEN ST Chicago, IL.",41.8951479,-87.6546111
709 N ABERDEEN ST,"709 N ABERDEEN ST Chicago, IL.",41.89507828,-87.65450405
3462 N CLARK ST,"3462 N CLARK ST Chicago, IL.",41.94502326,-87.65484867
3452 N CLARK ST,"3452 N CLARK ST Chicago, IL.",41.94488245,-87.65473602
3442 N CLARK ST,"3442 N CLARK ST Chicago, IL.",41.94474163,-87.65462337
3218 N CLARK ST,"3218 N CLARK ST Chicago, IL.",41.94029851,-87.65104459
3178 N CLARK ST,"3178 N CLARK ST Chicago, IL.",41.93961028,-87.65048877
232 N CARPENTER ST,"232 N CARPENTER ST Chicago, IL.",41.88623089,-87.65339954
2258 N CLARK ST,"2258 N CLARK ST Chicago, IL.",41.9234259,-87.63924524
1810 N CLARK ST,"1810 N CLARK ST Chicago, IL.",41.91527504,-87.63423179
1754 N CLARK ST,"1754 N CLARK ST Chicago, IL.",41.9143891,-87.63368544
1444 W 18TH ST,"1444 W 18TH ST Chicago, IL.",41.85790176,-87.6631248
1417 W ROOSEVELT RD,"1417 W ROOSEVELT RD Chicago, IL.",41.86685433,-87.66201698
1159 W ROOSEVELT RD,"1159 W ROOSEVELT RD Chicago, IL.",41.86695189,-87.65593271
1935 N CLARK ST,"1935 N CLARK ST Chicago, IL.",41.91629901,-87.6346889
2257 N CLARK ST,"2257 N CLARK ST Chicago, IL.",41.92249553,-87.6388882
2345 N CLARK ST,"2345 N CLARK ST Chicago, IL.",41.92497158,-87.64000474
2429 N CLARK ST,"2429 N CLARK ST Chicago, IL.",41.92633824,-87.64085749
2439 N CLARK ST,"2439 N CLARK ST Chicago, IL.",41.92658249,-87.64100259
2515 N CLARK ST,"2515 N CLARK ST Chicago, IL.",41.92819829,-87.64194855
2725 N CLARK ST,"2725 N CLARK ST Chicago, IL.",41.93196386,-87.64455893
2727 N CLARK ST,"2727 N CLARK ST Chicago, IL.",41.93198434,-87.64457132
423 S DESPLAINES ST,"423 S DESPLAINES ST Chicago, IL.",41.87650906,-87.6438778
2731 N CLARK ST,"2731 N CLARK ST Chicago, IL.",41.9320253,-87.64459611
617 W DIVERSEY PKWY,"617 W DIVERSEY PKWY Chicago, IL.",41.93275851,-87.6443127
607 W DIVERSEY PKWY,"607 W DIVERSEY PKWY Chicago, IL.",41.93276184,-87.64390472
433 W DIVERSEY PKWY,"433 W DIVERSEY PKWY Chicago, IL.",41.93284805,-87.64000917
427 W DIVERSEY PKWY,"427 W DIVERSEY PKWY Chicago, IL.",41.93285018,-87.6398951
424 W DIVERSEY PKWY,"424 W DIVERSEY PKWY Chicago, IL.",41.93295505,-87.64042087
512 W DIVERSEY PKWY,"512 W DIVERSEY PKWY Chicago, IL.",41.93291409,-87.64200978
514 W DIVERSEY PKWY,"514 W DIVERSEY PKWY Chicago, IL.",41.93291297,-87.64206094
516 W DIVERSEY PKWY,"516 W DIVERSEY PKWY Chicago, IL.",41.93291185,-87.64211209
538 W DIVERSEY PKWY,"538 W DIVERSEY PKWY Chicago, IL.",41.93289936,-87.64281887
600 W DIVERSEY PKWY,"600 W DIVERSEY PKWY Chicago, IL.",41.93287504,-87.64420608
1032 N DEARBORN ST,"1032 N DEARBORN ST Chicago, IL.",41.90101408,-87.62997763
664 S JEFFERSON ST,"664 S JEFFERSON ST Chicago, IL.",41.8738754,-87.64248488
400 S JEFFERSON ST,"400 S JEFFERSON ST Chicago, IL.",41.8766728,-87.64257375
2463 N LINCOLN AVE,"2463 N LINCOLN AVE Chicago, IL.",41.92682099,-87.65057019
2735 N LINCOLN AVE,"2735 N LINCOLN AVE Chicago, IL.",41.93144215,-87.65703547
2761 N LINCOLN AVE,"2761 N LINCOLN AVE Chicago, IL.",41.93189605,-87.65767245
2817 N LINCOLN AVE,"2817 N LINCOLN AVE Chicago, IL.",41.9329157,-87.65910436
2825 N LINCOLN AVE,"2825 N LINCOLN AVE Chicago, IL.",41.93305566,-87.65929442
2915 N LINCOLN AVE,"2915 N LINCOLN AVE Chicago, IL.",41.93470862,-87.66160826
2921 N LINCOLN AVE,"2921 N LINCOLN AVE Chicago, IL.",41.93483211,-87.66178118
25 N JEFFERSON ST,"25 N JEFFERSON ST Chicago, IL.",41.88219297,-87.64259477
3029 N LINCOLN AVE,"3029 N LINCOLN AVE Chicago, IL.",41.93667719,-87.66437443
1445 W BELMONT AVE,"1445 W BELMONT AVE Chicago, IL.",41.93969286,-87.66503164
1443 W BELMONT AVE,"1443 W BELMONT AVE Chicago, IL.",41.93969344,-87.66498978
1216 W BELMONT AVE,"1216 W BELMONT AVE Chicago, IL.",41.93988443,-87.65960699
1143 W BELMONT AVE,"1143 W BELMONT AVE Chicago, IL.",41.93979984,-87.65796293
1141 W BELMONT AVE,"1141 W BELMONT AVE Chicago, IL.",41.93979984,-87.65792976
1120 W BELMONT AVE,"1120 W BELMONT AVE Chicago, IL.",41.93991482,-87.65749548
232 W 26TH ST,"232 W 26TH ST Chicago, IL.",41.84556745,-87.6332056
925 W BELMONT AVE,"925 W BELMONT AVE Chicago, IL.",41.9398797,-87.65250281
923 W BELMONT AVE,"923 W BELMONT AVE Chicago, IL.",41.93988114,-87.6524267
241 W 26TH ST,"241 W 26TH ST Chicago, IL.",41.84545286,-87.63324267
216 N JEFFERSON ST,"216 N JEFFERSON ST Chicago, IL.",41.88592247,-87.64285406
813 W BELMONT AVE,"813 W BELMONT AVE Chicago, IL.",41.93990451,-87.65085062
63 W 26TH ST,"63 W 26TH ST Chicago, IL.",41.84551867,-87.62767252
1316 W BELMONT AVE,"1316 W BELMONT AVE Chicago, IL.",41.93984954,-87.66202226
1338 W BELMONT AVE,"1338 W BELMONT AVE Chicago, IL.",41.93983919,-87.66277259
1342 W BELMONT AVE,"1342 W BELMONT AVE Chicago, IL.",41.93983731,-87.66290901
3152 N LINCOLN AVE,"3152 N LINCOLN AVE Chicago, IL.",41.93879782,-87.66755769
3146 N LINCOLN AVE,"3146 N LINCOLN AVE Chicago, IL.",41.93869307,-87.66741151
3118 N LINCOLN AVE,"3118 N LINCOLN AVE Chicago, IL.",41.93820401,-87.66672896
1212 S HALSTED ST,"1212 S HALSTED ST Chicago, IL.",41.86695403,-87.64699242
3050 N LINCOLN AVE,"3050 N LINCOLN AVE Chicago, IL.",41.9369771,-87.66501479
583 W FULTON ST,"583 W FULTON ST Chicago, IL.",41.88675385,-87.64189163
2878 N LINCOLN AVE,"2878 N LINCOLN AVE Chicago, IL.",41.93391039,-87.66071381
2820 N LINCOLN AVE,"2820 N LINCOLN AVE Chicago, IL.",41.93290379,-87.65930835
2816 N LINCOLN AVE,"2816 N LINCOLN AVE Chicago, IL.",41.93283275,-87.65921063
2812 N LINCOLN AVE,"2812 N LINCOLN AVE Chicago, IL.",41.93276361,-87.65911313
2780 N LINCOLN AVE,"2780 N LINCOLN AVE Chicago, IL.",41.9321625,-87.65826904
2734 N LINCOLN AVE,"2734 N LINCOLN AVE Chicago, IL.",41.9313594,-87.65714202
344 W KINZIE ST,"344 W KINZIE ST Chicago, IL.",41.88918633,-87.63748106
2572 N LINCOLN AVE,"2572 N LINCOLN AVE Chicago, IL.",41.92860966,-87.65327885
2548 N LINCOLN AVE,"2548 N LINCOLN AVE Chicago, IL.",41.92829845,-87.6528494
2522 N LINCOLN AVE,"2522 N LINCOLN AVE Chicago, IL.",41.92769378,-87.65201966
2482 N LINCOLN AVE,"2482 N LINCOLN AVE Chicago, IL.",41.9269664,-87.65099897
2464 N LINCOLN AVE,"2464 N LINCOLN AVE Chicago, IL.",41.92676082,-87.65070863
2342 N LINCOLN AVE,"2342 N LINCOLN AVE Chicago, IL.",41.92439695,-87.64740713
2274 N LINCOLN AVE,"2274 N LINCOLN AVE Chicago, IL.",41.92321885,-87.64575584
2228 N LINCOLN AVE,"2228 N LINCOLN AVE Chicago, IL.",41.92250778,-87.64476951
319 E CHICAGO AVE,"319 E CHICAGO AVE Chicago, IL.",41.89673823,-87.62000776
331 E CHICAGO AVE,"331 E CHICAGO AVE Chicago, IL.",41.89674092,-87.61981536
333 E CHICAGO AVE,"333 E CHICAGO AVE Chicago, IL.",41.89674137,-87.6197833
351 E CHICAGO AVE,"351 E CHICAGO AVE Chicago, IL.",41.89674429,-87.61949461
326 E HURON ST,"326 E HURON ST Chicago, IL.",41.89508686,-87.61913447
324 E HURON ST,"324 E HURON ST Chicago, IL.",41.89508678,-87.61914057
1024 S CANAL ST,"1024 S CANAL ST Chicago, IL.",41.86940777,-87.63934078
312 E HURON ST,"312 E HURON ST Chicago, IL.",41.8950842,-87.61932535
449 W TAYLOR ST,"449 W TAYLOR ST Chicago, IL.",41.8690502,-87.7289284
144 W JACKSON BLVD,"144 W JACKSON BLVD Chicago, IL.",41.87817958,-87.63318917
142 W JACKSON BLVD,"142 W JACKSON BLVD Chicago, IL.",41.87817983,-87.63317201
13 W HURON ST,"13 W HURON ST Chicago, IL.",41.89481285,-87.62872723
154 W HUBBARD ST,"154 W HUBBARD ST Chicago, IL.",41.89005317,-87.63298909
1232 S WABASH AVE,"1232 S WABASH AVE Chicago, IL.",41.8679431,-87.62590985
1234 S WABASH AVE,"1234 S WABASH AVE Chicago, IL.",41.86793128,-87.62590952
1406 S WABASH AVE,"1406 S WABASH AVE Chicago, IL.",41.86391695,-87.62582397
1600 S WABASH AVE,"1600 S WABASH AVE Chicago, IL.",41.86014904,-87.62573957
1920 S WABASH AVE,"1920 S WABASH AVE Chicago, IL.",41.85641851,-87.62565613
1355 W TAYLOR ST,"1355 W TAYLOR ST Chicago, IL.",41.869296,-87.66076559
2139 S HALSTED ST,"2139 S HALSTED ST Chicago, IL.",41.85300291,-87.64642923
1823 S WABASH AVE,"1823 S WABASH AVE Chicago, IL.",41.85754839,-87.62552697
1922 S HALSTED ST,"1922 S HALSTED ST Chicago, IL.",41.85624624,-87.64667174
1400 W TAYLOR ST,"1400 W TAYLOR ST Chicago, IL.",41.86939658,-87.66172184
1244 W 18TH ST,"1244 W 18TH ST Chicago, IL.",41.85798236,-87.6581346
1456 W 18TH ST,"1456 W 18TH ST Chicago, IL.",41.85789745,-87.66339053
1423 W LAKE ST,"1423 W LAKE ST Chicago, IL.",41.88534085,-87.66318142
1382 W LAKE ST,"1382 W LAKE ST Chicago, IL.",41.88548685,-87.66184858
1247 W LAKE ST,"1247 W LAKE ST Chicago, IL.",41.88543171,-87.65776985
886 W ROOSEVELT RD,"886 W ROOSEVELT RD Chicago, IL.",41.86717676,-87.64874438
892 W ROOSEVELT RD,"892 W ROOSEVELT RD Chicago, IL.",41.86717645,-87.6488608
962 W ROOSEVELT RD,"962 W ROOSEVELT RD Chicago, IL.",41.86715734,-87.65025607
966 W ROOSEVELT RD,"966 W ROOSEVELT RD Chicago, IL.",41.86715624,-87.65033574
85 W LAKE ST,"85 W LAKE ST Chicago, IL.",41.88569185,-87.62922035
1429 W 18TH ST,"1429 W 18TH ST Chicago, IL.",41.85780086,-87.66261732
1267 W 18TH ST,"1267 W 18TH ST Chicago, IL.",41.85785652,-87.65854373
1213 W 18TH ST,"1213 W 18TH ST Chicago, IL.",41.8578842,-87.6569578
174 N WABASH AVE,"174 N WABASH AVE Chicago, IL.",41.88528444,-87.62633969
122 N WABASH AVE,"122 N WABASH AVE Chicago, IL.",41.88472625,-87.62632815
36 N WABASH AVE,"36 N WABASH AVE Chicago, IL.",41.88291805,-87.62631047
59 E 18TH ST,"59 E 18TH ST Chicago, IL.",41.85780085,-87.62535451
1894 N HALSTED ST,"1894 N HALSTED ST Chicago, IL.",41.91589287,-87.64849883
606 S WABASH AVE,"606 S WABASH AVE Chicago, IL.",41.87417796,-87.62606593
1414 W 18TH ST,"1414 W 18TH ST Chicago, IL.",41.85791982,-87.66208019
1416 W 18TH ST,"1416 W 18TH ST Chicago, IL.",41.85791836,-87.66214759
1436 W 18TH ST,"1436 W 18TH ST Chicago, IL.",41.85790645,-87.6628877
1438 W 18TH ST,"1438 W 18TH ST Chicago, IL.",41.85790645,-87.66294618
1510 W 18TH ST,"1510 W 18TH ST Chicago, IL.",41.85788845,-87.66421168
1705 S ASHLAND AVE,"1705 S ASHLAND AVE Chicago, IL.",41.8586165,-87.66609609
63 W KINZIE ST,"63 W KINZIE ST Chicago, IL.",41.88916243,-87.63021605
1020 S WABASH AVE,"1020 S WABASH AVE Chicago, IL.",41.8695093,-87.62595669
1032 W TAYLOR ST,"1032 W TAYLOR ST Chicago, IL.",41.86954344,-87.65266752
1044 W TAYLOR ST,"1044 W TAYLOR ST Chicago, IL.",41.8695356,-87.65297762
1513 W FULLERTON AVE,"1513 W FULLERTON AVE Chicago, IL.",41.92511729,-87.66629994
1511 W FULLERTON AVE,"1511 W FULLERTON AVE Chicago, IL.",41.92511822,-87.66622382
1507 W FULLERTON AVE,"1507 W FULLERTON AVE Chicago, IL.",41.92512009,-87.66607157
1218 W TAYLOR ST,"1218 W TAYLOR ST Chicago, IL.",41.8694574,-87.65757452
1248 W FULLERTON AVE,"1248 W FULLERTON AVE Chicago, IL.",41.92533108,-87.65977575
1145 W FULLERTON AVE,"1145 W FULLERTON AVE Chicago, IL.",41.92524684,-87.65752968
1125 W FULLERTON AVE,"1125 W FULLERTON AVE Chicago, IL.",41.92524883,-87.65743324
1117 W FULLERTON AVE,"1117 W FULLERTON AVE Chicago, IL.",41.92525022,-87.65739624
1440 W TAYLOR ST,"1440 W TAYLOR ST Chicago, IL.",41.86937269,-87.66311279
1091 W FULLERTON AVE,"1091 W FULLERTON AVE Chicago, IL.",41.92529184,-87.65582491
1021 W FULLERTON AVE,"1021 W FULLERTON AVE Chicago, IL.",41.92530254,-87.65444027
2413 N HALSTED ST,"2413 N HALSTED ST Chicago, IL.",41.92654133,-87.64872315
426 W DIVERSEY PKWY,"426 W DIVERSEY PKWY Chicago, IL.",41.93295351,-87.64050556
428 W DIVERSEY PKWY,"428 W DIVERSEY PKWY Chicago, IL.",41.93295197,-87.64059025
432 W DIVERSEY PKWY,"432 W DIVERSEY PKWY Chicago, IL.",41.93294889,-87.64075963
438 W DIVERSEY PKWY,"438 W DIVERSEY PKWY Chicago, IL.",41.93294427,-87.64101369
3340 N HALSTED ST,"3340 N HALSTED ST Chicago, IL.",41.94284083,-87.64943655
2314 N SHEFFIELD AVE,"2314 N SHEFFIELD AVE Chicago, IL.",41.92385778,-87.65363475
2306 N SHEFFIELD AVE,"2306 N SHEFFIELD AVE Chicago, IL.",41.92371868,-87.65363127
2250 N SHEFFIELD AVE,"2250 N SHEFFIELD AVE Chicago, IL.",41.9226519,-87.65359825
2236 N SHEFFIELD AVE,"2236 N SHEFFIELD AVE Chicago, IL.",41.9225307,-87.65359429
2234 N SHEFFIELD AVE,"2234 N SHEFFIELD AVE Chicago, IL.",41.92251338,-87.65359372
12 W VAN BUREN ST,"12 W VAN BUREN ST Chicago, IL.",41.87695044,-87.62989056
110 S DEARBORN ST,"110 S DEARBORN ST Chicago, IL.",41.87996685,-87.62943572
684 N NOBLE ST,"684 N NOBLE ST Chicago, IL.",41.89416534,-87.66242687
1228 W HUBBARD ST,"1228 W HUBBARD ST Chicago, IL.",41.89003209,-87.65855591
2416 N HALSTED ST,"2416 N HALSTED ST Chicago, IL.",41.92661919,-87.64887981
1954 N HALSTED ST,"1954 N HALSTED ST Chicago, IL.",41.91717577,-87.64854079
1162 N MILWAUKEE AVE,"1162 N MILWAUKEE AVE Chicago, IL.",41.90281283,-87.66574629
1741 N CLARK ST,"1741 N CLARK ST Chicago, IL.",41.91451027,-87.63359056
1583 W TAYLOR ST,"1583 W TAYLOR ST Chicago, IL.",41.86922185,-87.6655335
1577 W TAYLOR ST,"1577 W TAYLOR ST Chicago, IL.",41.86922185,-87.66550658
1571 W TAYLOR ST,"1571 W TAYLOR ST Chicago, IL.",41.86922185,-87.66547965
1012 S LOOMIS ST,"1012 S LOOMIS ST Chicago, IL.",41.86887266,-87.66170316
1431 W TAYLOR ST,"1431 W TAYLOR ST Chicago, IL.",41.86926403,-87.66295169
1448 W TAYLOR ST,"1448 W TAYLOR ST Chicago, IL.",41.86937101,-87.66323296
1005 N HALSTED ST,"1005 N HALSTED ST Chicago, IL.",41.90081131,-87.64787464
2411 N LINCOLN AVE,"2411 N LINCOLN AVE Chicago, IL.",41.92574053,-87.649063
2523 N LINCOLN AVE,"2523 N LINCOLN AVE Chicago, IL.",41.92771342,-87.65182424
1321 N HALSTED ST,"1321 N HALSTED ST Chicago, IL.",41.90539503,-87.64805248
2829 N LINCOLN AVE,"2829 N LINCOLN AVE Chicago, IL.",41.93312661,-87.65938955
2849 N LINCOLN AVE,"2849 N LINCOLN AVE Chicago, IL.",41.93347621,-87.65987494
421 W NORTH AVE,"421 W NORTH AVE Chicago, IL.",41.91097662,-87.63954814
3109 N LINCOLN AVE,"3109 N LINCOLN AVE Chicago, IL.",41.93811359,-87.66637769
3111 N LINCOLN AVE,"3111 N LINCOLN AVE Chicago, IL.",41.93814828,-87.6664267
159 W NORTH AVE,"159 W NORTH AVE Chicago, IL.",41.91110785,-87.63282049
61 W OAK ST,"61 W OAK ST Chicago, IL.",41.90051003,-87.63041535
55 W OAK ST,"55 W OAK ST Chicago, IL.",41.90051281,-87.63028
988 N DEARBORN ST,"988 N DEARBORN ST Chicago, IL.",41.89967659,-87.62993062
885 N CLARK ST,"885 N CLARK ST Chicago, IL.",41.89774138,-87.63119509
2629 N HALSTED ST,"2629 N HALSTED ST Chicago, IL.",41.92981465,-87.6488371
3256 N ASHLAND AVE,"3256 N ASHLAND AVE Chicago, IL.",41.94111909,-87.66877597
2210 N CLYBOURN AVE,"2210 N CLYBOURN AVE Chicago, IL.",41.92184009,-87.66482341
360 E CHICAGO AVE,"360 E CHICAGO AVE Chicago, IL.",41.89660585,-87.63750976
356 E CHICAGO AVE,"356 E CHICAGO AVE Chicago, IL.",41.89660644,-87.63740408
1856 N CLYBOURN AVE,"1856 N CLYBOURN AVE Chicago, IL.",41.91481255,-87.6550661
1854 N CLYBOURN AVE,"1854 N CLYBOURN AVE Chicago, IL.",41.91477265,-87.65501024
1842 N CLYBOURN AVE,"1842 N CLYBOURN AVE Chicago, IL.",41.91453266,-87.65467632
1818 N CLYBOURN AVE,"1818 N CLYBOURN AVE Chicago, IL.",41.91405215,-87.65400836
2440 N HALSTED ST,"2440 N HALSTED ST Chicago, IL.",41.92694179,-87.64889079
739 N STATE ST,"739 N STATE ST Chicago, IL.",41.8958818,-87.6281024
214 W KINZIE ST,"214 W KINZIE ST Chicago, IL.",41.88921692,-87.63436084
226 W KINZIE ST,"226 W KINZIE ST Chicago, IL.",41.88921539,-87.63451412
213 W HUBBARD ST,"213 W HUBBARD ST Chicago, IL.",41.88991285,-87.63477681
511 W NORTH AVE,"511 W NORTH AVE Chicago, IL.",41.91097712,-87.64315848
433 N WELLS ST,"433 N WELLS ST Chicago, IL.",41.89025454,-87.63395887
2642 N SOUTHPORT AVE,"2642 N SOUTHPORT AVE Chicago, IL.",41.93012879,-87.66356686
3115 N SOUTHPORT AVE,"3115 N SOUTHPORT AVE Chicago, IL.",41.9383741,-87.66369408
3220 N CLARK ST,"3220 N CLARK ST Chicago, IL.",41.94033329,-87.65107263
458 W DICKENS AVE,"458 W DICKENS AVE Chicago, IL.",41.92017744,-87.64029078
317 W ARMITAGE AVE,"317 W ARMITAGE AVE Chicago, IL.",41.91828984,-87.6374584
820 W BELMONT AVE,"820 W BELMONT AVE Chicago, IL.",41.94002547,-87.65016502
924 W SCHOOL ST,"924 W SCHOOL ST Chicago, IL.",41.94180749,-87.65348129
1148 W BELMONT AVE,"1148 W BELMONT AVE Chicago, IL.",41.93991273,-87.65806501
3052 N LINCOLN AVE,"3052 N LINCOLN AVE Chicago, IL.",41.93701186,-87.66506328
2548 N SOUTHPORT AVE,"2548 N SOUTHPORT AVE Chicago, IL.",41.92820733,-87.6634986
2330 N SOUTHPORT AVE,"2330 N SOUTHPORT AVE Chicago, IL.",41.92411644,-87.66335997
2230 N SOUTHPORT AVE,"2230 N SOUTHPORT AVE Chicago, IL.",41.92219486,-87.66329376
1858 N CLYBOURN AVE,"1858 N CLYBOURN AVE Chicago, IL.",41.91485244,-87.65512195
1692 N CLYBOURN AVE,"1692 N CLYBOURN AVE Chicago, IL.",41.91165545,-87.6506682
1674 N CLYBOURN AVE,"1674 N CLYBOURN AVE Chicago, IL.",41.91150663,-87.65046221
1682 N CLYBOURN AVE,"1682 N CLYBOURN AVE Chicago, IL.",41.91157268,-87.65055439
341 S FINANCIAL PL,"341 S FINANCIAL PL Chicago, IL.",41.87760261,-87.6326392
54 S CLINTON ST,"54 S CLINTON ST Chicago, IL.",41.88150372,-87.64125814
1030 S CANAL ST,"1030 S CANAL ST Chicago, IL.",41.86933537,-87.63933819
1907 S HALSTED ST,"1907 S HALSTED ST Chicago, IL.",41.85649098,-87.64652711
1170 W 18TH ST,"1170 W 18TH ST Chicago, IL.",41.85802474,-87.65557572
869 W ROOSEVELT RD,"869 W ROOSEVELT RD Chicago, IL.",41.86706185,-87.64891178
806 N WELLS ST,"806 N WELLS ST Chicago, IL.",41.89669393,-87.63428451
64 S CLINTON ST,"64 S CLINTON ST Chicago, IL.",41.88144627,-87.64125619
76 S CLINTON ST,"76 S CLINTON ST Chicago, IL.",41.88137734,-87.64125384
1108 W TAYLOR ST,"1108 W TAYLOR ST Chicago, IL.",41.86950744,-87.65464808
1422 W TAYLOR ST,"1422 W TAYLOR ST Chicago, IL.",41.86938219,-87.66257077
1442 W TAYLOR ST,"1442 W TAYLOR ST Chicago, IL.",41.86937216,-87.66314087
2217 N LINCOLN AVE,"2217 N LINCOLN AVE Chicago, IL.",41.9223412,-87.64431072
2233 N LINCOLN AVE,"2233 N LINCOLN AVE Chicago, IL.",41.92267948,-87.64478636
2249 N LINCOLN AVE,"2249 N LINCOLN AVE Chicago, IL.",41.92292013,-87.64512016
949 W LAKE ST,"949 W LAKE ST Chicago, IL.",41.88553642,-87.65139774
111 W ILLINOIS ST,"111 W ILLINOIS ST Chicago, IL.",41.89075972,-87.63138743
1114 N CLARK ST,"1114 N CLARK ST Chicago, IL.",41.90218259,-87.63147561
1252 N WELLS ST,"1252 N WELLS ST Chicago, IL.",41.9051747,-87.63460317
1000 W BELMONT AVE,"1000 W BELMONT AVE Chicago, IL.",41.93996843,-87.65418526
1321 N WELLS ST,"1321 N WELLS ST Chicago, IL.",41.90631833,-87.63448512
128 E GRAND AVE,"128 E GRAND AVE Chicago, IL.",41.89179144,-87.62365232
2668 N HALSTED ST,"2668 N HALSTED ST Chicago, IL.",41.93077156,-87.64902327
2666 N HALSTED ST,"2666 N HALSTED ST Chicago, IL.",41.93072357,-87.64902166
348 N CLINTON ST,"348 N CLINTON ST Chicago, IL.",41.88741079,-87.64142742
1010 W LAKE ST,"1010 W LAKE ST Chicago, IL.",41.8856328,-87.65258123
1411 W TAYLOR ST,"1411 W TAYLOR ST Chicago, IL.",41.86927324,-87.66210375
1401 W TAYLOR ST,"1401 W TAYLOR ST Chicago, IL.",41.86928213,-87.66171434
2701 N HALSTED ST,"2701 N HALSTED ST Chicago, IL.",41.93160905,-87.64889446
1070 W TAYLOR ST,"1070 W TAYLOR ST Chicago, IL.",41.86952229,-87.65362149
1072 W TAYLOR ST,"1072 W TAYLOR ST Chicago, IL.",41.86952174,-87.65365923
835 S LOOMIS ST,"835 S LOOMIS ST Chicago, IL.",41.87122905,-87.66162207
2362 N LINCOLN AVE,"2362 N LINCOLN AVE Chicago, IL.",41.92474625,-87.64788977
105 W KINZIE ST,"105 W KINZIE ST Chicago, IL.",41.88914781,-87.63137515
1956 N HALSTED ST,"1956 N HALSTED ST Chicago, IL.",41.91721849,-87.64854354
1846 N HALSTED ST,"1846 N HALSTED ST Chicago, IL.",41.91486839,-87.64845936
1310 N HALSTED ST,"1310 N HALSTED ST Chicago, IL.",41.90525225,-87.64820266
180 W RANDOLPH ST,"180 W RANDOLPH ST Chicago, IL.",41.88452844,-87.63336588
306 W VAN BUREN ST,"306 W VAN BUREN ST Chicago, IL.",41.87687975,-87.63542451
2338 N CLARK ST,"2338 N CLARK ST Chicago, IL.",41.92478701,-87.64006245
2348 N CLARK ST,"2348 N CLARK ST Chicago, IL.",41.9250611,-87.64022944
2356 N CLARK ST,"2356 N CLARK ST Chicago, IL.",41.92513232,-87.64027522
955 W RANDOLPH ST,"955 W RANDOLPH ST Chicago, IL.",41.88428179,-87.65140795
953 W RANDOLPH ST,"953 W RANDOLPH ST Chicago, IL.",41.88428251,-87.65137986
945 W RANDOLPH ST,"945 W RANDOLPH ST Chicago, IL.",41.88428541,-87.65126748
941 W RANDOLPH ST,"941 W RANDOLPH ST Chicago, IL.",41.88428686,-87.65121129
937 W RANDOLPH ST,"937 W RANDOLPH ST Chicago, IL.",41.88428785,-87.65115776
2660 N LINCOLN AVE,"2660 N LINCOLN AVE Chicago, IL.",41.93019113,-87.65551428
3051 N SOUTHPORT AVE,"3051 N SOUTHPORT AVE Chicago, IL.",41.93728751,-87.66366127
3940 N SOUTHPORT AVE,"3940 N SOUTHPORT AVE Chicago, IL.",41.95328412,-87.6642673
581 W FULTON ST,"581 W FULTON ST Chicago, IL.",41.88675385,-87.64187998
573 W FULTON ST,"573 W FULTON ST Chicago, IL.",41.88675385,-87.64183341
509 W FULTON ST,"509 W FULTON ST Chicago, IL.",41.88675385,-87.64146079
218 W HURON ST,"218 W HURON ST Chicago, IL.",41.89484081,-87.63484241
317 W HURON ST,"317 W HURON ST Chicago, IL.",41.89470312,-87.63661044
242 W 26TH ST,"242 W 26TH ST Chicago, IL.",41.84556162,-87.6335205
827 N DEARBORN ST,"827 N DEARBORN ST Chicago, IL.",41.8974697,-87.62972067
56 W CHESTNUT ST,"56 W CHESTNUT ST Chicago, IL.",41.89805725,-87.62911802
1392 S HALSTED ST,"1392 S HALSTED ST Chicago, IL.",41.86394764,-87.64690163
1392 N CLARK ST,"1392 N CLARK ST Chicago, IL.",41.90699621,-87.63162193
1324 N CLARK ST,"1324 N CLARK ST Chicago, IL.",41.90688051,-87.63161853
1026 N DEARBORN ST,"1026 N DEARBORN ST Chicago, IL.",41.90094174,-87.62997573
77 W WALTON ST,"77 W WALTON ST Chicago, IL.",41.89973763,-87.63075209
1803 W 18TH ST,"1803 W 18TH ST Chicago, IL.",41.85763702,-87.67365086
1209 W 18TH ST,"1209 W 18TH ST Chicago, IL.",41.85788871,-87.65680652
1144 W 18TH ST,"1144 W 18TH ST Chicago, IL.",41.85803245,-87.65515878
1540 W 18TH ST,"1540 W 18TH ST Chicago, IL.",41.85787203,-87.66532102
2231 N CLYBOURN AVE,"2231 N CLYBOURN AVE Chicago, IL.",41.92214287,-87.66502422
2265 N CLYBOURN AVE,"2265 N CLYBOURN AVE Chicago, IL.",41.92295638,-87.6661578
873 W ROOSEVELT RD,"873 W ROOSEVELT RD Chicago, IL.",41.86706185,-87.64897518
215 N CLINTON ST,"215 N CLINTON ST Chicago, IL.",41.8858954,-87.64123328
2718 N SOUTHPORT AVE,"2718 N SOUTHPORT AVE Chicago, IL.",41.93099562,-87.66359356
165 N CLINTON ST,"165 N CLINTON ST Chicago, IL.",41.88491803,-87.64120774
691 S CLINTON ST,"691 S CLINTON ST Chicago, IL.",41.87340852,-87.64084569
698 S JEFFERSON ST,"698 S JEFFERSON ST Chicago, IL.",41.87364191,-87.64247826
662 S JEFFERSON ST,"662 S JEFFERSON ST Chicago, IL.",41.87388913,-87.64248527
1218 W BELMONT AVE,"1218 W BELMONT AVE Chicago, IL.",41.93988345,-87.65967703
546 W CONGRESS PKWY,"546 W CONGRESS PKWY Chicago, IL.",41.87544659,-87.64009224
3906 N BROADWAY ST,"3906 N BROADWAY ST Chicago, IL.",41.95296871,-87.64973926
646 S CLARK ST,"646 S CLARK ST Chicago, IL.",41.87360271,-87.63072512
3636 N HALSTED ST,"3636 N HALSTED ST Chicago, IL.",41.94764006,-87.64957183
3546 N HALSTED ST,"3546 N HALSTED ST Chicago, IL.",41.94662441,-87.64954327
2676 N HALSTED ST,"2676 N HALSTED ST Chicago, IL.",41.93096351,-87.6490297
2336 N LINCOLN AVE,"2336 N LINCOLN AVE Chicago, IL.",41.92429462,-87.64725814
2272 N LINCOLN AVE,"2272 N LINCOLN AVE Chicago, IL.",41.92318793,-87.64571296
2220 N LINCOLN AVE,"2220 N LINCOLN AVE Chicago, IL.",41.92231205,-87.64449353
1149 W TAYLOR ST,"1149 W TAYLOR ST Chicago, IL.",41.86937485,-87.65558254
259 S COLUMBUS DR,"259 S COLUMBUS DR Chicago, IL.",41.87967815,-87.62067287
253 S COLUMBUS DR,"253 S COLUMBUS DR Chicago, IL.",41.87972133,-87.62067379
249 S COLUMBUS DR,"249 S COLUMBUS DR Chicago, IL.",41.87975011,-87.62067439
221 S COLUMBUS DR,"221 S COLUMBUS DR Chicago, IL.",41.87995159,-87.62067865
926 W HARRISON ST,"926 W HARRISON ST Chicago, IL.",41.87439724,-87.65051851
218 S COLUMBUS DR,"218 S COLUMBUS DR Chicago, IL.",41.87900241,-87.62080555
232 S COLUMBUS DR,"232 S COLUMBUS DR Chicago, IL.",41.87889483,-87.62080176
260 S COLUMBUS DR,"260 S COLUMBUS DR Chicago, IL.",41.87868008,-87.62079579
1210 W HARRISON ST,"1210 W HARRISON ST Chicago, IL.",41.87427232,-87.65724581
958 W ROOSEVELT RD,"958 W ROOSEVELT RD Chicago, IL.",41.86715845,-87.65017498
968 W ROOSEVELT RD,"968 W ROOSEVELT RD Chicago, IL.",41.86715569,-87.65037557
415 W CHICAGO AVE,"415 W CHICAGO AVE Chicago, IL.",41.89646759,-87.63942108
181 W CHICAGO AVE,"181 W CHICAGO AVE Chicago, IL.",41.89654436,-87.63396634
175 W CHICAGO AVE,"175 W CHICAGO AVE Chicago, IL.",41.89654585,-87.63391688
85 W CHICAGO AVE,"85 W CHICAGO AVE Chicago, IL.",41.89658185,-87.63099788
9 W CHICAGO AVE,"9 W CHICAGO AVE Chicago, IL.",41.89661603,-87.6286067
115 W CHICAGO AVE,"115 W CHICAGO AVE Chicago, IL.",41.89655937,-87.63222715
218 W CHICAGO AVE,"218 W CHICAGO AVE Chicago, IL.",41.89664244,-87.63514768
3441 N SOUTHPORT AVE,"3441 N SOUTHPORT AVE Chicago, IL.",41.9445606,-87.66386983
221 W CHICAGO AVE,"221 W CHICAGO AVE Chicago, IL.",41.89652785,-87.6349467
3821 N SOUTHPORT AVE,"3821 N SOUTHPORT AVE Chicago, IL.",41.95145835,-87.66406241
3952 N SOUTHPORT AVE,"3952 N SOUTHPORT AVE Chicago, IL.",41.95349379,-87.6642734
3652 N SOUTHPORT AVE,"3652 N SOUTHPORT AVE Chicago, IL.",41.94815792,-87.66412303
3634 N SOUTHPORT AVE,"3634 N SOUTHPORT AVE Chicago, IL.",41.94789319,-87.66411453
114 E CHICAGO AVE,"114 E CHICAGO AVE Chicago, IL.",41.89676844,-87.62535669
3448 N SOUTHPORT AVE,"3448 N SOUTHPORT AVE Chicago, IL.",41.94459632,-87.66402511
3446 N SOUTHPORT AVE,"3446 N SOUTHPORT AVE Chicago, IL.",41.94457296,-87.66402435
226 W CHICAGO AVE,"226 W CHICAGO AVE Chicago, IL.",41.89664244,-87.63527855
2724 N LINCOLN AVE,"2724 N LINCOLN AVE Chicago, IL.",41.93118482,-87.65689703
1718 N WELLS ST,"1718 N WELLS ST Chicago, IL.",41.91345023,-87.63485692
423 E ILLINOIS ST,"423 E ILLINOIS ST Chicago, IL.",41.89100372,-87.61706333
1977 N CLARK ST,"1977 N CLARK ST Chicago, IL.",41.91762652,-87.63550837
2317 N CLARK ST,"2317 N CLARK ST Chicago, IL.",41.92442905,-87.6396786
351 W KINZIE ST,"351 W KINZIE ST Chicago, IL.",41.88907195,-87.63745467
2831 N CLARK ST,"2831 N CLARK ST Chicago, IL.",41.93383417,-87.64562952
2839 N CLARK ST,"2839 N CLARK ST Chicago, IL.",41.93398441,-87.64575146
2843 N CLARK ST,"2843 N CLARK ST Chicago, IL.",41.93405953,-87.64581242
3011 N CLARK ST,"3011 N CLARK ST Chicago, IL.",41.93664094,-87.64790398
3231 N CLARK ST,"3231 N CLARK ST Chicago, IL.",41.9405661,-87.65108071
3309 N CLARK ST,"3309 N CLARK ST Chicago, IL.",41.94200039,-87.65224287
225 W ILLINOIS ST,"225 W ILLINOIS ST Chicago, IL.",41.89072044,-87.63479132
209 W ILLINOIS ST,"209 W ILLINOIS ST Chicago, IL.",41.89072285,-87.63440551
3507 N CLARK ST,"3507 N CLARK ST Chicago, IL.",41.94593875,-87.65541145
1746 N WELLS ST,"1746 N WELLS ST Chicago, IL.",41.91425644,-87.63488281
3476 N CLARK ST,"3476 N CLARK ST Chicago, IL.",41.9452204,-87.65500638
3344 N CLARK ST,"3344 N CLARK ST Chicago, IL.",41.94276701,-87.65304323
2556 N CLARK ST,"2556 N CLARK ST Chicago, IL.",41.92909458,-87.64264349
2554 N CLARK ST,"2554 N CLARK ST Chicago, IL.",41.92907048,-87.64262949
2550 N CLARK ST,"2550 N CLARK ST Chicago, IL.",41.92902229,-87.64260149
2346 N CLARK ST,"2346 N CLARK ST Chicago, IL.",41.92495844,-87.64016557
1970 N CLARK ST,"1970 N CLARK ST Chicago, IL.",41.91788686,-87.63583909
25 W GRAND AVE,"25 W GRAND AVE Chicago, IL.",41.89159939,-87.62896182
19 W OHIO ST,"19 W OHIO ST Chicago, IL.",41.89239685,-87.62908363
2423 N LINCOLN AVE,"2423 N LINCOLN AVE Chicago, IL.",41.92598641,-87.64941326
2231 N LINCOLN AVE,"2231 N LINCOLN AVE Chicago, IL.",41.9226494,-87.64474463
2243 N LINCOLN AVE,"2243 N LINCOLN AVE Chicago, IL.",41.92282988,-87.64499498
2270 N LINCOLN AVE,"2270 N LINCOLN AVE Chicago, IL.",41.92315702,-87.64567007
2250 N LINCOLN AVE,"2250 N LINCOLN AVE Chicago, IL.",41.92284786,-87.64524124
2851 N LINCOLN AVE,"2851 N LINCOLN AVE Chicago, IL.",41.93351069,-87.65992379
2859 N LINCOLN AVE,"2859 N LINCOLN AVE Chicago, IL.",41.93364864,-87.66011922
3033 N LINCOLN AVE,"3033 N LINCOLN AVE Chicago, IL.",41.93674672,-87.66447142
3053 N LINCOLN AVE,"3053 N LINCOLN AVE Chicago, IL.",41.93709438,-87.66495639
3065 N LINCOLN AVE,"3065 N LINCOLN AVE Chicago, IL.",41.93730297,-87.66524737
2329 N LINCOLN AVE,"2329 N LINCOLN AVE Chicago, IL.",41.92423641,-87.64695746
2431 N LINCOLN AVE,"2431 N LINCOLN AVE Chicago, IL.",41.92618778,-87.64969068
3140 N LINCOLN AVE,"3140 N LINCOLN AVE Chicago, IL.",41.93858833,-87.66726532
2312 N LINCOLN AVE,"2312 N LINCOLN AVE Chicago, IL.",41.92387395,-87.6466788
2722 N LINCOLN AVE,"2722 N LINCOLN AVE Chicago, IL.",41.93114991,-87.65684803
2354 N LINCOLN AVE,"2354 N LINCOLN AVE Chicago, IL.",41.92460641,-87.64769545
332 E HURON ST,"332 E HURON ST Chicago, IL.",41.89508709,-87.61911615
3061 N LINCOLN AVE,"3061 N LINCOLN AVE Chicago, IL.",41.93723344,-87.66515038
1431 W BELMONT AVE,"1431 W BELMONT AVE Chicago, IL.",41.9396969,-87.66473862
1360 W BELMONT AVE,"1360 W BELMONT AVE Chicago, IL.",41.9398329,-87.66336737
1358 W BELMONT AVE,"1358 W BELMONT AVE Chicago, IL.",41.93983327,-87.66334754
1123 W BELMONT AVE,"1123 W BELMONT AVE Chicago, IL.",41.93980203,-87.65741921
1121 W BELMONT AVE,"1121 W BELMONT AVE Chicago, IL.",41.93980327,-87.65736833
392 E HURON ST,"392 E HURON ST Chicago, IL.",41.89508939,-87.61893303
953 W ARMITAGE AVE,"953 W ARMITAGE AVE Chicago, IL.",41.91805366,-87.65286534
851 W ARMITAGE AVE,"851 W ARMITAGE AVE Chicago, IL.",41.91809184,-87.65043634
3021 N SOUTHPORT AVE,"3021 N SOUTHPORT AVE Chicago, IL.",41.93683653,-87.66363849
2937 N SOUTHPORT AVE,"2937 N SOUTHPORT AVE Chicago, IL.",41.93531084,-87.66358227
2822 N SOUTHPORT AVE,"2822 N SOUTHPORT AVE Chicago, IL.",41.93321916,-87.66366296
2231 N SOUTHPORT AVE,"2231 N SOUTHPORT AVE Chicago, IL.",41.9221979,-87.6631398
2324 N SOUTHPORT AVE,"2324 N SOUTHPORT AVE Chicago, IL.",41.92406288,-87.66335809
2338 N SOUTHPORT AVE,"2338 N SOUTHPORT AVE Chicago, IL.",41.92418784,-87.66336247
2501 N SOUTHPORT AVE,"2501 N SOUTHPORT AVE Chicago, IL.",41.92709049,-87.66330717
234 W NORTH AVE,"234 W NORTH AVE Chicago, IL.",41.91125844,-87.63606092
3400 N SOUTHPORT AVE,"3400 N SOUTHPORT AVE Chicago, IL.",41.94347843,-87.66399526
3511 N SOUTHPORT AVE,"3511 N SOUTHPORT AVE Chicago, IL.",41.945578,-87.66389916
3655 N SOUTHPORT AVE,"3655 N SOUTHPORT AVE Chicago, IL.",41.94808222,-87.66396649
2449 N HALSTED ST,"2449 N HALSTED ST Chicago, IL.",41.92702568,-87.64873986
3421 N HALSTED ST,"3421 N HALSTED ST Chicago, IL.",41.94436121,-87.64932031
3521 N HALSTED ST,"3521 N HALSTED ST Chicago, IL.",41.94596379,-87.64936818
308 E SUPERIOR ST,"308 E SUPERIOR ST Chicago, IL.",41.89586254,-87.62007206
402 E SUPERIOR ST,"402 E SUPERIOR ST Chicago, IL.",41.89588117,-87.61896327
3717 N HALSTED ST,"3717 N HALSTED ST Chicago, IL.",41.94976438,-87.64948868
3941 N BROADWAY ST,"3941 N BROADWAY ST Chicago, IL.",41.9538088,-87.64995925
374 E CHICAGO AVE,"374 E CHICAGO AVE Chicago, IL.",41.89660193,-87.63787573
362 E CHICAGO AVE,"362 E CHICAGO AVE Chicago, IL.",41.89660529,-87.63756204
348 E CHICAGO AVE,"348 E CHICAGO AVE Chicago, IL.",41.89660819,-87.63709569
24 W WALTON ST,"24 W WALTON ST Chicago, IL.",41.89997841,-87.62923909
742 N CLARK ST,"742 N CLARK ST Chicago, IL.",41.89586615,-87.63130337
1488 N HALSTED ST,"1488 N HALSTED ST Chicago, IL.",41.90835104,-87.64828555
649 N CLARK ST,"649 N CLARK ST Chicago, IL.",41.89416115,-87.63111193
431 N CLARK ST,"431 N CLARK ST Chicago, IL.",41.89008268,-87.63100649
3420 N HALSTED ST,"3420 N HALSTED ST Chicago, IL.",41.94424583,-87.64947038
305 S DESPLAINES ST,"305 S DESPLAINES ST Chicago, IL.",41.87758544,-87.64391285
630 S WABASH AVE,"630 S WABASH AVE Chicago, IL.",41.87375591,-87.62605536
171 S SANGAMON ST,"171 S SANGAMON ST Chicago, IL.",41.87954951,-87.65071878
823 W MONROE ST,"823 W MONROE ST Chicago, IL.",41.8804196,-87.64837779
821 W MONROE ST,"821 W MONROE ST Chicago, IL.",41.88042015,-87.64834186
817 W MONROE ST,"817 W MONROE ST Chicago, IL.",41.88042126,-87.64827001
815 W MONROE ST,"815 W MONROE ST Chicago, IL.",41.88042181,-87.64823408
1034 W MADISON ST,"1034 W MADISON ST Chicago, IL.",41.88177437,-87.65343299
1100 W MADISON ST,"1100 W MADISON ST Chicago, IL.",41.88167035,-87.65455709
1144 W MADISON ST,"1144 W MADISON ST Chicago, IL.",41.88172575,-87.65604643
1214 W MADISON ST,"1214 W MADISON ST Chicago, IL.",41.88170046,-87.65757279
1300 W MADISON ST,"1300 W MADISON ST Chicago, IL.",41.88166644,-87.6597157
1815 N CLYBOURN AVE,"1815 N CLYBOURN AVE Chicago, IL.",41.91403043,-87.65375661
2189 N CLYBOURN AVE,"2189 N CLYBOURN AVE Chicago, IL.",41.92134863,-87.66392286
1523 W 18TH ST,"1523 W 18TH ST Chicago, IL.",41.85776445,-87.6646538
2226 N CLYBOURN AVE,"2226 N CLYBOURN AVE Chicago, IL.",41.922205,-87.66533313
1337 W 18TH ST,"1337 W 18TH ST Chicago, IL.",41.85783275,-87.66043874
2178 N CLYBOURN AVE,"2178 N CLYBOURN AVE Chicago, IL.",41.92096426,-87.66361076
2170 N CLYBOURN AVE,"2170 N CLYBOURN AVE Chicago, IL.",41.92073888,-87.66329359
1111 W 18TH ST,"1111 W 18TH ST Chicago, IL.",41.85793586,-87.65398879
1008 W 18TH ST,"1008 W 18TH ST Chicago, IL.",41.85806845,-87.652144
1814 N CLYBOURN AVE,"1814 N CLYBOURN AVE Chicago, IL.",41.91397207,-87.65389704
1034 W 18TH ST,"1034 W 18TH ST Chicago, IL.",41.85805945,-87.65291522
1126 W 18TH ST,"1126 W 18TH ST Chicago, IL.",41.85804145,-87.65454573
1152 W 18TH ST,"1152 W 18TH ST Chicago, IL.",41.85802936,-87.65545811
1141 W WASHINGTON BLVD,"1141 W WASHINGTON BLVD Chicago, IL.",41.88293827,-87.65578304
1412 W 18TH ST,"1412 W 18TH ST Chicago, IL.",41.85792129,-87.66201279
1500 W 18TH ST,"1500 W 18TH ST Chicago, IL.",41.85788845,-87.66384217
1680 N CLYBOURN AVE,"1680 N CLYBOURN AVE Chicago, IL.",41.91155587,-87.65053106
1672 N CLYBOURN AVE,"1672 N CLYBOURN AVE Chicago, IL.",41.91149022,-87.65043926
119 N ABERDEEN ST,"119 N ABERDEEN ST Chicago, IL.",41.8845103,-87.65436428
1045 W RANDOLPH ST,"1045 W RANDOLPH ST Chicago, IL.",41.88412666,-87.65379628
1019 W RANDOLPH ST,"1019 W RANDOLPH ST Chicago, IL.",41.88413081,-87.6535279
1007 W RANDOLPH ST,"1007 W RANDOLPH ST Chicago, IL.",41.88413272,-87.65340402
917 W WASHINGTON BLVD,"917 W WASHINGTON BLVD Chicago, IL.",41.88303554,-87.65034756
315 N CLINTON ST,"315 N CLINTON ST Chicago, IL.",41.88723929,-87.64126929
1714 N WELLS ST,"1714 N WELLS ST Chicago, IL.",41.91333688,-87.63485352
901 W MADISON ST,"901 W MADISON ST Chicago, IL.",41.88165985,-87.6509452
815 W MADISON ST,"815 W MADISON ST Chicago, IL.",41.88171687,-87.6477073
171 N HALSTED ST,"171 N HALSTED ST Chicago, IL.",41.88547668,-87.64739144
71 E 26TH ST,"71 E 26TH ST Chicago, IL.",41.84555063,-87.62558746
2313 S MICHIGAN AVE,"2313 S MICHIGAN AVE Chicago, IL.",41.85071899,-87.62367367
2031 S INDIANA AVE,"2031 S INDIANA AVE Chicago, IL.",41.85512898,-87.62211571
2025 S INDIANA AVE,"2025 S INDIANA AVE Chicago, IL.",41.85519404,-87.62211778
2017 S INDIANA AVE,"2017 S INDIANA AVE Chicago, IL.",41.85528316,-87.62211889
2015 S INDIANA AVE,"2015 S INDIANA AVE Chicago, IL.",41.85530544,-87.62211917
1262 S MICHIGAN AVE,"1262 S MICHIGAN AVE Chicago, IL.",41.86639,-87.62411905
1266 S MICHIGAN AVE,"1266 S MICHIGAN AVE Chicago, IL.",41.86632929,-87.62411786
1468 S MICHIGAN AVE,"1468 S MICHIGAN AVE Chicago, IL.",41.86242624,-87.62411654
2319 N CLARK ST,"2319 N CLARK ST Chicago, IL.",41.92453384,-87.63974141
2024 S MICHIGAN AVE,"2024 S MICHIGAN AVE Chicago, IL.",41.8551655,-87.62394763
2118 S MICHIGAN AVE,"2118 S MICHIGAN AVE Chicago, IL.",41.8540016,-87.62392238
2120 S MICHIGAN AVE,"2120 S MICHIGAN AVE Chicago, IL.",41.85397657,-87.62392182
3221 N BROADWAY ST,"3221 N BROADWAY ST Chicago, IL.",41.94071423,-87.64434314
3241 N BROADWAY ST,"3241 N BROADWAY ST Chicago, IL.",41.94135123,-87.64436383
3351 N BROADWAY,"3351 N BROADWAY Chicago, IL.",41.94299057,-87.64453386
3415 N BROADWAY,"3415 N BROADWAY Chicago, IL.",41.94357703,-87.64488722
3463 N BROADWAY,"3463 N BROADWAY Chicago, IL.",41.94491954,-87.64570197
166 E GRAND AVE,"166 E GRAND AVE Chicago, IL.",41.89180676,-87.623161
2115 S STATE ST,"2115 S STATE ST Chicago, IL.",41.85402398,-87.62702857
3646 N BROADWAY ST,"3646 N BROADWAY ST Chicago, IL.",41.94833686,-87.64795061
3344 N BROADWAY,"3344 N BROADWAY Chicago, IL.",41.94338352,-87.64493798
3140 N BROADWAY ST,"3140 N BROADWAY ST Chicago, IL.",41.93893987,-87.64443904
2740 N CLARK ST,"2740 N CLARK ST Chicago, IL.",41.93209089,-87.64478598
2544 N CLARK ST,"2544 N CLARK ST Chicago, IL.",41.92894999,-87.64255949
1236 S WABASH AVE,"1236 S WABASH AVE Chicago, IL.",41.86791947,-87.62590919
1115 W ARMITAGE AVE,"1115 W ARMITAGE AVE Chicago, IL.",41.91800982,-87.65612119
1529 N WELLS ST,"1529 N WELLS ST Chicago, IL.",41.90987127,-87.63459103
439 W HARRISON ST,"439 W HARRISON ST Chicago, IL.",41.87436085,-87.63851085
358 W HARRISON ST,"358 W HARRISON ST Chicago, IL.",41.87449344,-87.63731166
37 W HARRISON ST,"37 W HARRISON ST Chicago, IL.",41.87447144,-87.63005529
1963 N CLARK ST,"1963 N CLARK ST Chicago, IL.",41.91710563,-87.63518592
1983 N CLARK ST,"1983 N CLARK ST Chicago, IL.",41.91784976,-87.63564657
1540 N WELLS ST,"1540 N WELLS ST Chicago, IL.",41.91007011,-87.63475107
1180 N WELLS ST,"1180 N WELLS ST Chicago, IL.",41.90363749,-87.63454643
56 W RANDOLPH ST,"56 W RANDOLPH ST Chicago, IL.",41.88453744,-87.62969947
74 W RANDOLPH ST,"74 W RANDOLPH ST Chicago, IL.",41.88453744,-87.63019525
100 W RANDOLPH ST,"100 W RANDOLPH ST Chicago, IL.",41.88453744,-87.63101021
1262 S CLINTON ST,"1262 S CLINTON ST Chicago, IL.",41.8657843,-87.64075389
2004 S WABASH AVE,"2004 S WABASH AVE Chicago, IL.",41.85536107,-87.62563324
1106 W TAYLOR ST,"1106 W TAYLOR ST Chicago, IL.",41.86950744,-87.65458171
1835 S HALSTED ST,"1835 S HALSTED ST Chicago, IL.",41.857377,-87.64655312
1152 W TAYLOR ST,"1152 W TAYLOR ST Chicago, IL.",41.86948045,-87.65630468
1172 S JEFFERSON ST,"1172 S JEFFERSON ST Chicago, IL.",41.86760495,-87.64227767
1168 S JEFFERSON ST,"1168 S JEFFERSON ST Chicago, IL.",41.86765532,-87.64227956
1074 S JEFFERSON ST,"1074 S JEFFERSON ST Chicago, IL.",41.86931695,-87.64233311
882 W ROOSEVELT RD,"882 W ROOSEVELT RD Chicago, IL.",41.86717913,-87.64866477
222 S JEFFERSON ST,"222 S JEFFERSON ST Chicago, IL.",41.87910161,-87.64265024
208 S JEFFERSON ST,"208 S JEFFERSON ST Chicago, IL.",41.87917663,-87.64265284
954 W JACKSON BLVD,"954 W JACKSON BLVD Chicago, IL.",41.87795844,-87.64989522
222 W JACKSON BLVD,"222 W JACKSON BLVD Chicago, IL.",41.87816544,-87.63456763
564 W JACKSON BLVD,"564 W JACKSON BLVD Chicago, IL.",41.8780777,-87.64171842
188 N WELLS ST,"188 N WELLS ST Chicago, IL.",41.88559232,-87.63400242
3335 N ASHLAND AVE,"3335 N ASHLAND AVE Chicago, IL.",41.94248049,-87.66866215
120 S WABASH AVE,"120 S WABASH AVE Chicago, IL.",41.88073135,-87.62624713
208 S WABASH AVE,"208 S WABASH AVE Chicago, IL.",41.87936737,-87.62619874
218 S WABASH AVE,"218 S WABASH AVE Chicago, IL.",41.8788782,-87.6265926
835 S STATE ST,"835 S STATE ST Chicago, IL.",41.87134534,-87.62736735
823 S STATE ST,"823 S STATE ST Chicago, IL.",41.8714889,-87.62737158
669 S STATE ST,"669 S STATE ST Chicago, IL.",41.87351053,-87.62742377
1500 W TAYLOR ST,"1500 W TAYLOR ST Chicago, IL.",41.86935445,-87.66415268
169 N BEAUBIEN CT,"169 N BEAUBIEN CT Chicago, IL.",41.8851291,-87.6239228
2348 N LINCOLN AVE,"2348 N LINCOLN AVE Chicago, IL.",41.9245029,-87.64755093
428 E GRAND AVE,"428 E GRAND AVE Chicago, IL.",41.89190985,-87.61712316
21 E GRAND AVE,"21 E GRAND AVE Chicago, IL.",41.891633,-87.62639419
423 W GRAND AVE,"423 W GRAND AVE Chicago, IL.",41.89146993,-87.63858261
903 W GRAND AVE,"903 W GRAND AVE Chicago, IL.",41.89108285,-87.65179552
1154 W GRAND AVE,"1154 W GRAND AVE Chicago, IL.",41.89114344,-87.65691628
1204 W GRAND AVE,"1204 W GRAND AVE Chicago, IL.",41.89113444,-87.65761023
1222 W GRAND AVE,"1222 W GRAND AVE Chicago, IL.",41.89113444,-87.65812998
1541 W CHICAGO AVE,"1541 W CHICAGO AVE Chicago, IL.",41.89603164,-87.66611503
809 N OGDEN AVE,"809 N OGDEN AVE Chicago, IL.",41.89799565,-87.65300885
821 N OGDEN AVE,"821 N OGDEN AVE Chicago, IL.",41.89792192,-87.65308374
2418 N LINCOLN AVE,"2418 N LINCOLN AVE Chicago, IL.",41.92609417,-87.64978194
1915 N LINCOLN AVE,"1915 N LINCOLN AVE Chicago, IL.",41.91687219,-87.6366599
1032 S CANAL ST,"1032 S CANAL ST Chicago, IL.",41.86931124,-87.63933733
1738 N WELLS ST,"1738 N WELLS ST Chicago, IL.",41.91404591,-87.63487726
1617 N WELLS ST,"1617 N WELLS ST Chicago, IL.",41.91154842,-87.63464368
3300 N CLARK ST,"3300 N CLARK ST Chicago, IL.",41.94178589,-87.65225154
3230 N CLARK ST,"3230 N CLARK ST Chicago, IL.",41.94050716,-87.65121282
1436 W TAYLOR ST,"1436 W TAYLOR ST Chicago, IL.",41.869375,-87.66305146
2832 N CLARK ST,"2832 N CLARK ST Chicago, IL.",41.93392315,-87.64588167
3150 N CLARK ST,"3150 N CLARK ST Chicago, IL.",41.93922368,-87.65017329
3138 N CLARK ST,"3138 N CLARK ST Chicago, IL.",41.939058,-87.65003808
1113 W LAKE ST,"1113 W LAKE ST Chicago, IL.",41.8854785,-87.65495169
749 W ARMITAGE AVE,"749 W ARMITAGE AVE Chicago, IL.",41.91812784,-87.64798874
717 W ARMITAGE AVE,"717 W ARMITAGE AVE Chicago, IL.",41.91814265,-87.6468414
310 S CLINTON ST,"310 S CLINTON ST Chicago, IL.",41.87784894,-87.64113921
320 S CLINTON ST,"320 S CLINTON ST Chicago, IL.",41.8776911,-87.6411654
2138 N HALSTED ST,"2138 N HALSTED ST Chicago, IL.",41.92071399,-87.64867556
41 E CHICAGO AVE,"41 E CHICAGO AVE Chicago, IL.",41.89664485,-87.62633259
110 E CHICAGO AVE,"110 E CHICAGO AVE Chicago, IL.",41.89676844,-87.62537743
46 E CHICAGO AVE,"46 E CHICAGO AVE Chicago, IL.",41.89675944,-87.62654511
3838 N BROADWAY ST,"3838 N BROADWAY ST Chicago, IL.",41.95217653,-87.64971326
356 W CHICAGO AVE,"356 W CHICAGO AVE Chicago, IL.",41.89660644,-87.63740408
362 W CHICAGO AVE,"362 W CHICAGO AVE Chicago, IL.",41.89660529,-87.63756204
185 W CHICAGO AVE,"185 W CHICAGO AVE Chicago, IL.",41.89654325,-87.6340015
153 E OHIO ST,"153 E OHIO ST Chicago, IL.",41.89249913,-87.62337036
44 E CHICAGO AVE,"44 E CHICAGO AVE Chicago, IL.",41.89675944,-87.62657796
719 W DIVERSEY PKWY,"719 W DIVERSEY PKWY Chicago, IL.",41.93269629,-87.64737598
222 W DIVISION ST,"222 W DIVISION ST Chicago, IL.",41.90390832,-87.63482297
1051 W HARRISON ST,"1051 W HARRISON ST Chicago, IL.",41.87423659,-87.65311853
1647 W WEBSTER AVE,"1647 W WEBSTER AVE Chicago, IL.",41.92147051,-87.66995374
1459 W WEBSTER AVE,"1459 W WEBSTER AVE Chicago, IL.",41.92154785,-87.66546091
2221 N CLYBOURN AVE,"2221 N CLYBOURN AVE Chicago, IL.",41.92199345,-87.6648155
2277 N CLYBOURN AVE,"2277 N CLYBOURN AVE Chicago, IL.",41.92323005,-87.66653911
2722 N CLARK ST,"2722 N CLARK ST Chicago, IL.",41.93189634,-87.64468698
1110 W LAKE ST,"1110 W LAKE ST Chicago, IL.",41.88559944,-87.65465297
1333 W FULLERTON AVE,"1333 W FULLERTON AVE Chicago, IL.",41.92518674,-87.66177866
1223 W FULLERTON AVE,"1223 W FULLERTON AVE Chicago, IL.",41.92522248,-87.6594262
1147 W FULLERTON AVE,"1147 W FULLERTON AVE Chicago, IL.",41.92524684,-87.65753894
1121 W FULLERTON AVE,"1121 W FULLERTON AVE Chicago, IL.",41.92524953,-87.65741474
1075 W FULLERTON AVE,"1075 W FULLERTON AVE Chicago, IL.",41.92529184,-87.65557718
1067 W FULLERTON AVE,"1067 W FULLERTON AVE Chicago, IL.",41.92529184,-87.65545332
938 N WELLS ST,"938 N WELLS ST Chicago, IL.",41.90007654,-87.63441075
1564 N CLARK ST,"1564 N CLARK ST Chicago, IL.",41.91085221,-87.63173781
2778 N LINCOLN AVE,"2778 N LINCOLN AVE Chicago, IL.",41.93212753,-87.65821998
1460 N CLARK ST,"1460 N CLARK ST Chicago, IL.",41.90888401,-87.631672
1386 N CLARK ST,"1386 N CLARK ST Chicago, IL.",41.9067648,-87.63161512
1362 N CLARK ST,"1362 N CLARK ST Chicago, IL.",41.90583917,-87.6315879
852 W TAYLOR ST,"852 W TAYLOR ST Chicago, IL.",41.86969917,-87.64817189
945 W GEORGE ST,"945 W GEORGE ST Chicago, IL.",41.93440735,-87.6533822
800 N CLARK ST,"800 N CLARK ST Chicago, IL.",41.89669495,-87.63132267
708 N CLARK ST,"708 N CLARK ST Chicago, IL.",41.89509744,-87.63128766
706 N CLARK ST,"706 N CLARK ST Chicago, IL.",41.89504464,-87.63128619
457 W HARRISON ST,"457 W HARRISON ST Chicago, IL.",41.87435843,-87.63877944
453 W HARRISON ST,"453 W HARRISON ST Chicago, IL.",41.87435925,-87.63871944
446 N CLARK ST,"446 N CLARK ST Chicago, IL.",41.89027354,-87.63116668
414 N CLARK ST,"414 N CLARK ST Chicago, IL.",41.88974019,-87.63115196
210 S CLARK ST,"210 S CLARK ST Chicago, IL.",41.88584178,-87.63105521
443 W NORTH AVE,"443 W NORTH AVE Chicago, IL.",41.91096822,-87.64011297
1 N FRANKLIN ST,"1 N FRANKLIN ST Chicago, IL.",41.88199194,-87.63523686
854 W ROOSEVELT RD,"854 W ROOSEVELT RD Chicago, IL.",41.86719444,-87.64810436
874 W ROOSEVELT RD,"874 W ROOSEVELT RD Chicago, IL.",41.86718389,-87.64850554
173 N FRANKLIN ST,"173 N FRANKLIN ST Chicago, IL.",41.88553234,-87.63529542
310 N CLINTON ST,"310 N CLINTON ST Chicago, IL.",41.88698086,-87.64141736
925 W ROOSEVELT RD,"925 W ROOSEVELT RD Chicago, IL.",41.86705107,-87.64979458
879 W ROOSEVELT RD,"879 W ROOSEVELT RD Chicago, IL.",41.86706185,-87.64907028
1350 W  CHICAGO AVE,"1350 W  CHICAGO AVE Chicago, IL.",41.89623276,-87.66092466
401 W ARMITAGE AVE,"401 W ARMITAGE AVE Chicago, IL.",41.91826284,-87.63889424
456 W ARMITAGE AVE,"456 W ARMITAGE AVE Chicago, IL.",41.91835217,-87.64057066
814 W ARMITAGE AVE,"814 W ARMITAGE AVE Chicago, IL.",41.91822444,-87.64920824
122 E LAKE ST,"122 E LAKE ST Chicago, IL.",41.88582444,-87.62372998
922 W ARMITAGE AVE,"922 W ARMITAGE AVE Chicago, IL.",41.91818844,-87.65188534
952 W ARMITAGE AVE,"952 W ARMITAGE AVE Chicago, IL.",41.91816821,-87.65286936
954 W ARMITAGE AVE,"954 W ARMITAGE AVE Chicago, IL.",41.91816786,-87.65288768
169 N STETSON AVE,"169 N STETSON AVE Chicago, IL.",41.8853517,-87.6221908
1450 S WABASH AVE,"1450 S WABASH AVE Chicago, IL.",41.86323281,-87.6258084
290 N STETSON AVE,"290 N STETSON AVE Chicago, IL.",41.8870627,-87.6223486
282 N STETSON AVE,"282 N STETSON AVE Chicago, IL.",41.8870627,-87.6223486
9 W RANDOLPH ST,"9 W RANDOLPH ST Chicago, IL.",41.88443185,-87.62810002
72 W RANDOLPH ST,"72 W RANDOLPH ST Chicago, IL.",41.88453744,-87.63014016
2369 N HALSTED ST,"2369 N HALSTED ST Chicago, IL.",41.92433362,-87.64864346
120 W RANDOLPH ST,"120 W RANDOLPH ST Chicago, IL.",41.88453355,-87.63162446
563 W RANDOLPH ST,"563 W RANDOLPH ST Chicago, IL.",41.88437785,-87.64214693
2222 S ARCHER AVE,"2222 S ARCHER AVE Chicago, IL.",41.85218312,-87.63636533
3246 N HALSTED ST,"3246 N HALSTED ST Chicago, IL.",41.94123432,-87.64938435
1340 W RANDOLPH ST,"1340 W RANDOLPH ST Chicago, IL.",41.88446367,-87.66371175
1382 W RANDOLPH ST,"1382 W RANDOLPH ST Chicago, IL.",41.88460998,-87.66395421
1329 W RANDOLPH ST,"1329 W RANDOLPH ST Chicago, IL.",41.88433284,-87.6637394
1313 W RANDOLPH ST,"1313 W RANDOLPH ST Chicago, IL.",41.8842786,-87.66365029
1008 W TAYLOR ST,"1008 W TAYLOR ST Chicago, IL.",41.86955244,-87.65191877
1113 W RANDOLPH ST,"1113 W RANDOLPH ST Chicago, IL.",41.88410572,-87.65491324
1111 W RANDOLPH ST,"1111 W RANDOLPH ST Chicago, IL.",41.88410729,-87.6548455
1051 W RANDOLPH ST,"1051 W RANDOLPH ST Chicago, IL.",41.8841257,-87.65385822
1039 W RANDOLPH ST,"1039 W RANDOLPH ST Chicago, IL.",41.88412762,-87.65373435
1015 W RANDOLPH ST,"1015 W RANDOLPH ST Chicago, IL.",41.88413144,-87.65348661
3708 N SOUTHPORT AVE,"3708 N SOUTHPORT AVE Chicago, IL.",41.94908842,-87.66414867
1421 W 18TH ST,"1421 W 18TH ST Chicago, IL.",41.85780086,-87.66255601
2964 N SOUTHPORT AVE,"2964 N SOUTHPORT AVE Chicago, IL.",41.93577887,-87.66375164
2502 N SOUTHPORT AVE,"2502 N SOUTHPORT AVE Chicago, IL.",41.92714512,-87.66346258
110 N MORGAN ST,"110 N MORGAN ST Chicago, IL.",41.88485607,-87.65219437
911 W RANDOLPH ST,"911 W RANDOLPH ST Chicago, IL.",41.88418105,-87.6508572
909 W RANDOLPH ST,"909 W RANDOLPH ST Chicago, IL.",41.88418418,-87.65065488
896 W ROOSEVELT RD,"896 W ROOSEVELT RD Chicago, IL.",41.86717645,-87.64894048
1000 W RANDOLPH ST,"1000 W RANDOLPH ST Chicago, IL.",41.88449963,-87.65218506
1042 W RANDOLPH ST,"1042 W RANDOLPH ST Chicago, IL.",41.88447271,-87.65338481
1104 W RANDOLPH ST,"1104 W RANDOLPH ST Chicago, IL.",41.88445038,-87.6547053
1110 W RANDOLPH ST,"1110 W RANDOLPH ST Chicago, IL.",41.88444398,-87.65498244
1132 W RANDOLPH ST,"1132 W RANDOLPH ST Chicago, IL.",41.88442653,-87.65579674
1140 W RANDOLPH ST,"1140 W RANDOLPH ST Chicago, IL.",41.88442485,-87.65590367
1302 W RANDOLPH ST,"1302 W RANDOLPH ST Chicago, IL.",41.88432706,-87.66349225
1356 W RANDOLPH ST,"1356 W RANDOLPH ST Chicago, IL.",41.8845194,-87.66380412
1117 W LAKE ST,"1117 W LAKE ST Chicago, IL.",41.88547502,-87.65508654
1115 W LAKE ST,"1115 W LAKE ST Chicago, IL.",41.88547676,-87.65501911
1017 W LAKE ST,"1017 W LAKE ST Chicago, IL.",41.88551543,-87.65279546
1015 W LAKE ST,"1015 W LAKE ST Chicago, IL.",41.88551636,-87.65272316
2351 N CLARK ST,"2351 N CLARK ST Chicago, IL.",41.92512835,-87.64010194
2473 N CLARK ST,"2473 N CLARK ST Chicago, IL.",41.92743991,-87.64150553
2517 N CLARK ST,"2517 N CLARK ST Chicago, IL.",41.92824223,-87.64197464
846 W ARMITAGE AVE,"846 W ARMITAGE AVE Chicago, IL.",41.91820644,-87.65040074
1010 W ARMITAGE AVE,"1010 W ARMITAGE AVE Chicago, IL.",41.91815692,-87.65388268
3927 N SOUTHPORT AVE,"3927 N SOUTHPORT AVE Chicago, IL.",41.95304237,-87.66410598
921 W ARMITAGE AVE,"921 W ARMITAGE AVE Chicago, IL.",41.91807385,-87.65178051
2350 N LINCOLN AVE,"2350 N LINCOLN AVE Chicago, IL.",41.92453822,-87.64759886
3320 N HALSTED ST,"3320 N HALSTED ST Chicago, IL.",41.94235017,-87.64942289
710 W ROOSEVELT RD,"710 W ROOSEVELT RD Chicago, IL.",41.86722144,-87.64535619
938 W BELMONT AVE,"938 W BELMONT AVE Chicago, IL.",41.93999399,-87.65251931
1006 W BELMONT AVE,"1006 W BELMONT AVE Chicago, IL.",41.9399669,-87.65441461
1136 W BELMONT AVE,"1136 W BELMONT AVE Chicago, IL.",41.93991443,-87.65786343
1062 W TAYLOR ST,"1062 W TAYLOR ST Chicago, IL.",41.86952451,-87.65347055
1412 W BELMONT AVE,"1412 W BELMONT AVE Chicago, IL.",41.93981632,-87.66425849
2451 N HALSTED ST,"2451 N HALSTED ST Chicago, IL.",41.92705258,-87.64874087
25 W JACKSON BLVD,"25 W JACKSON BLVD Chicago, IL.",41.87811385,-87.62889186
2245 N LINCOLN AVE,"2245 N LINCOLN AVE Chicago, IL.",41.92285996,-87.64503671
2321 N LINCOLN AVE,"2321 N LINCOLN AVE Chicago, IL.",41.92409619,-87.64676435
2823 N HALSTED ST,"2823 N HALSTED ST Chicago, IL.",41.9334652,-87.64896135
3203 N HALSTED ST,"3203 N HALSTED ST Chicago, IL.",41.94009896,-87.649194
1343 W MADISON ST,"1343 W MADISON ST Chicago, IL.",41.881463,-87.66047827
1301 W MADISON ST,"1301 W MADISON ST Chicago, IL.",41.88147791,-87.6596725
1247 W MADISON ST,"1247 W MADISON ST Chicago, IL.",41.88149785,-87.65890488
2932 N CLARK ST,"2932 N CLARK ST Chicago, IL.",41.93565877,-87.64729176
608 W ARMITAGE AVE,"608 W ARMITAGE AVE Chicago, IL.",41.91831016,-87.64378561
804 W DICKENS AVE,"804 W DICKENS AVE Chicago, IL.",41.92003344,-87.64990838
808 W DICKENS AVE,"808 W DICKENS AVE Chicago, IL.",41.92003344,-87.64995152
848 W DICKENS AVE,"848 W DICKENS AVE Chicago, IL.",41.92002462,-87.65038529
1044 W DICKENS AVE,"1044 W DICKENS AVE Chicago, IL.",41.91995898,-87.65498747
1202 W DICKENS AVE,"1202 W DICKENS AVE Chicago, IL.",41.91988944,-87.6595979
2323 N SOUTHPORT AVE,"2323 N SOUTHPORT AVE Chicago, IL.",41.92411723,-87.66320593
2327 N SOUTHPORT AVE,"2327 N SOUTHPORT AVE Chicago, IL.",41.92414929,-87.66320705
1037 W MADISON ST,"1037 W MADISON ST Chicago, IL.",41.88163962,-87.65232731
1035 W MADISON ST,"1035 W MADISON ST Chicago, IL.",41.88164004,-87.65231484
1001 W MADISON ST,"1001 W MADISON ST Chicago, IL.",41.88164185,-87.6521062
654 W BELMONT AVE,"654 W BELMONT AVE Chicago, IL.",41.94007643,-87.64573495
3530 N SOUTHPORT AVE,"3530 N SOUTHPORT AVE Chicago, IL.",41.94608079,-87.66406582
3224 N HALSTED ST,"3224 N HALSTED ST Chicago, IL.",41.94076324,-87.64936774
3277 N CLARK ST,"3277 N CLARK ST Chicago, IL.",41.94136651,-87.65172643
328 S WABASH AVE,"328 S WABASH AVE Chicago, IL.",41.87785553,-87.62615323
3664 N CLARK ST,"3664 N CLARK ST Chicago, IL.",41.94857062,-87.65770641
3478 N CLARK ST,"3478 N CLARK ST Chicago, IL.",41.94524856,-87.65502891
3470 N CLARK ST,"3470 N CLARK ST Chicago, IL.",41.94513591,-87.65493879
161 N CANAL ST,"161 N CANAL ST Chicago, IL.",41.88515259,-87.63975118
1713 N HALSTED ST,"1713 N HALSTED ST Chicago, IL.",41.91276512,-87.64825254
517 N FRANKLIN ST,"517 N FRANKLIN ST Chicago, IL.",41.89166903,-87.6355032
745 N FRANKLIN ST,"745 N FRANKLIN ST Chicago, IL.",41.89535759,-87.6356028
221 W WALTON ST,"221 W WALTON ST Chicago, IL.",41.89969585,-87.63498922
215 W WALTON ST,"215 W WALTON ST Chicago, IL.",41.89969585,-87.63497137
710 W ARMITAGE AVE,"710 W ARMITAGE AVE Chicago, IL.",41.91826418,-87.64656629
1926 N HALSTED ST,"1926 N HALSTED ST Chicago, IL.",41.91657902,-87.64852294
416 W LOCUST ST,"416 W LOCUST ST Chicago, IL.",41.89896994,-87.63951563
90 E GRAND AVE,"90 E GRAND AVE Chicago, IL.",41.89176713,-87.62556238
1639 N WELLS ST,"1639 N WELLS ST Chicago, IL.",41.91197426,-87.63466014
449 N WELLS ST,"449 N WELLS ST Chicago, IL.",41.89037045,-87.63396102
955 W WASHINGTON BLVD,"955 W WASHINGTON BLVD Chicago, IL.",41.88301653,-87.65131387
1346 S WABASH AVE,"1346 S WABASH AVE Chicago, IL.",41.86496121,-87.62585142
838 W TAYLOR ST,"838 W TAYLOR ST Chicago, IL.",41.86970279,-87.64789487
3488 N HALSTED ST,"3488 N HALSTED ST Chicago, IL.",41.94527749,-87.64950084
506 S WABASH AVE,"506 S WABASH AVE Chicago, IL.",41.87555751,-87.62610013
2069 S WENTWORTH AVE,"2069 S WENTWORTH AVE Chicago, IL.",41.85471519,-87.6317543
898 W ROOSEVELT RD,"898 W ROOSEVELT RD Chicago, IL.",41.86717645,-87.64898032
932 W ROOSEVELT RD,"932 W ROOSEVELT RD Chicago, IL.",41.86716892,-87.64965901
1321 W LAKE ST,"1321 W LAKE ST Chicago, IL.",41.88540612,-87.65966654
1808 S ASHLAND AVE,"1808 S ASHLAND AVE Chicago, IL.",41.85747234,-87.66621133
1844 S BLUE ISLAND AVE,"1844 S BLUE ISLAND AVE Chicago, IL.",41.85697217,-87.6620101
1852 S BLUE ISLAND AVE,"1852 S BLUE ISLAND AVE Chicago, IL.",41.85684531,-87.66211735
1860 S BLUE ISLAND AVE,"1860 S BLUE ISLAND AVE Chicago, IL.",41.85671846,-87.6622246
1912 S BLUE ISLAND AVE,"1912 S BLUE ISLAND AVE Chicago, IL.",41.85592063,-87.66290689
1313 S HALSTED ST,"1313 S HALSTED ST Chicago, IL.",41.8648611,-87.6467707
1242 S CLINTON ST,"1242 S CLINTON ST Chicago, IL.",41.86623659,-87.64076917
925 W JACKSON BLVD,"925 W JACKSON BLVD Chicago, IL.",41.87785285,-87.64976405
916 W MADISON ST,"916 W MADISON ST Chicago, IL.",41.88182226,-87.65039688
1038 W MADISON ST,"1038 W MADISON ST Chicago, IL.",41.88177299,-87.6534863
1134 W MADISON ST,"1134 W MADISON ST Chicago, IL.",41.88173055,-87.6557329
1140 W MADISON ST,"1140 W MADISON ST Chicago, IL.",41.88172738,-87.65591995
1150 W MADISON ST,"1150 W MADISON ST Chicago, IL.",41.8817233,-87.65623615
1123 W WASHINGTON BLVD,"1123 W WASHINGTON BLVD Chicago, IL.",41.88294844,-87.65526885
939 W WASHINGTON BLVD,"939 W WASHINGTON BLVD Chicago, IL.",41.88302142,-87.65106491
139 N HALSTED ST,"139 N HALSTED ST Chicago, IL.",41.88532176,-87.64738659
850 N DEARBORN ST,"850 N DEARBORN ST Chicago, IL.",41.89733404,-87.62986966
854 N DEARBORN ST,"854 N DEARBORN ST Chicago, IL.",41.89738372,-87.6298715
1446 N CLARK ST,"1446 N CLARK ST Chicago, IL.",41.90870162,-87.63166862
1922 S WABASH AVE,"1922 S WABASH AVE Chicago, IL.",41.85639549,-87.62565565
1530 N WELLS ST,"1530 N WELLS ST Chicago, IL.",41.90990226,-87.63474599
1390 N CLARK ST,"1390 N CLARK ST Chicago, IL.",41.90691907,-87.63161966
1369 N CLARK ST,"1369 N CLARK ST Chicago, IL.",41.90688301,-87.63146459
415 N WABASH AVE,"415 N WABASH AVE Chicago, IL.",41.88977654,-87.62657853
390 E HURON ST,"390 E HURON ST Chicago, IL.",41.89508932,-87.61893914
1146 W 18TH ST,"1146 W 18TH ST Chicago, IL.",41.85803245,-87.65520596
1216 W 18TH ST,"1216 W 18TH ST Chicago, IL.",41.8580045,-87.65676946
1512 W 18TH ST,"1512 W 18TH ST Chicago, IL.",41.85788728,-87.66428801
867 N DEARBORN ST,"867 N DEARBORN ST Chicago, IL.",41.89850645,-87.62974936
928 W ROOSEVELT RD,"928 W ROOSEVELT RD Chicago, IL.",41.8671701,-87.64957935
960 W ROOSEVELT RD,"960 W ROOSEVELT RD Chicago, IL.",41.86715789,-87.65021624
1423 N DEARBORN PKWY,"1423 N DEARBORN PKWY Chicago, IL.",41.90824575,-87.63003948
1439 N DEARBORN PKWY,"1439 N DEARBORN PKWY Chicago, IL.",41.90848859,-87.63004742
123 W HURON ST,"123 W HURON ST Chicago, IL.",41.89475635,-87.63232984
368 W HURON ST,"368 W HURON ST Chicago, IL.",41.89480091,-87.63799265
411 W SUPERIOR ST,"411 W SUPERIOR ST Chicago, IL.",41.89547286,-87.63904399
24 E SUPERIOR ST,"24 E SUPERIOR ST Chicago, IL.",41.89576229,-87.62647696
345 E OHIO ST,"345 E OHIO ST Chicago, IL.",41.89256158,-87.61890466
444 E ONTARIO ST,"444 E ONTARIO ST Chicago, IL.",41.89351944,-87.61587646
29 E ONTARIO ST,"29 E ONTARIO ST Chicago, IL.",41.89322776,-87.62730624
9 W ONTARIO ST,"9 W ONTARIO ST Chicago, IL.",41.89319785,-87.62901736
64 W OHIO ST,"64 W OHIO ST Chicago, IL.",41.89251144,-87.62932474
56 W HURON ST,"56 W HURON ST Chicago, IL.",41.89490277,-87.63028309
1342 N WELLS ST,"1342 N WELLS ST Chicago, IL.",41.90711554,-87.63466669
672 N WELLS ST,"672 N WELLS ST Chicago, IL.",41.89431074,-87.63421881
722 W FULLERTON AVE,"722 W FULLERTON AVE Chicago, IL.",41.92553243,-87.6473739
2821 N HALSTED ST,"2821 N HALSTED ST Chicago, IL.",41.93344865,-87.64896071
2825 N HALSTED ST,"2825 N HALSTED ST Chicago, IL.",41.93348176,-87.64896198
463 N NEW ST,"463 N NEW ST Chicago, IL.",41.8907805,-87.61852419
417 N NEW ST,"417 N NEW ST Chicago, IL.",41.89052978,-87.61851563
353 E NORTH WATER ST,"353 E NORTH WATER ST Chicago, IL.",41.88946638,-87.61699511
178 E ERIE ST,"178 E ERIE ST Chicago, IL.",41.89418544,-87.62452688
228 S COLUMBUS DR,"228 S COLUMBUS DR Chicago, IL.",41.87892557,-87.62080285
258 S COLUMBUS DR,"258 S COLUMBUS DR Chicago, IL.",41.87869545,-87.62079618
262 S COLUMBUS DR,"262 S COLUMBUS DR Chicago, IL.",41.87866471,-87.62079541
665 W DIVERSEY PKWY,"665 W DIVERSEY PKWY Chicago, IL.",41.9327264,-87.64585383
661 W DIVERSEY PKWY,"661 W DIVERSEY PKWY Chicago, IL.",41.93272828,-87.64577778
833 N ORLEANS ST,"833 N ORLEANS ST Chicago, IL.",41.89810541,-87.63715298
346 W OAK ST,"346 W OAK ST Chicago, IL.",41.90054844,-87.63840101
348 W OAK ST,"348 W OAK ST Chicago, IL.",41.90054844,-87.63842165
2550 N HALSTED ST,"2550 N HALSTED ST Chicago, IL.",41.92873078,-87.64895175
2430 N HALSTED ST,"2430 N HALSTED ST Chicago, IL.",41.92680748,-87.64888608
1539 N WELLS ST,"1539 N WELLS ST Chicago, IL.",41.91003912,-87.63459611
1440 N WELLS ST,"1440 N WELLS ST Chicago, IL.",41.90839157,-87.63470377
678 N WELLS ST,"678 N WELLS ST Chicago, IL.",41.8944088,-87.63422153
213 N OGDEN AVE,"213 N OGDEN AVE Chicago, IL.",41.8858714,-87.66246608
2040 N HALSTED ST,"2040 N HALSTED ST Chicago, IL.",41.91892729,-87.6486134
1129 N WELLS ST,"1129 N WELLS ST Chicago, IL.",41.90310363,-87.63437187
1351 W BELMONT AVE,"1351 W BELMONT AVE Chicago, IL.",41.93973144,-87.66227483
1332 W BELMONT AVE,"1332 W BELMONT AVE Chicago, IL.",41.93984201,-87.66256795
1300 W BELMONT AVE,"1300 W BELMONT AVE Chicago, IL.",41.93985852,-87.66147774
918 W BELMONT AVE,"918 W BELMONT AVE Chicago, IL.",41.94000158,-87.65202772
945 W BELMONT AVE,"945 W BELMONT AVE Chicago, IL.",41.93986284,-87.65343324
1140 W BELMONT AVE,"1140 W BELMONT AVE Chicago, IL.",41.93991443,-87.65792976
1014 W BELMONT AVE,"1014 W BELMONT AVE Chicago, IL.",41.9399575,-87.65479528
918 W SCHOOL ST,"918 W SCHOOL ST Chicago, IL.",41.94180749,-87.65348129
518 W HARRISON ST,"518 W HARRISON ST Chicago, IL.",41.87444844,-87.64076943
815 W ALDINE AVE,"815 W ALDINE AVE Chicago, IL.",41.94173484,-87.65001436
811 W ALDINE AVE,"811 W ALDINE AVE Chicago, IL.",41.94173484,-87.64984062
475 W HARRISON ST,"475 W HARRISON ST Chicago, IL.",41.87435479,-87.63904941
560 W ALDINE AVE,"560 W ALDINE AVE Chicago, IL.",41.94229361,-87.64375416
3435 N BROADWAY,"3435 N BROADWAY Chicago, IL.",41.94424099,-87.64528851
3348 N BROADWAY,"3348 N BROADWAY Chicago, IL.",41.94340002,-87.64494809
3164 N BROADWAY ST,"3164 N BROADWAY ST Chicago, IL.",41.93945283,-87.64445757
2868 N BROADWAY ST,"2868 N BROADWAY ST Chicago, IL.",41.93432098,-87.6443196
524 S WABASH AVE,"524 S WABASH AVE Chicago, IL.",41.8753438,-87.62609436
1444 S MICHIGAN AVE,"1444 S MICHIGAN AVE Chicago, IL.",41.86300104,-87.62413022
673 S CLINTON ST,"673 S CLINTON ST Chicago, IL.",41.87349596,-87.64084828
718 S CLINTON ST,"718 S CLINTON ST Chicago, IL.",41.87304151,-87.64098861
810 S CLINTON ST,"810 S CLINTON ST Chicago, IL.",41.87188934,-87.64095132
1634 S MICHIGAN AVE,"1634 S MICHIGAN AVE Chicago, IL.",41.8592059,-87.62403913
1179 S JEFFERSON ST,"1179 S JEFFERSON ST Chicago, IL.",41.86751658,-87.64212116
673 S JEFFERSON ST,"673 S JEFFERSON ST Chicago, IL.",41.87381276,-87.64232922
531 S JEFFERSON ST,"531 S JEFFERSON ST Chicago, IL.",41.87498295,-87.64236546
429 S JEFFERSON ST,"429 S JEFFERSON ST Chicago, IL.",41.87644311,-87.64241329
41 N JEFFERSON ST,"41 N JEFFERSON ST Chicago, IL.",41.88239321,-87.64260039
608 W LAKE ST,"608 W LAKE ST Chicago, IL.",41.88576144,-87.64320015
624 W LAKE ST,"624 W LAKE ST Chicago, IL.",41.88576144,-87.64375847
626 W LAKE ST,"626 W LAKE ST Chicago, IL.",41.88576144,-87.64379262
2213 S WABASH AVE,"2213 S WABASH AVE Chicago, IL.",41.85252484,-87.62541503
955 W 18TH ST,"955 W 18TH ST Chicago, IL.",41.85797335,-87.65081187
2334 S WENTWORTH AVE,"2334 S WENTWORTH AVE Chicago, IL.",41.849982,-87.63202513
1144 W WASHINGTON BLVD,"1144 W WASHINGTON BLVD Chicago, IL.",41.88305178,-87.65584611
810 W RANDOLPH ST,"810 W RANDOLPH ST Chicago, IL.",41.88457282,-87.64785727
816 W RANDOLPH ST,"816 W RANDOLPH ST Chicago, IL.",41.88456813,-87.6480605
859 W TAYLOR ST,"859 W TAYLOR ST Chicago, IL.",41.86944558,-87.64873436
910 W RANDOLPH ST,"910 W RANDOLPH ST Chicago, IL.",41.88452973,-87.65027666
1255 W 18TH ST,"1255 W 18TH ST Chicago, IL.",41.85785899,-87.65844989
1142 W TAYLOR ST,"1142 W TAYLOR ST Chicago, IL.",41.8694869,-87.65587999
1832 S HALSTED ST,"1832 S HALSTED ST Chicago, IL.",41.8573632,-87.64670669
1016 W RANDOLPH ST,"1016 W RANDOLPH ST Chicago, IL.",41.88448976,-87.65261102
1034 W RANDOLPH ST,"1034 W RANDOLPH ST Chicago, IL.",41.88447866,-87.65309022
1100 W RANDOLPH ST,"1100 W RANDOLPH ST Chicago, IL.",41.88445464,-87.65452055
1308 W RANDOLPH ST,"1308 W RANDOLPH ST Chicago, IL.",41.88434921,-87.66352546
1358 W RANDOLPH ST,"1358 W RANDOLPH ST Chicago, IL.",41.88452637,-87.66381566
1372 W RANDOLPH ST,"1372 W RANDOLPH ST Chicago, IL.",41.88457514,-87.66389648
1461 S HALSTED ST,"1461 S HALSTED ST Chicago, IL.",41.86204961,-87.64669119
1325 W RANDOLPH ST,"1325 W RANDOLPH ST Chicago, IL.",41.88431891,-87.6637163
1245 W RANDOLPH ST,"1245 W RANDOLPH ST Chicago, IL.",41.88404975,-87.65820146
1207 W RANDOLPH ST,"1207 W RANDOLPH ST Chicago, IL.",41.88405277,-87.65781794
1141 W RANDOLPH ST,"1141 W RANDOLPH ST Chicago, IL.",41.88408674,-87.65579414
1109 W RANDOLPH ST,"1109 W RANDOLPH ST Chicago, IL.",41.88410885,-87.65477775
907 W RANDOLPH ST,"907 W RANDOLPH ST Chicago, IL.",41.8841873,-87.65045256
851 W RANDOLPH ST,"851 W RANDOLPH ST Chicago, IL.",41.88421042,-87.64895272
16 S HALSTED ST,"16 S HALSTED ST Chicago, IL.",41.88155112,-87.64743126
842 W MONROE ST,"842 W MONROE ST Chicago, IL.",41.88052565,-87.6486709
766 W JACKSON BLVD,"766 W JACKSON BLVD Chicago, IL.",41.87801244,-87.64674155
550 W JACKSON BLVD,"550 W JACKSON BLVD Chicago, IL.",41.87808444,-87.64141055
761 W ARMITAGE AVE,"761 W ARMITAGE AVE Chicago, IL.",41.91812784,-87.64809549
2241 N LINCOLN AVE,"2241 N LINCOLN AVE Chicago, IL.",41.9227998,-87.64495326
822 S WABASH AVE,"822 S WABASH AVE Chicago, IL.",41.87152265,-87.6260093
357 E RANDOLPH ST,"357 E RANDOLPH ST Chicago, IL.",41.88427973,-87.61899076
251 N STETSON AVE,"251 N STETSON AVE Chicago, IL.",41.88632209,-87.62224008
157 N STETSON AVE,"157 N STETSON AVE Chicago, IL.",41.8870627,-87.6223486
250 N STETSON AVE,"250 N STETSON AVE Chicago, IL.",41.8870627,-87.6223486
26 E RANDOLPH ST,"26 E RANDOLPH ST Chicago, IL.",41.8845523,-87.62692928
211 N CLINTON ST,"211 N CLINTON ST Chicago, IL.",41.88585451,-87.64123328
2846 N HALSTED ST,"2846 N HALSTED ST Chicago, IL.",41.9338283,-87.64912986
2842 N HALSTED ST,"2842 N HALSTED ST Chicago, IL.",41.93377752,-87.64912813
844 W TAYLOR ST,"844 W TAYLOR ST Chicago, IL.",41.86970124,-87.64801359
1225 W HARRISON ST,"1225 W HARRISON ST Chicago, IL.",41.87415292,-87.65757553
1040 W MADISON ST,"1040 W MADISON ST Chicago, IL.",41.8817723,-87.65351295
932 W HARRISON ST,"932 W HARRISON ST Chicago, IL.",41.87439491,-87.6506198
1228 W HARRISON ST,"1228 W HARRISON ST Chicago, IL.",41.87426654,-87.65767261
1308 W MADISON ST,"1308 W MADISON ST Chicago, IL.",41.88166193,-87.66010187
1258 W HARRISON ST,"1258 W HARRISON ST Chicago, IL.",41.87425932,-87.65838523
1296 W HARRISON ST,"1296 W HARRISON ST Chicago, IL.",41.87424701,-87.65928912
1318 W HARRISON ST,"1318 W HARRISON ST Chicago, IL.",41.87423939,-87.659811
1510 W MADISON ST,"1510 W MADISON ST Chicago, IL.",41.88158544,-87.66455614
1402 W HARRISON ST,"1402 W HARRISON ST Chicago, IL.",41.87420343,-87.66189618
1146 S WABASH AVE,"1146 S WABASH AVE Chicago, IL.",41.86845101,-87.62592493
945 W LAKE ST,"945 W LAKE ST Chicago, IL.",41.88553711,-87.65134448
2263 N LINCOLN AVE,"2263 N LINCOLN AVE Chicago, IL.",41.92313069,-87.64541223
105 E CHICAGO AVE,"105 E CHICAGO AVE Chicago, IL.",41.89665385,-87.62525991
714 W FULLERTON AVE,"714 W FULLERTON AVE Chicago, IL.",41.92553655,-87.64702767
716 W FULLERTON AVE,"716 W FULLERTON AVE Chicago, IL.",41.92553404,-87.64711493
224 W CHICAGO AVE,"224 W CHICAGO AVE Chicago, IL.",41.89664244,-87.63524584
228 W CHICAGO AVE,"228 W CHICAGO AVE Chicago, IL.",41.89664244,-87.63531127
314 W CHICAGO AVE,"314 W CHICAGO AVE Chicago, IL.",41.8966248,-87.63637594
324 W CHICAGO AVE,"324 W CHICAGO AVE Chicago, IL.",41.89661991,-87.63658763
1570 W TAYLOR ST,"1570 W TAYLOR ST Chicago, IL.",41.86934208,-87.66485742
107 E CHICAGO AVE,"107 E CHICAGO AVE Chicago, IL.",41.89665385,-87.62517523
2124 N HALSTED ST,"2124 N HALSTED ST Chicago, IL.",41.92046936,-87.64866754
2118 N HALSTED ST,"2118 N HALSTED ST Chicago, IL.",41.92036452,-87.64866411
902 N WELLS ST,"902 N WELLS ST Chicago, IL.",41.89983189,-87.63440068
1747 N CLARK ST,"1747 N CLARK ST Chicago, IL.",41.91452126,-87.63359747
1753 N CLARK ST,"1753 N CLARK ST Chicago, IL.",41.91453224,-87.63360437
207 E GRAND AVE,"207 E GRAND AVE Chicago, IL.",41.89170385,-87.62245009
2929 N BROADWAY ST,"2929 N BROADWAY ST Chicago, IL.",41.93578985,-87.64417922
2933 N BROADWAY ST,"2933 N BROADWAY ST Chicago, IL.",41.93589598,-87.64418217
3031 N BROADWAY ST,"3031 N BROADWAY ST Chicago, IL.",41.93721142,-87.64422903
3249 N BROADWAY ST,"3249 N BROADWAY ST Chicago, IL.",41.94156101,-87.64437115
3251 N BROADWAY ST,"3251 N BROADWAY ST Chicago, IL.",41.94161346,-87.64437298
1058 W TAYLOR ST,"1058 W TAYLOR ST Chicago, IL.",41.86952591,-87.65339816
3717 N BROADWAY ST,"3717 N BROADWAY ST Chicago, IL.",41.94967749,-87.64859674
3719 N BROADWAY ST,"3719 N BROADWAY ST Chicago, IL.",41.94973063,-87.64863046
3916 N BROADWAY ST,"3916 N BROADWAY ST Chicago, IL.",41.95323653,-87.6497809
817 W GRACE ST,"817 W GRACE ST Chicago, IL.",41.95113084,-87.65006425
801 W GRACE ST,"801 W GRACE ST Chicago, IL.",41.95113084,-87.64969754
3510 N HALSTED ST,"3510 N HALSTED ST Chicago, IL.",41.94580402,-87.64951828
3745 N CLARK ST,"3745 N CLARK ST Chicago, IL.",41.94974327,-87.65847064
1414 W IRVING PARK RD,"1414 W IRVING PARK RD Chicago, IL.",41.95440143,-87.66486676
1407 W TAYLOR ST,"1407 W TAYLOR ST Chicago, IL.",41.86927512,-87.66194892
1525 W IRVING PARK RD,"1525 W IRVING PARK RD Chicago, IL.",41.95424379,-87.66793105
1517 W IRVING PARK RD,"1517 W IRVING PARK RD Chicago, IL.",41.95424502,-87.66781669
3946 N SOUTHPORT AVE,"3946 N SOUTHPORT AVE Chicago, IL.",41.95338896,-87.66427035
3752 N SOUTHPORT AVE,"3752 N SOUTHPORT AVE Chicago, IL.",41.94985305,-87.66417014
3750 N SOUTHPORT AVE,"3750 N SOUTHPORT AVE Chicago, IL.",41.94981828,-87.66416914
3740 N SOUTHPORT AVE,"3740 N SOUTHPORT AVE Chicago, IL.",41.94964447,-87.66416411
3734 N SOUTHPORT AVE,"3734 N SOUTHPORT AVE Chicago, IL.",41.94954018,-87.66416109
3732 N SOUTHPORT AVE,"3732 N SOUTHPORT AVE Chicago, IL.",41.94950542,-87.66416009
3636 N SOUTHPORT AVE,"3636 N SOUTHPORT AVE Chicago, IL.",41.9479226,-87.66411548
3550 N SOUTHPORT AVE,"3550 N SOUTHPORT AVE Chicago, IL.",41.94641699,-87.66407393
3510 N SOUTHPORT AVE,"3510 N SOUTHPORT AVE Chicago, IL.",41.94555717,-87.66405273
3450 N SOUTHPORT AVE,"3450 N SOUTHPORT AVE Chicago, IL.",41.94461969,-87.66402588
3418 N SOUTHPORT AVE,"3418 N SOUTHPORT AVE Chicago, IL.",41.94397408,-87.66401069
3301 N ASHLAND AVE,"3301 N ASHLAND AVE Chicago, IL.",41.94158049,-87.66863515
3138 N LINCOLN AVE,"3138 N LINCOLN AVE Chicago, IL.",41.93855341,-87.66721659
3128 N LINCOLN AVE,"3128 N LINCOLN AVE Chicago, IL.",41.93837883,-87.66697295
1420 W HUBBARD ST,"1420 W HUBBARD ST Chicago, IL.",41.89000044,-87.66315727
2281 N CLYBOURN AVE,"2281 N CLYBOURN AVE Chicago, IL.",41.92332127,-87.66666621
1517 W FULLERTON AVE,"1517 W FULLERTON AVE Chicago, IL.",41.92511542,-87.66645219
1425 W FULLERTON AVE,"1425 W FULLERTON AVE Chicago, IL.",41.92514784,-87.66449823
888 N WELLS ST,"888 N WELLS ST Chicago, IL.",41.89729093,-87.63430528
2018 N CLYBOURN AVE,"2018 N CLYBOURN AVE Chicago, IL.",41.91800459,-87.6595061
1820 N CLYBOURN AVE,"1820 N CLYBOURN AVE Chicago, IL.",41.91409219,-87.65406403
1621 N MARCEY ST,"1621 N MARCEY ST Chicago, IL.",41.91220504,-87.65337197
1663 N MARCEY ST,"1663 N MARCEY ST Chicago, IL.",41.91265691,-87.65386249
1207 W 18TH ST,"1207 W 18TH ST Chicago, IL.",41.85789086,-87.65673397
727 N MILWAUKEE AVE,"727 N MILWAUKEE AVE Chicago, IL.",41.89467994,-87.65288066
617 W TAYLOR ST,"617 W TAYLOR ST Chicago, IL.",41.86965394,-87.64256125
635 S WABASH AVE,"635 S WABASH AVE Chicago, IL.",41.87375125,-87.62590132
623 S WABASH AVE,"623 S WABASH AVE Chicago, IL.",41.87385826,-87.62590399
407 N DEARBORN ST,"407 N DEARBORN ST Chicago, IL.",41.88976783,-87.6295222
509 N DEARBORN ST,"509 N DEARBORN ST Chicago, IL.",41.89119162,-87.62955927
1818 S WENTWORTH AVE,"1818 S WENTWORTH AVE Chicago, IL.",41.85704325,-87.63194453
31 E ONTARIO ST,"31 E ONTARIO ST Chicago, IL.",41.89322891,-87.62725405
15 E ONTARIO ST,"15 E ONTARIO ST Chicago, IL.",41.89321968,-87.62767157
5 W ONTARIO ST,"5 W ONTARIO ST Chicago, IL.",41.89319929,-87.62883839
162 W GRAND AVE,"162 W GRAND AVE Chicago, IL.",41.89164744,-87.63357522
400 W GRAND AVE,"400 W GRAND AVE Chicago, IL.",41.89157918,-87.63901137
205 W HUBBARD ST,"205 W HUBBARD ST Chicago, IL.",41.88991285,-87.63471326
134 N WELLS ST,"134 N WELLS ST Chicago, IL.",41.8851569,-87.63399123
115 N WELLS ST,"115 N WELLS ST Chicago, IL.",41.88346563,-87.63378662
41 N WELLS ST,"41 N WELLS ST Chicago, IL.",41.88271559,-87.63377704
302 S WELLS ST,"302 S WELLS ST Chicago, IL.",41.87803553,-87.63380325
316 S WELLS ST,"316 S WELLS ST Chicago, IL.",41.8778706,-87.6338003
331 S FRANKLIN ST,"331 S FRANKLIN ST Chicago, IL.",41.87769544,-87.63511961
151 N FRANKLIN ST,"151 N FRANKLIN ST Chicago, IL.",41.8854146,-87.63530205
161 N FRANKLIN ST,"161 N FRANKLIN ST Chicago, IL.",41.88546812,-87.63529904
169 N FRANKLIN ST,"169 N FRANKLIN ST Chicago, IL.",41.88551093,-87.63529663
433 W HARRISON ST,"433 W HARRISON ST Chicago, IL.",41.87436085,-87.63842084
737 N LA SALLE ST,"737 N LA SALLE ST Chicago, IL.",41.89569959,-87.63253786
510 N CLARK ST,"510 N CLARK ST Chicago, IL.",41.89127684,-87.63119231
432 N CLARK ST,"432 N CLARK ST Chicago, IL.",41.89010438,-87.63116109
384 E WACKER DR,"384 E WACKER DR Chicago, IL.",41.87719328,-87.63692792
334 E WACKER DR,"334 E WACKER DR Chicago, IL.",41.87768592,-87.63696281
2343 N CLARK ST,"2343 N CLARK ST Chicago, IL.",41.92493791,-87.63998448
2415 N CLARK ST,"2415 N CLARK ST Chicago, IL.",41.92599629,-87.64065435
343 E RANDOLPH ST,"343 E RANDOLPH ST Chicago, IL.",41.88425185,-87.62023935
2823 N CLARK ST,"2823 N CLARK ST Chicago, IL.",41.93368392,-87.64550758
2913 N CLARK ST,"2913 N CLARK ST Chicago, IL.",41.93527577,-87.64680173
50 S LA SALLE ST,"50 S LA SALLE ST Chicago, IL.",41.88100561,-87.63241421
3469 N CLARK ST,"3469 N CLARK ST Chicago, IL.",41.94532124,-87.65490778
3535 N CLARK ST,"3535 N CLARK ST Chicago, IL.",41.94626219,-87.65567185
561 W WASHINGTON BLVD,"561 W WASHINGTON BLVD Chicago, IL.",41.88311785,-87.64172469
208 S CLINTON ST,"208 S CLINTON ST Chicago, IL.",41.87900474,-87.64118099
648 S PLYMOUTH CT,"648 S PLYMOUTH CT Chicago, IL.",41.87398806,-87.62875385
901 W IRVING PARK RD,"901 W IRVING PARK RD Chicago, IL.",41.95446084,-87.65220078
3970 N BROADWAY ST,"3970 N BROADWAY ST Chicago, IL.",41.95358239,-87.64998502
3960 N BROADWAY ST,"3960 N BROADWAY ST Chicago, IL.",41.95351966,-87.64994679
2911 N HALSTED ST,"2911 N HALSTED ST Chicago, IL.",41.93487071,-87.64901141
2853 N HALSTED ST,"2853 N HALSTED ST Chicago, IL.",41.93388853,-87.64897782
1527 W TAYLOR ST,"1527 W TAYLOR ST Chicago, IL.",41.86922308,-87.66513569
1139 W TAYLOR ST,"1139 W TAYLOR ST Chicago, IL.",41.86937744,-87.6554658
1801 N ELSTON AVE,"1801 N ELSTON AVE Chicago, IL.",41.91493785,-87.66520292
1260 W WASHINGTON BLVD,"1260 W WASHINGTON BLVD Chicago, IL.",41.88300656,-87.65903137
2024 N HALSTED ST,"2024 N HALSTED ST Chicago, IL.",41.91864917,-87.6486042
1629 N CLYBOURN AVE,"1629 N CLYBOURN AVE Chicago, IL.",41.91160749,-87.65038101
344 W ARMITAGE AVE,"344 W ARMITAGE AVE Chicago, IL.",41.91839257,-87.63804056
330 W DICKENS AVE,"330 W DICKENS AVE Chicago, IL.",41.92021464,-87.6376889
326 W DICKENS AVE,"326 W DICKENS AVE Chicago, IL.",41.92021727,-87.63752369
1853 N CLYBOURN AVE,"1853 N CLYBOURN AVE Chicago, IL.",41.91472602,-87.65472355
1901 N CLYBOURN AVE,"1901 N CLYBOURN AVE Chicago, IL.",41.91559313,-87.65592519
1913 N CLYBOURN AVE,"1913 N CLYBOURN AVE Chicago, IL.",41.91605733,-87.65657696
318 E GRAND AVE,"318 E GRAND AVE Chicago, IL.",41.89186962,-87.61973494
2187 N CLYBOURN AVE,"2187 N CLYBOURN AVE Chicago, IL.",41.92129577,-87.66384949
58 W GRAND AVE,"58 W GRAND AVE Chicago, IL.",41.89171381,-87.62898076
2293 N CLYBOURN AVE,"2293 N CLYBOURN AVE Chicago, IL.",41.9235948,-87.66704796
2535 N LINCOLN AVE,"2535 N LINCOLN AVE Chicago, IL.",41.92793193,-87.65213194
1346 N DEARBORN PKWY,"1346 N DEARBORN PKWY Chicago, IL.",41.9068929,-87.63015309
1159 W FULLERTON AVE,"1159 W FULLERTON AVE Chicago, IL.",41.92524684,-87.65759451
1119 W FULLERTON AVE,"1119 W FULLERTON AVE Chicago, IL.",41.92524987,-87.65740549
1059 W FULLERTON AVE,"1059 W FULLERTON AVE Chicago, IL.",41.92529184,-87.65532946
1049 W FULLERTON AVE,"1049 W FULLERTON AVE Chicago, IL.",41.92529184,-87.65517463
3537 N SOUTHPORT AVE,"3537 N SOUTHPORT AVE Chicago, IL.",41.94626913,-87.66391628
1554 N WELLS ST,"1554 N WELLS ST Chicago, IL.",41.9103051,-87.63475819
8 E 9TH ST,"8 E 9TH ST Chicago, IL.",41.87057946,-87.62724328
2447 N SOUTHPORT AVE,"2447 N SOUTHPORT AVE Chicago, IL.",41.92631569,-87.66328708
210 W ILLINOIS ST,"210 W ILLINOIS ST Chicago, IL.",41.89083744,-87.63435859
1164 N MILWAUKEE AVE,"1164 N MILWAUKEE AVE Chicago, IL.",41.90283817,-87.66578746
940 N NOBLE ST,"940 N NOBLE ST Chicago, IL.",41.89916969,-87.66256569
1401 W ERIE ST,"1401 W ERIE ST Chicago, IL.",41.89335775,-87.66240379
2507 N LINCOLN AVE,"2507 N LINCOLN AVE Chicago, IL.",41.92742082,-87.65141519
2901 N SHEFFIELD AVE,"2901 N SHEFFIELD AVE Chicago, IL.",41.93451652,-87.65384513
2917 N SHEFFIELD AVE,"2917 N SHEFFIELD AVE Chicago, IL.",41.93499914,-87.65386326
3049 N SHEFFIELD AVE,"3049 N SHEFFIELD AVE Chicago, IL.",41.93750874,-87.65394601
3439 N SHEFFIELD AVE,"3439 N SHEFFIELD AVE Chicago, IL.",41.94483842,-87.65417965
3909 N SHERIDAN RD,"3909 N SHERIDAN RD Chicago, IL.",41.95293839,-87.65442159
3911 N SHERIDAN RD,"3911 N SHERIDAN RD Chicago, IL.",41.95298999,-87.65442347
3915 N SHERIDAN RD,"3915 N SHERIDAN RD Chicago, IL.",41.95309318,-87.65442722
3744 N SOUTHPORT AVE,"3744 N SOUTHPORT AVE Chicago, IL.",41.94971399,-87.66416612
3738 N SOUTHPORT AVE,"3738 N SOUTHPORT AVE Chicago, IL.",41.94960971,-87.6641631
3646 N SOUTHPORT AVE,"3646 N SOUTHPORT AVE Chicago, IL.",41.94806968,-87.6641202
3630 N SOUTHPORT AVE,"3630 N SOUTHPORT AVE Chicago, IL.",41.94783436,-87.66411264
3458 N SOUTHPORT AVE,"3458 N SOUTHPORT AVE Chicago, IL.",41.94471315,-87.66402894
3347 N SOUTHPORT AVE,"3347 N SOUTHPORT AVE Chicago, IL.",41.94271247,-87.66381964
3208 N SOUTHPORT AVE,"3208 N SOUTHPORT AVE Chicago, IL.",41.94004663,-87.6639041
1511 N DAYTON ST,"1511 N DAYTON ST Chicago, IL.",41.9088959,-87.64936925
1525 N DAYTON ST,"1525 N DAYTON ST Chicago, IL.",41.90929381,-87.64937941
2378 N SOUTHPORT AVE,"2378 N SOUTHPORT AVE Chicago, IL.",41.92454486,-87.66337496
2006 N CLYBOURN AVE,"2006 N CLYBOURN AVE Chicago, IL.",41.91773635,-87.65912976
1864 N CLYBOURN AVE,"1864 N CLYBOURN AVE Chicago, IL.",41.91497213,-87.65528951
1860 N CLYBOURN AVE,"1860 N CLYBOURN AVE Chicago, IL.",41.91489234,-87.6551778
1668 N CLYBOURN AVE,"1668 N CLYBOURN AVE Chicago, IL.",41.91145739,-87.65039336
659 W ARMITAGE AVE,"659 W ARMITAGE AVE Chicago, IL.",41.91816384,-87.645687
2407 N LINCOLN AVE,"2407 N LINCOLN AVE Chicago, IL.",41.92565955,-87.64894454
2415 N LINCOLN AVE,"2415 N LINCOLN AVE Chicago, IL.",41.92582212,-87.64917927
1706 N HALSTED ST,"1706 N HALSTED ST Chicago, IL.",41.9127469,-87.64840596
132 W ROOSEVELT RD,"132 W ROOSEVELT RD Chicago, IL.",41.86748115,-87.63188951
136 W ROOSEVELT RD,"136 W ROOSEVELT RD Chicago, IL.",41.86748024,-87.63192198
148 W ROOSEVELT RD,"148 W ROOSEVELT RD Chicago, IL.",41.8674775,-87.63201938
1134 W ARMITAGE AVE,"1134 W ARMITAGE AVE Chicago, IL.",41.91811435,-87.65682607
1164 W ARMITAGE AVE,"1164 W ARMITAGE AVE Chicago, IL.",41.91810406,-87.65752632
2231 N RACINE AVE,"2231 N RACINE AVE Chicago, IL.",41.92223926,-87.65827719
626 W 26TH ST,"626 W 26TH ST Chicago, IL.",41.84543269,-87.64255737
1413 W WASHINGTON BLVD,"1413 W WASHINGTON BLVD Chicago, IL.",41.88283885,-87.66254346
2815 N SHEFFIELD AVE,"2815 N SHEFFIELD AVE Chicago, IL.",41.93314784,-87.65379915
3021 N SHEFFIELD AVE,"3021 N SHEFFIELD AVE Chicago, IL.",41.93711892,-87.6539353
2116 S ARCHER AVE,"2116 S ARCHER AVE Chicago, IL.",41.85351635,-87.63360624
2029 S WENTWORTH AVE,"2029 S WENTWORTH AVE Chicago, IL.",41.85505939,-87.63176659
3633 N RECREATION DR,"3633 N RECREATION DR Chicago, IL.",41.9546984,-87.6438565
3629 N RECREATION DR,"3629 N RECREATION DR Chicago, IL.",41.9516446,-87.6439777
3631 N RECREATION DR,"3631 N RECREATION DR Chicago, IL.",41.9547034,-87.6438662
3627 N RECREATION DR,"3627 N RECREATION DR Chicago, IL.",41.9547135,-87.6438855
3621 N RECREATION DR,"3621 N RECREATION DR Chicago, IL.",41.9547285,-87.6439146
3613 N RECREATION DR,"3613 N RECREATION DR Chicago, IL.",41.9547486,-87.6439533
3557 N RECREATION DR,"3557 N RECREATION DR Chicago, IL.",41.9516446,-87.6439777
3549 N RECREATION DR,"3549 N RECREATION DR Chicago, IL.",41.9516446,-87.6439777
3547 N RECREATION DR,"3547 N RECREATION DR Chicago, IL.",41.9516446,-87.6439777
3541 N RECREATION DR,"3541 N RECREATION DR Chicago, IL.",41.9516446,-87.6439777
3537 N RECREATION DR,"3537 N RECREATION DR Chicago, IL.",41.9516446,-87.6439777
3535 N RECREATION DR,"3535 N RECREATION DR Chicago, IL.",41.9516446,-87.6439777
3533 N RECREATION DR,"3533 N RECREATION DR Chicago, IL.",41.9516446,-87.6439777
3602 N RECREATION DR,"3602 N RECREATION DR Chicago, IL.",41.95471297,-87.64404752
3606 N RECREATION DR,"3606 N RECREATION DR Chicago, IL.",41.95467983,-87.64390774
3608 N RECREATION DR,"3608 N RECREATION DR Chicago, IL.",41.95465791,-87.64385951
3610 N RECREATION DR,"3610 N RECREATION DR Chicago, IL.",41.95459758,-87.64379226
3618 N RECREATION DR,"3618 N RECREATION DR Chicago, IL.",41.95440293,-87.64377499
3620 N RECREATION DR,"3620 N RECREATION DR Chicago, IL.",41.9543617,-87.64378603
3622 N RECREATION DR,"3622 N RECREATION DR Chicago, IL.",41.95432048,-87.64379707
3624 N RECREATION DR,"3624 N RECREATION DR Chicago, IL.",41.95427926,-87.64380811
3626 N RECREATION DR,"3626 N RECREATION DR Chicago, IL.",41.95423804,-87.64381915
139 W SUPERIOR ST,"139 W SUPERIOR ST Chicago, IL.",41.89557313,-87.63155073
152 W HUBBARD ST,"152 W HUBBARD ST Chicago, IL.",41.89005346,-87.63297182
4 E ILLINOIS ST,"4 E ILLINOIS ST Chicago, IL.",41.89092744,-87.62788799
30 W KINZIE ST,"30 W KINZIE ST Chicago, IL.",41.88928944,-87.62933424
338 E CHICAGO AVE,"338 E CHICAGO AVE Chicago, IL.",41.89661307,-87.636884
253 E PEARSON ST,"253 E PEARSON ST Chicago, IL.",41.89757265,-87.62096301
339 E CHICAGO AVE,"339 E CHICAGO AVE Chicago, IL.",41.89674271,-87.6196871
222 E CHESTNUT ST,"222 E CHESTNUT ST Chicago, IL.",41.89848847,-87.62121133
201 E DELAWARE PL,"201 E DELAWARE PL Chicago, IL.",41.89918496,-87.62179053
272 E WALTON PL,"272 E WALTON PL Chicago, IL.",41.90012351,-87.62067263
266 E WALTON PL,"266 E WALTON PL Chicago, IL.",41.900122,-87.62075609
66 E WALTON ST,"66 E WALTON ST Chicago, IL.",41.90002364,-87.62668668
54 E WALTON ST,"54 E WALTON ST Chicago, IL.",41.90006244,-87.62423773
12 E WALTON ST,"12 E WALTON ST Chicago, IL.",41.90001434,-87.62722517
8 E WALTON ST,"8 E WALTON ST Chicago, IL.",41.90000844,-87.62761866
1 E OAK ST,"1 E OAK ST Chicago, IL.",41.90068585,-87.62824177
29 E OAK ST,"29 E OAK ST Chicago, IL.",41.9007073,-87.62725902
65 E OAK ST,"65 E OAK ST Chicago, IL.",41.90071836,-87.62646758
103 E OAK ST,"103 E OAK ST Chicago, IL.",41.90073238,-87.62552177
107 E OAK ST,"107 E OAK ST Chicago, IL.",41.90073262,-87.62550906
109 E OAK ST,"109 E OAK ST Chicago, IL.",41.90073275,-87.6255027
72 E OAK ST,"72 E OAK ST Chicago, IL.",41.90083589,-87.62626539
70 E OAK ST,"70 E OAK ST Chicago, IL.",41.90083528,-87.62630726
68 E OAK ST,"68 E OAK ST Chicago, IL.",41.90083468,-87.62634913
64 E OAK ST,"64 E OAK ST Chicago, IL.",41.90083348,-87.62643287
54 E OAK ST,"54 E OAK ST Chicago, IL.",41.90083046,-87.62664222
52 E OAK ST,"52 E OAK ST Chicago, IL.",41.90082986,-87.62668409
46 E OAK ST,"46 E OAK ST Chicago, IL.",41.90082805,-87.6268097
323 E WACKER DR,"323 E WACKER DR Chicago, IL.",41.88766178,-87.62001157
335 E RANDOLPH ST,"335 E RANDOLPH ST Chicago, IL.",41.88425185,-87.62028419
260 N WABASH AVE,"260 N WABASH AVE Chicago, IL.",41.88606696,-87.62637447
180 N WABASH AVE,"180 N WABASH AVE Chicago, IL.",41.88538396,-87.62634091
11 N WABASH AVE,"11 N WABASH AVE Chicago, IL.",41.88247506,-87.62614646
33 S WABASH AVE,"33 S WABASH AVE Chicago, IL.",41.88170906,-87.62612272
874 S WABASH AVE,"874 S WABASH AVE Chicago, IL.",41.87090052,-87.62599483
923 S STATE ST,"923 S STATE ST Chicago, IL.",41.87033415,-87.62734093
327 S FRANKLIN ST,"327 S FRANKLIN ST Chicago, IL.",41.87774293,-87.63512045
175 N FRANKLIN ST,"175 N FRANKLIN ST Chicago, IL.",41.88554305,-87.63529482
200 W ADAMS ST,"200 W ADAMS ST Chicago, IL.",41.87944344,-87.6338317
33 W RANDOLPH ST,"33 W RANDOLPH ST Chicago, IL.",41.8844297,-87.62844042
2210 S WABASH AVE,"2210 S WABASH AVE Chicago, IL.",41.85255477,-87.62556963
1827 S MICHIGAN AVE,"1827 S MICHIGAN AVE Chicago, IL.",41.85752151,-87.62384763
40 W ROOSEVELT RD,"40 W ROOSEVELT RD Chicago, IL.",41.86752744,-87.62867954
1464 S MICHIGAN AVE,"1464 S MICHIGAN AVE Chicago, IL.",41.86252204,-87.62411882
1626 S MICHIGAN AVE,"1626 S MICHIGAN AVE Chicago, IL.",41.85941294,-87.62404422
2322 S MICHIGAN AVE,"2322 S MICHIGAN AVE Chicago, IL.",41.85077745,-87.6238289
2331 S STATE ST,"2331 S STATE ST Chicago, IL.",41.85048562,-87.62695203
2327 S STATE ST,"2327 S STATE ST Chicago, IL.",41.85055515,-87.62695396
2317 S STATE ST,"2317 S STATE ST Chicago, IL.",41.85072896,-87.62695879
2308 S WENTWORTH AVE,"2308 S WENTWORTH AVE Chicago, IL.",41.85069757,-87.63204349
2316 S WENTWORTH AVE,"2316 S WENTWORTH AVE Chicago, IL.",41.85040984,-87.63203692
2425 S WENTWORTH AVE,"2425 S WENTWORTH AVE Chicago, IL.",41.84908089,-87.63185324
2419 S WENTWORTH AVE,"2419 S WENTWORTH AVE Chicago, IL.",41.84908765,-87.63185341
2145 S TAN CT,"2145 S TAN CT Chicago, IL.",41.85462591,-87.63538397
2122 S CHINA PL,"2122 S CHINA PL Chicago, IL.",41.85456391,-87.63351781
2130 S CHINA PL,"2130 S CHINA PL Chicago, IL.",41.85446873,-87.63371444
2174 S CHINA PL,"2174 S CHINA PL Chicago, IL.",41.85394763,-87.63479757
2735 N CLARK ST,"2735 N CLARK ST Chicago, IL.",41.93205811,-87.64461022
1216 W TAYLOR ST,"1216 W TAYLOR ST Chicago, IL.",41.8694594,-87.65749222
1130 S JEFFERSON ST,"1130 S JEFFERSON ST Chicago, IL.",41.8690561,-87.64232496
1092 S JEFFERSON ST,"1092 S JEFFERSON ST Chicago, IL.",41.8692331,-87.64233049
1068 S JEFFERSON ST,"1068 S JEFFERSON ST Chicago, IL.",41.8693449,-87.64233398
684 S JEFFERSON ST,"684 S JEFFERSON ST Chicago, IL.",41.87373809,-87.64248107
411 S JEFFERSON ST,"411 S JEFFERSON ST Chicago, IL.",41.87659202,-87.64241781
230 S JEFFERSON ST,"230 S JEFFERSON ST Chicago, IL.",41.8790588,-87.64264871
231 N HALSTED ST,"231 N HALSTED ST Chicago, IL.",41.88632893,-87.64741605
1856 S BLUE ISLAND AVE,"1856 S BLUE ISLAND AVE Chicago, IL.",41.85678189,-87.66217097
340 E RANDOLPH ST,"340 E RANDOLPH ST Chicago, IL.",41.88457344,-87.61969179
1847 S BLUE ISLAND AVE,"1847 S BLUE ISLAND AVE Chicago, IL.",41.85687939,-87.66190672
1918 S BLUE ISLAND AVE,"1918 S BLUE ISLAND AVE Chicago, IL.",41.85587474,-87.66294657
327 E ILLINOIS ST,"327 E ILLINOIS ST Chicago, IL.",41.89093601,-87.62069429
1335 S HALSTED ST,"1335 S HALSTED ST Chicago, IL.",41.86428076,-87.64675852
731 N WELLS ST,"731 N WELLS ST Chicago, IL.",41.89565434,-87.63409892
258 W CERMAK RD,"258 W CERMAK RD Chicago, IL.",41.85294474,-87.63398181
224 W ILLINOIS ST,"224 W ILLINOIS ST Chicago, IL.",41.89083576,-87.63474156
969 W JACKSON BLVD,"969 W JACKSON BLVD Chicago, IL.",41.87784385,-87.64995697
949 W JACKSON BLVD,"949 W JACKSON BLVD Chicago, IL.",41.87784558,-87.64985435
2109 S ARCHER AVE,"2109 S ARCHER AVE Chicago, IL.",41.85358927,-87.63317395
1953 S ARCHER AVE,"1953 S ARCHER AVE Chicago, IL.",41.85612419,-87.62793171
3745 N HALSTED ST,"3745 N HALSTED ST Chicago, IL.",41.95037511,-87.64951041
1825 N CLARK ST,"1825 N CLARK ST Chicago, IL.",41.91466403,-87.63368728
2455 N LINCOLN AVE,"2455 N LINCOLN AVE Chicago, IL.",41.92664114,-87.65032208
350 W ARMITAGE AVE,"350 W ARMITAGE AVE Chicago, IL.",41.91838834,-87.63811877
2960 N LINCOLN AVE,"2960 N LINCOLN AVE Chicago, IL.",41.93561639,-87.66309839
3123 N LINCOLN AVE,"3123 N LINCOLN AVE Chicago, IL.",41.93835662,-87.66671989
3636 N DAMEN AVE,"3636 N DAMEN AVE Chicago, IL.",41.94788997,-87.67865887
2845 N CLARK ST,"2845 N CLARK ST Chicago, IL.",41.93409709,-87.64584291
3037 N CLARK ST,"3037 N CLARK ST Chicago, IL.",41.93698976,-87.64818616
3525 N CLARK ST,"3525 N CLARK ST Chicago, IL.",41.94614668,-87.65557885
510 S HALSTED ST,"510 S HALSTED ST Chicago, IL.",41.87493543,-87.64722517
748 S HALSTED ST,"748 S HALSTED ST Chicago, IL.",41.87192688,-87.64721224
874 W TAYLOR ST,"874 W TAYLOR ST Chicago, IL.",41.86969116,-87.64860818
1022 W TAYLOR ST,"1022 W TAYLOR ST Chicago, IL.",41.86954344,-87.65241219
1038 W TAYLOR ST,"1038 W TAYLOR ST Chicago, IL.",41.86954149,-87.65282462
1040 W TAYLOR ST,"1040 W TAYLOR ST Chicago, IL.",41.86953953,-87.65287562
2616 N HALSTED ST,"2616 N HALSTED ST Chicago, IL.",41.92952375,-87.64898127
150 N GARLAND CT,"150 N GARLAND CT Chicago, IL.",41.8838714,-87.6254504
72 E RANDOLPH ST,"72 E RANDOLPH ST Chicago, IL.",41.88455544,-87.62529925
32 E RANDOLPH ST,"32 E RANDOLPH ST Chicago, IL.",41.88455435,-87.6267033
1658 N WELLS ST,"1658 N WELLS ST Chicago, IL.",41.91257565,-87.63483121
447 N WELLS ST,"447 N WELLS ST Chicago, IL.",41.89035596,-87.63396075
421 N WELLS ST,"421 N WELLS ST Chicago, IL.",41.8901676,-87.63395726
1226 N WELLS ST,"1226 N WELLS ST Chicago, IL.",41.90465814,-87.63458529
152 W HURON ST,"152 W HURON ST Chicago, IL.",41.89486044,-87.6331395
508 N KINGSBURY ST,"508 N KINGSBURY ST Chicago, IL.",41.89085065,-87.63944383
901 W JACKSON BLVD,"901 W JACKSON BLVD Chicago, IL.",41.87785285,-87.6496582
1283 W TAYLOR ST,"1283 W TAYLOR ST Chicago, IL.",41.86932112,-87.65899645
834 W TAYLOR ST,"834 W TAYLOR ST Chicago, IL.",41.86970383,-87.64781572
999 W HARRISON ST,"999 W HARRISON ST Chicago, IL.",41.87426185,-87.6517318
1351 W FULLERTON AVE,"1351 W FULLERTON AVE Chicago, IL.",41.92517484,-87.66233466
571 S MORGAN ST,"571 S MORGAN ST Chicago, IL.",41.87519735,-87.6517633
525 S MORGAN ST,"525 S MORGAN ST Chicago, IL.",41.875245,-87.6517633
1519 W MADISON ST,"1519 W MADISON ST Chicago, IL.",41.8813411,-87.665226
0 S MORGAN ST,"1 S MORGAN ST Chicago, IL.",41.88117658,-87.65193529
505 S MORGAN ST,"505 S MORGAN ST Chicago, IL.",41.87526571,-87.6517633
542 S MORGAN ST,"542 S MORGAN ST Chicago, IL.",41.87522635,-87.65191719
1510 W HARRISON ST,"1510 W HARRISON ST Chicago, IL.",41.87419513,-87.66371508
1219 W MADISON ST,"1219 W MADISON ST Chicago, IL.",41.88150772,-87.65820095
610 W JACKSON BLVD,"610 W JACKSON BLVD Chicago, IL.",41.87805744,-87.64274521
515 W JACKSON BLVD,"515 W JACKSON BLVD Chicago, IL.",41.87797663,-87.64042686
16 N PEORIA ST,"16 N PEORIA ST Chicago, IL.",41.882214,-87.64978609
18 N GREEN ST,"18 N GREEN ST Chicago, IL.",41.88202224,-87.64861404
920 W MONROE ST,"920 W MONROE ST Chicago, IL.",41.88048771,-87.65058029
922 W MONROE ST,"922 W MONROE ST Chicago, IL.",41.88048744,-87.65066196
2012 N HALSTED ST,"2012 N HALSTED ST Chicago, IL.",41.91844043,-87.64859694
1835 N HALSTED ST,"1835 N HALSTED ST Chicago, IL.",41.91461488,-87.64829633
744 S HALSTED ST,"744 S HALSTED ST Chicago, IL.",41.87199066,-87.64721456
569 S MORGAN ST,"569 S MORGAN ST Chicago, IL.",41.87519943,-87.6517633
544 S MORGAN ST,"544 S MORGAN ST Chicago, IL.",41.87522428,-87.65191719
910 W JACKSON BLVD,"910 W JACKSON BLVD Chicago, IL.",41.87796744,-87.6497023
648 N WELLS ST,"648 N WELLS ST Chicago, IL.",41.89383171,-87.63420525
563 W KINZIE ST,"563 W KINZIE ST Chicago, IL.",41.88899485,-87.64231014
357 W KINZIE ST,"357 W KINZIE ST Chicago, IL.",41.88907155,-87.63750451
672 S PLYMOUTH CT,"672 S PLYMOUTH CT Chicago, IL.",41.87373908,-87.62874898
1360 N DEARBORN PKWY,"1360 N DEARBORN PKWY Chicago, IL.",41.90713564,-87.63016068
1344 S WABASH AVE,"1344 S WABASH AVE Chicago, IL.",41.8649934,-87.62585236
68 S CLINTON ST,"68 S CLINTON ST Chicago, IL.",41.8814233,-87.6412554
1704 S WABASH AVE,"1704 S WABASH AVE Chicago, IL.",41.85897511,-87.62571255
2525 N LINCOLN AVE,"2525 N LINCOLN AVE Chicago, IL.",41.92774984,-87.65187552
25 E HARRISON ST,"25 E HARRISON ST Chicago, IL.",41.87432992,-87.62714456
1033 W BELMONT AVE,"1033 W BELMONT AVE Chicago, IL.",41.93983306,-87.65539634
1840 S BLUE ISLAND AVE,"1840 S BLUE ISLAND AVE Chicago, IL.",41.85703559,-87.66195648
37 N JEFFERSON ST,"37 N JEFFERSON ST Chicago, IL.",41.88234315,-87.64259899
1068 W TAYLOR ST,"1068 W TAYLOR ST Chicago, IL.",41.86952285,-87.65358376
2472 N CLARK ST,"2472 N CLARK ST Chicago, IL.",41.92739149,-87.64164522
1111 W TAYLOR ST,"1111 W TAYLOR ST Chicago, IL.",41.86939285,-87.65471446
1949 N LINCOLN AVE,"1949 N LINCOLN AVE Chicago, IL.",41.91746335,-87.63748421
565 W ADAMS ST,"565 W ADAMS ST Chicago, IL.",41.87922714,-87.64180073
2020 S MICHIGAN AVE,"2020 S MICHIGAN AVE Chicago, IL.",41.85521005,-87.62394874
2128 S MICHIGAN AVE,"2128 S MICHIGAN AVE Chicago, IL.",41.85387644,-87.62391957
686 S JEFFERSON ST,"686 S JEFFERSON ST Chicago, IL.",41.87372436,-87.64248069
674 S JEFFERSON ST,"674 S JEFFERSON ST Chicago, IL.",41.87380674,-87.64248298
2151 S ARCHER AVE,"2151 S ARCHER AVE Chicago, IL.",41.85324185,-87.63389027
3316 N SOUTHPORT AVE,"3316 N SOUTHPORT AVE Chicago, IL.",41.94204305,-87.66395689
3123 N SOUTHPORT AVE,"3123 N SOUTHPORT AVE Chicago, IL.",41.93858833,-87.66370286
36 S CLINTON ST,"36 S CLINTON ST Chicago, IL.",41.88160711,-87.64126167
150 N CLINTON ST,"150 N CLINTON ST Chicago, IL.",41.88461903,-87.6413545
23 E HARRISON ST,"23 E HARRISON ST Chicago, IL.",41.87432848,-87.62717063
1026 S CANAL ST,"1026 S CANAL ST Chicago, IL.",41.86938364,-87.63933991
832 W MADISON ST,"832 W MADISON ST Chicago, IL.",41.88181944,-87.64845579
908 W MADISON ST,"908 W MADISON ST Chicago, IL.",41.88182639,-87.65008674
2142 S ARCHER AVE,"2142 S ARCHER AVE Chicago, IL.",41.85333387,-87.63398249
106 N ABERDEEN ST,"106 N ABERDEEN ST Chicago, IL.",41.88336861,-87.654485
2235 S ARCHER AVE,"2235 S ARCHER AVE Chicago, IL.",41.852078,-87.63629885
2221 S ARCHER AVE,"2221 S ARCHER AVE Chicago, IL.",41.85221792,-87.63601613
1139 W RANDOLPH ST,"1139 W RANDOLPH ST Chicago, IL.",41.88408721,-87.65576498
587 W FULTON ST,"587 W FULTON ST Chicago, IL.",41.88675385,-87.64191492
890 N WELLS ST,"890 N WELLS ST Chicago, IL.",41.89730549,-87.63430567
2359 N CLARK ST,"2359 N CLARK ST Chicago, IL.",41.92519956,-87.64014772
179 W HUBBARD ST,"179 W HUBBARD ST Chicago, IL.",41.88995067,-87.63213471
2475 N CLARK ST,"2475 N CLARK ST Chicago, IL.",41.92746645,-87.64152081
2817 N CLARK ST,"2817 N CLARK ST Chicago, IL.",41.9335108,-87.64536697
2835 N CLARK ST,"2835 N CLARK ST Chicago, IL.",41.93390929,-87.64569049
2909 N CLARK ST,"2909 N CLARK ST Chicago, IL.",41.93515511,-87.646704
3227 N CLARK ST,"3227 N CLARK ST Chicago, IL.",41.94049655,-87.65102463
3503 N CLARK ST,"3503 N CLARK ST Chicago, IL.",41.94589254,-87.65537425
3729 N CLARK ST,"3729 N CLARK ST Chicago, IL.",41.94949537,-87.65826919
3976 N BROADWAY ST,"3976 N BROADWAY ST Chicago, IL.",41.95362061,-87.65000837
1139 N DEARBORN ST,"1139 N DEARBORN ST Chicago, IL.",41.90298691,-87.62988136
170 W HURON ST,"170 W HURON ST Chicago, IL.",41.89486044,-87.6332797
1415 S HALSTED ST,"1415 S HALSTED ST Chicago, IL.",41.86312324,-87.64672104
633 W WELLINGTON AVE,"633 W WELLINGTON AVE Chicago, IL.",41.93641669,-87.64560001
3625 N RECREATION DR,"3625 N RECREATION DR Chicago, IL.",41.9547185,-87.6438952
3619 N RECREATION DR,"3619 N RECREATION DR Chicago, IL.",41.9547335,-87.6439243
3617 N RECREATION DR,"3617 N RECREATION DR Chicago, IL.",41.9547386,-87.6439339
3553 N RECREATION DR,"3553 N RECREATION DR Chicago, IL.",41.9516446,-87.6439777
3545 N RECREATION DR,"3545 N RECREATION DR Chicago, IL.",41.9516446,-87.6439777
3543 N RECREATION DR,"3543 N RECREATION DR Chicago, IL.",41.9516446,-87.6439777
3539 N RECREATION DR,"3539 N RECREATION DR Chicago, IL.",41.9516446,-87.6439777
3531 N RECREATION DR,"3531 N RECREATION DR Chicago, IL.",41.9516446,-87.6439777
3529 N RECREATION DR,"3529 N RECREATION DR Chicago, IL.",41.9516446,-87.6439777
3612 N RECREATION DR,"3612 N RECREATION DR Chicago, IL.",41.95455818,-87.64377256
1007 W IRVING PARK RD,"1007 W IRVING PARK RD Chicago, IL.",41.95442434,-87.65489469
1010 W IRVING PARK RD,"1010 W IRVING PARK RD Chicago, IL.",41.95453745,-87.65498955
710 N STATE ST,"710 N STATE ST Chicago, IL.",41.895058,-87.62823666
10 E SUPERIOR ST,"10 E SUPERIOR ST Chicago, IL.",41.89576044,-87.62664845
3542 N SOUTHPORT AVE,"3542 N SOUTHPORT AVE Chicago, IL.",41.94631852,-87.66407155
3514 N SOUTHPORT AVE,"3514 N SOUTHPORT AVE Chicago, IL.",41.94566189,-87.66405535
3412 N SOUTHPORT AVE,"3412 N SOUTHPORT AVE Chicago, IL.",41.94374184,-87.66400426
400 W VAN BUREN ST,"400 W VAN BUREN ST Chicago, IL.",41.87685078,-87.63800151
1415 N DEARBORN PKWY,"1415 N DEARBORN PKWY Chicago, IL.",41.90812411,-87.63003577
1435 N DEARBORN PKWY,"1435 N DEARBORN PKWY Chicago, IL.",41.90842788,-87.63004544
1527 W 18TH ST,"1527 W 18TH ST Chicago, IL.",41.85776289,-87.66480159
2112 N CLYBOURN AVE,"2112 N CLYBOURN AVE Chicago, IL.",41.919837,-87.66204426
1950 N CLYBOURN AVE,"1950 N CLYBOURN AVE Chicago, IL.",41.91643915,-87.65733579
1666 N CLYBOURN AVE,"1666 N CLYBOURN AVE Chicago, IL.",41.91144098,-87.65037041
1628 N CLYBOURN AVE,"1628 N CLYBOURN AVE Chicago, IL.",41.91112915,-87.64993438
1625 N HALSTED ST,"1625 N HALSTED ST Chicago, IL.",41.91173305,-87.64822019
1629 N HALSTED ST,"1629 N HALSTED ST Chicago, IL.",41.91177994,-87.64822128
1717 N HALSTED ST,"1717 N HALSTED ST Chicago, IL.",41.91281187,-87.64825405
2709 N HALSTED ST,"2709 N HALSTED ST Chicago, IL.",41.93169521,-87.64889777
3125 N HALSTED ST,"3125 N HALSTED ST Chicago, IL.",41.93878775,-87.64915099
822 W BELMONT AVE,"822 W BELMONT AVE Chicago, IL.",41.94002461,-87.6501766
840 W BELMONT AVE,"840 W BELMONT AVE Chicago, IL.",41.94002243,-87.65027359
908 W BELMONT AVE,"908 W BELMONT AVE Chicago, IL.",41.94000443,-87.6517807
1016 W BELMONT AVE,"1016 W BELMONT AVE Chicago, IL.",41.9399559,-87.65486005
1340 W BELMONT AVE,"1340 W BELMONT AVE Chicago, IL.",41.93983825,-87.6628408
3209 N SOUTHPORT AVE,"3209 N SOUTHPORT AVE Chicago, IL.",41.940359,-87.66375807
3317 N SOUTHPORT AVE,"3317 N SOUTHPORT AVE Chicago, IL.",41.94204514,-87.66380286
3321 N SOUTHPORT AVE,"3321 N SOUTHPORT AVE Chicago, IL.",41.94214558,-87.66380533
3323 N SOUTHPORT AVE,"3323 N SOUTHPORT AVE Chicago, IL.",41.9421958,-87.66380656
3349 N SOUTHPORT AVE,"3349 N SOUTHPORT AVE Chicago, IL.",41.94273758,-87.66382047
3439 N SOUTHPORT AVE,"3439 N SOUTHPORT AVE Chicago, IL.",41.94453913,-87.66386913
3709 N SOUTHPORT AVE,"3709 N SOUTHPORT AVE Chicago, IL.",41.94917862,-87.66399682
3806 N CLARK ST,"3806 N CLARK ST Chicago, IL.",41.95115254,-87.65978265
3548 N CLARK ST,"3548 N CLARK ST Chicago, IL.",41.94659442,-87.65611781
3334 N CLARK ST,"3334 N CLARK ST Chicago, IL.",41.9425485,-87.65286758
223 S FRANKLIN ST,"223 S FRANKLIN ST Chicago, IL.",41.87895549,-87.63514881
155 N FRANKLIN ST,"155 N FRANKLIN ST Chicago, IL.",41.88543601,-87.63530085
2914 N CLARK ST,"2914 N CLARK ST Chicago, IL.",41.93529579,-87.64699753
2862 N CLARK ST,"2862 N CLARK ST Chicago, IL.",41.93427407,-87.64616511
2566 N CLARK ST,"2566 N CLARK ST Chicago, IL.",41.92921508,-87.64271349
2342 N CLARK ST,"2342 N CLARK ST Chicago, IL.",41.92487273,-87.64011401
2210 N CLARK ST,"2210 N CLARK ST Chicago, IL.",41.92299255,-87.63898479
24 W POLK ST,"24 W POLK ST Chicago, IL.",41.87235015,-87.62843528
74 W POLK ST,"74 W POLK ST Chicago, IL.",41.87232535,-87.630027
88 W POLK ST,"88 W POLK ST Chicago, IL.",41.87232327,-87.6303297
700 S FEDERAL ST,"700 S FEDERAL ST Chicago, IL.",41.87371155,-87.62971949
743 S FEDERAL ST,"743 S FEDERAL ST Chicago, IL.",41.87291482,-87.62954199
747 S DEARBORN ST,"747 S DEARBORN ST Chicago, IL.",41.87286083,-87.62907545
529 S DEARBORN ST,"529 S DEARBORN ST Chicago, IL.",41.87523834,-87.62914844
161 S FRANKLIN ST,"161 S FRANKLIN ST Chicago, IL.",41.87987457,-87.63517625
67 S FRANKLIN ST,"67 S FRANKLIN ST Chicago, IL.",41.88151154,-87.63522356
1102 W BELMONT AVE,"1102 W BELMONT AVE Chicago, IL.",41.93992152,-87.65722075
319 W RANDOLPH ST,"319 W RANDOLPH ST Chicago, IL.",41.88440485,-87.63569408
840 W RANDOLPH ST,"840 W RANDOLPH ST Chicago, IL.",41.88455235,-87.6488104
361 N PEORIA ST,"361 N PEORIA ST Chicago, IL.",41.88721711,-87.64977809
365 N PEORIA ST,"365 N PEORIA ST Chicago, IL.",41.88724325,-87.6497791
381 N PEORIA ST,"381 N PEORIA ST Chicago, IL.",41.88895294,-87.64982143
387 N PEORIA ST,"387 N PEORIA ST Chicago, IL.",41.88895581,-87.64982161
264 N SANGAMON ST,"264 N SANGAMON ST Chicago, IL.",41.88585098,-87.65105803
1534 N DEARBORN ST,"1534 N DEARBORN ST Chicago, IL.",41.91007718,-87.63024893
1442 N DEARBORN PKWY,"1442 N DEARBORN PKWY Chicago, IL.",41.90854651,-87.63020334
6 S ABERDEEN ST,"6 S ABERDEEN ST Chicago, IL.",41.88112493,-87.65476186
2234 N HALSTED ST,"2234 N HALSTED ST Chicago, IL.",41.9224647,-87.64873282
1329 N DEARBORN PKWY,"1329 N DEARBORN PKWY Chicago, IL.",41.90651786,-87.62998736
833 W JACKSON BLVD,"833 W JACKSON BLVD Chicago, IL.",41.87787085,-87.6484882
711 W JACKSON BLVD,"711 W JACKSON BLVD Chicago, IL.",41.87792546,-87.64427243
341 W COUCH PL,"341 W COUCH PL Chicago, IL.",41.8851062,-87.6470117
317 W MERCHANDISE MART PLZ,"317 W MERCHANDISE MART PLZ Chicago, IL.",41.8880817,-87.6341173
210 W KINZIE ST,"210 W KINZIE ST Chicago, IL.",41.88921743,-87.63430975
224 S COLUMBUS DR,"224 S COLUMBUS DR Chicago, IL.",41.87895631,-87.62080393
276 S COLUMBUS DR,"276 S COLUMBUS DR Chicago, IL.",41.87855327,-87.62078255
278 S COLUMBUS DR,"278 S COLUMBUS DR Chicago, IL.",41.87853796,-87.62078064
1507 S MICHIGAN AVE,"1507 S MICHIGAN AVE Chicago, IL.",41.86210856,-87.62395508
81 E 13TH ST,"81 E 13TH ST Chicago, IL.",41.86570208,-87.62597921
1600 S MICHIGAN AVE,"1600 S MICHIGAN AVE Chicago, IL.",41.86008581,-87.62406076
2211 S WABASH AVE,"2211 S WABASH AVE Chicago, IL.",41.85255685,-87.62541581
2110 S STATE ST,"2110 S STATE ST Chicago, IL.",41.85406828,-87.62718474
154 N CLINTON ST,"154 N CLINTON ST Chicago, IL.",41.88470359,-87.64135615
2418 S WENTWORTH AVE,"2418 S WENTWORTH AVE Chicago, IL.",41.84862775,-87.63203872
688 S JEFFERSON ST,"688 S JEFFERSON ST Chicago, IL.",41.87371056,-87.64248028
1254 W TAYLOR ST,"1254 W TAYLOR ST Chicago, IL.",41.86945345,-87.65811503
2423 N CLARK ST,"2423 N CLARK ST Chicago, IL.",41.92619169,-87.64077043
3229 N CLARK ST,"3229 N CLARK ST Chicago, IL.",41.94053132,-87.65105267
3273 N CLARK ST,"3273 N CLARK ST Chicago, IL.",41.94129636,-87.65166952
3483 N CLARK ST,"3483 N CLARK ST Chicago, IL.",41.94558853,-87.65512303
3541 N CLARK ST,"3541 N CLARK ST Chicago, IL.",41.9463315,-87.65572765
3747 N CLARK ST,"3747 N CLARK ST Chicago, IL.",41.94977408,-87.65849579
1033 W WASHINGTON BLVD,"1033 W WASHINGTON BLVD Chicago, IL.",41.88299863,-87.65247558
3334 N HALSTED ST,"3334 N HALSTED ST Chicago, IL.",41.94276636,-87.64943469
3230 N HALSTED ST,"3230 N HALSTED ST Chicago, IL.",41.94094376,-87.64937433
2814 N HALSTED ST,"2814 N HALSTED ST Chicago, IL.",41.93311632,-87.64910441
2116 N HALSTED ST,"2116 N HALSTED ST Chicago, IL.",41.92032937,-87.64866284
1750 N WELLS ST,"1750 N WELLS ST Chicago, IL.",41.91438568,-87.63488799
1220 W MADISON ST,"1220 W MADISON ST Chicago, IL.",41.88169765,-87.65772399
1232 W MADISON ST,"1232 W MADISON ST Chicago, IL.",41.88169202,-87.6580264
1621 N CLYBOURN AVE,"1621 N CLYBOURN AVE Chicago, IL.",41.91142878,-87.65013112
1135 W MADISON ST,"1135 W MADISON ST Chicago, IL.",41.88154677,-87.65585286
1500 N WELLS ST,"1500 N WELLS ST Chicago, IL.",41.90939901,-87.63473211
1987 N CLYBOURN AVE,"1987 N CLYBOURN AVE Chicago, IL.",41.91736652,-87.65840451
1999 N CLYBOURN AVE,"1999 N CLYBOURN AVE Chicago, IL.",41.91763778,-87.6587753
2137 N CLYBOURN AVE,"2137 N CLYBOURN AVE Chicago, IL.",41.92042882,-87.66264173
1093 W FULLERTON AVE,"1093 W FULLERTON AVE Chicago, IL.",41.92529184,-87.65585587
2309 N LINCOLN AVE,"2309 N LINCOLN AVE Chicago, IL.",41.92388619,-87.64647512
779 W FULLERTON AVE,"779 W FULLERTON AVE Chicago, IL.",41.92541784,-87.64724736
835 W WASHINGTON BLVD,"835 W WASHINGTON BLVD Chicago, IL.",41.8830622,-87.64867474
3153 N BROADWAY ST,"3153 N BROADWAY ST Chicago, IL.",41.93920449,-87.64429466
3441 N BROADWAY,"3441 N BROADWAY Chicago, IL.",41.94429035,-87.64531888
3601 N RECREATION DR,"3601 N RECREATION DR Chicago, IL.",41.954737,-87.644017
3589 N RECREATION DR,"3589 N RECREATION DR Chicago, IL.",41.9516446,-87.6439777
3614 N RECREATION DR,"3614 N RECREATION DR Chicago, IL.",41.95450052,-87.64375983
3616 N RECREATION DR,"3616 N RECREATION DR Chicago, IL.",41.95444415,-87.64376395
2319 N SOUTHPORT AVE,"2319 N SOUTHPORT AVE Chicago, IL.",41.92408517,-87.66320481
3468 N CLARK ST,"3468 N CLARK ST Chicago, IL.",41.94510775,-87.65491626
3336 N CLARK ST,"3336 N CLARK ST Chicago, IL.",41.94259216,-87.65290275
3184 N CLARK ST,"3184 N CLARK ST Chicago, IL.",41.93969313,-87.65055637
2738 N CLARK ST,"2738 N CLARK ST Chicago, IL.",41.93206951,-87.64477672
2736 N CLARK ST,"2736 N CLARK ST Chicago, IL.",41.93204813,-87.64476746
2438 N CLARK ST,"2438 N CLARK ST Chicago, IL.",41.92657836,-87.64116853
2426 N CLARK ST,"2426 N CLARK ST Chicago, IL.",41.92627193,-87.64098649
1369 W BELMONT AVE,"1369 W BELMONT AVE Chicago, IL.",41.93972712,-87.66258832
959 W BELMONT AVE,"959 W BELMONT AVE Chicago, IL.",41.93986284,-87.65363697
423 N WELLS ST,"423 N WELLS ST Chicago, IL.",41.89018209,-87.63395753
419 N WELLS ST,"419 N WELLS ST Chicago, IL.",41.89015312,-87.633957
1241 W CHICAGO AVE ,"1241 W CHICAGO AVE  Chicago, IL.",41.89614563,-87.65908353
462 N NEW ST,"462 N NEW ST Chicago, IL.",41.89077722,-87.61867806
458 N NEW ST,"458 N NEW ST Chicago, IL.",41.89075544,-87.61867722
2205 N SOUTHPORT AVE,"2205 N SOUTHPORT AVE Chicago, IL.",41.9217503,-87.6631244
3416 N SOUTHPORT AVE,"3416 N SOUTHPORT AVE Chicago, IL.",41.94391458,-87.66400899
3420 N SOUTHPORT AVE,"3420 N SOUTHPORT AVE Chicago, IL.",41.94403359,-87.66401239
3524 N SOUTHPORT AVE,"3524 N SOUTHPORT AVE Chicago, IL.",41.9459237,-87.66406189
3632 N SOUTHPORT AVE,"3632 N SOUTHPORT AVE Chicago, IL.",41.94786378,-87.66411359
3626 N SOUTHPORT AVE,"3626 N SOUTHPORT AVE Chicago, IL.",41.94777553,-87.66411075
1317 W TAYLOR ST,"1317 W TAYLOR ST Chicago, IL.",41.86931259,-87.65988098
3440 N SOUTHPORT AVE,"3440 N SOUTHPORT AVE Chicago, IL.",41.9445032,-87.6640221
920 W HARRISON ST,"920 W HARRISON ST Chicago, IL.",41.87439956,-87.65041722
3016 N SOUTHPORT AVE,"3016 N SOUTHPORT AVE Chicago, IL.",41.93652188,-87.66378103
1208 W HARRISON ST,"1208 W HARRISON ST Chicago, IL.",41.87427309,-87.65719831
1226 W HARRISON ST,"1226 W HARRISON ST Chicago, IL.",41.87426702,-87.65762512
2509 N HALSTED ST,"2509 N HALSTED ST Chicago, IL.",41.92783223,-87.64876804
2373 N SOUTHPORT AVE,"2373 N SOUTHPORT AVE Chicago, IL.",41.92451797,-87.66321996
712 W ROOSEVELT RD,"712 W ROOSEVELT RD Chicago, IL.",41.86722144,-87.64537959
760 W ROOSEVELT RD,"760 W ROOSEVELT RD Chicago, IL.",41.86722144,-87.6459412
866 W ROOSEVELT RD,"866 W ROOSEVELT RD Chicago, IL.",41.86718864,-87.64834632
3001 N SOUTHPORT AVE,"3001 N SOUTHPORT AVE Chicago, IL.",41.9363775,-87.6634137
1155 W MADISON ST,"1155 W MADISON ST Chicago, IL.",41.88153701,-87.65648231
1159 W MADISON ST,"1159 W MADISON ST Chicago, IL.",41.88153506,-87.6566082
1051 W MADISON ST,"1051 W MADISON ST Chicago, IL.",41.88163666,-87.6524146
949 W MADISON ST,"949 W MADISON ST Chicago, IL.",41.88165115,-87.65143582
833 W MADISON ST,"833 W MADISON ST Chicago, IL.",41.88171381,-87.64806065
10 N DESPLAINES ST,"10 N DESPLAINES ST Chicago, IL.",41.88200261,-87.64421008
3650 N SOUTHPORT AVE,"3650 N SOUTHPORT AVE Chicago, IL.",41.9481285,-87.66412209
3735 N SOUTHPORT AVE,"3735 N SOUTHPORT AVE Chicago, IL.",41.94991693,-87.66401788
3737 N SOUTHPORT AVE,"3737 N SOUTHPORT AVE Chicago, IL.",41.94997371,-87.66401952
3827 N SOUTHPORT AVE,"3827 N SOUTHPORT AVE Chicago, IL.",41.95158664,-87.66406634
961 W BELMONT AVE,"961 W BELMONT AVE Chicago, IL.",41.93986284,-87.65365671
144 S WACKER DR,"144 S WACKER DR Chicago, IL.",41.88004249,-87.6370484
722 S WABASH AVE,"722 S WABASH AVE Chicago, IL.",41.87280268,-87.62603614
2734 N CLARK ST,"2734 N CLARK ST Chicago, IL.",41.93203053,-87.64475972
2564 N CLARK ST,"2564 N CLARK ST Chicago, IL.",41.92919098,-87.64269949
2434 N CLARK ST,"2434 N CLARK ST Chicago, IL.",41.92647622,-87.64110785
23 W OHIO ST,"23 W OHIO ST Chicago, IL.",41.89239685,-87.6291095
1412 W HUBBARD ST,"1412 W HUBBARD ST Chicago, IL.",41.89000044,-87.66301281
1440 W HUBBARD ST,"1440 W HUBBARD ST Chicago, IL.",41.88999144,-87.6638075
25 E GRAND AVE,"25 E GRAND AVE Chicago, IL.",41.89163408,-87.62634555
1808 N CLARK ST,"1808 N CLARK ST Chicago, IL.",41.91519128,-87.63418025
206 W KINZIE ST,"206 W KINZIE ST Chicago, IL.",41.88921722,-87.63414398
671 N MILWAUKEE AVE,"671 N MILWAUKEE AVE Chicago, IL.",41.8938677,-87.6515709
2945 N CLARK ST,"2945 N CLARK ST Chicago, IL.",41.93584326,-87.6472608
60 S CLINTON ST,"60 S CLINTON ST Chicago, IL.",41.88146925,-87.64125697
1232 S MICHIGAN AVE,"1232 S MICHIGAN AVE Chicago, IL.",41.86684533,-87.62412801
1416 S MICHIGAN AVE,"1416 S MICHIGAN AVE Chicago, IL.",41.86367164,-87.62414619
1622 S MICHIGAN AVE,"1622 S MICHIGAN AVE Chicago, IL.",41.85951646,-87.62404676
1918 S MICHIGAN AVE,"1918 S MICHIGAN AVE Chicago, IL.",41.85646458,-87.62397699
2306 S MICHIGAN AVE,"2306 S MICHIGAN AVE Chicago, IL.",41.85098208,-87.62383389
1036 W TAYLOR ST,"1036 W TAYLOR ST Chicago, IL.",41.86954344,-87.65276965
1811 S WABASH AVE,"1811 S WABASH AVE Chicago, IL.",41.85768654,-87.62552958
1439 S WABASH AVE,"1439 S WABASH AVE Chicago, IL.",41.86344042,-87.62565851
1423 S WABASH AVE,"1423 S WABASH AVE Chicago, IL.",41.8636948,-87.62566626
701 S HALSTED ST,"701 S HALSTED ST Chicago, IL.",41.88245888,-87.6473423
1418 W 18TH ST,"1418 W 18TH ST Chicago, IL.",41.85791689,-87.662215
1545 W 18TH ST,"1545 W 18TH ST Chicago, IL.",41.8577524,-87.66554272
1479 W 18TH ST,"1479 W 18TH ST Chicago, IL.",41.85778927,-87.66305628
1822 S BLUE ISLAND AVE,"1822 S BLUE ISLAND AVE Chicago, IL.",41.85732101,-87.66171517
1858 S BLUE ISLAND AVE,"1858 S BLUE ISLAND AVE Chicago, IL.",41.85675017,-87.66219779
1864 S BLUE ISLAND AVE,"1864 S BLUE ISLAND AVE Chicago, IL.",41.85665504,-87.66227822
1273 W 18TH ST,"1273 W 18TH ST Chicago, IL.",41.85785528,-87.65859066
1247 S HALSTED ST,"1247 S HALSTED ST Chicago, IL.",41.86563415,-87.64679528
1516 N WELLS ST,"1516 N WELLS ST Chicago, IL.",41.90966726,-87.63473886
1514 N WELLS ST,"1514 N WELLS ST Chicago, IL.",41.90963369,-87.63473785
1328 N WELLS ST,"1328 N WELLS ST Chicago, IL.",41.90699304,-87.63466292
2115 S ARCHER AVE,"2115 S ARCHER AVE Chicago, IL.",41.85353963,-87.63327628
955 W BELMONT AVE,"955 W BELMONT AVE Chicago, IL.",41.93986284,-87.6535975
953 W BELMONT AVE,"953 W BELMONT AVE Chicago, IL.",41.93986284,-87.65357776
1825 S STATE ST,"1825 S STATE ST Chicago, IL.",41.85748052,-87.62704933
386 E CHICAGO AVE,"386 E CHICAGO AVE Chicago, IL.",41.89659858,-87.63818942
380 E CHICAGO AVE,"380 E CHICAGO AVE Chicago, IL.",41.89660025,-87.63803258
368 E CHICAGO AVE,"368 E CHICAGO AVE Chicago, IL.",41.89660361,-87.63771888
3276 N HALSTED ST,"3276 N HALSTED ST Chicago, IL.",41.94152239,-87.64939336
320 W CHICAGO AVE,"320 W CHICAGO AVE Chicago, IL.",41.89662187,-87.63650295
428 W CHICAGO AVE,"428 W CHICAGO AVE Chicago, IL.",41.89658677,-87.63904831
434 W CHICAGO AVE,"434 W CHICAGO AVE Chicago, IL.",41.89658597,-87.63911384
489 W CHICAGO AVE,"489 W CHICAGO AVE Chicago, IL.",41.89643785,-87.64120461
736 N LA SALLE ST,"736 N LA SALLE ST Chicago, IL.",41.89616327,-87.63285687
34 W ILLINOIS ST,"34 W ILLINOIS ST Chicago, IL.",41.89088244,-87.63014601
436 E GRAND AVE,"436 E GRAND AVE Chicago, IL.",41.8919126,-87.61698145
418 E GRAND AVE,"418 E GRAND AVE Chicago, IL.",41.89190844,-87.61729833
1921 N CLARK ST,"1921 N CLARK ST Chicago, IL.",41.91604314,-87.63453341
1971 N CLARK ST,"1971 N CLARK ST Chicago, IL.",41.91740328,-87.63537018
718 W FULLERTON AVE,"718 W FULLERTON AVE Chicago, IL.",41.92553243,-87.64719924
511 W JACKSON BLVD,"511 W JACKSON BLVD Chicago, IL.",41.87798111,-87.64020054
2620 N HALSTED ST,"2620 N HALSTED ST Chicago, IL.",41.92961984,-87.64898464
1315 W TAYLOR ST,"1315 W TAYLOR ST Chicago, IL.",41.86931384,-87.65980499
831 S HALSTED ST,"831 S HALSTED ST Chicago, IL.",41.87045156,-87.6469119
503 S HALSTED ST,"503 S HALSTED ST Chicago, IL.",41.87498749,-87.6470743
1006 W LAKE ST,"1006 W LAKE ST Chicago, IL.",41.88563466,-87.65243664
148 W KINZIE ST,"148 W KINZIE ST Chicago, IL.",41.88925578,-87.63172832
677 N MILWAUKEE AVE,"677 N MILWAUKEE AVE Chicago, IL.",41.8941282,-87.6515666
756 N MILWAUKEE AVE,"756 N MILWAUKEE AVE Chicago, IL.",41.89565395,-87.65462156
1760 N CLARK ST,"1760 N CLARK ST Chicago, IL.",41.9144379,-87.63371506
50 E GRAND AVE,"50 E GRAND AVE Chicago, IL.",41.89175387,-87.62611546
77 E WALTON ST,"77 E WALTON ST Chicago, IL.",41.89990285,-87.62706727
60 W WALTON ST,"60 W WALTON ST Chicago, IL.",41.89985957,-87.63039413
1211 N WELLS ST,"1211 N WELLS ST Chicago, IL.",41.90401561,-87.63440883
1521 N WELLS ST,"1521 N WELLS ST Chicago, IL.",41.90973699,-87.63458696
1712 N WELLS ST,"1712 N WELLS ST Chicago, IL.",41.9132802,-87.63485182
1351 N WELLS ST,"1351 N WELLS ST Chicago, IL.",41.90696504,-87.63450804
82 W DELAWARE PL,"82 W DELAWARE PL Chicago, IL.",41.89879733,-87.63086479
45 W DELAWARE PL,"45 W DELAWARE PL Chicago, IL.",41.89907485,-87.62897979
347 S WELLS ST,"347 S WELLS ST Chicago, IL.",41.87751923,-87.63363611
340 W GRAND AVE,"340 W GRAND AVE Chicago, IL.",41.89160295,-87.63669488
3347 N CLARK ST,"3347 N CLARK ST Chicago, IL.",41.94298362,-87.65303793
602 S WABASH AVE,"602 S WABASH AVE Chicago, IL.",41.87429276,-87.62607052
513 N HALSTED ST,"513 N HALSTED ST Chicago, IL.",41.89170154,-87.64756136
519 N HALSTED ST,"519 N HALSTED ST Chicago, IL.",41.89173596,-87.64756408
521 N HALSTED ST,"521 N HALSTED ST Chicago, IL.",41.89173652,-87.64756528
524 N UNION AVE,"524 N UNION AVE Chicago, IL.",41.89174566,-87.64591929
140 N DESPLAINES ST,"140 N DESPLAINES ST Chicago, IL.",41.88402566,-87.64427057
718 W ROOSEVELT RD,"718 W ROOSEVELT RD Chicago, IL.",41.86722144,-87.64544979
726 W ROOSEVELT RD,"726 W ROOSEVELT RD Chicago, IL.",41.86722144,-87.64554339
736 W ROOSEVELT RD,"736 W ROOSEVELT RD Chicago, IL.",41.86722144,-87.64566039
748 W ROOSEVELT RD,"748 W ROOSEVELT RD Chicago, IL.",41.86722144,-87.6458008
756 W ROOSEVELT RD,"756 W ROOSEVELT RD Chicago, IL.",41.86722144,-87.6458944
835 W ROOSEVELT RD,"835 W ROOSEVELT RD Chicago, IL.",41.86707324,-87.64837012
1552 W TAYLOR ST,"1552 W TAYLOR ST Chicago, IL.",41.86934493,-87.66467644
1235 W RANDOLPH ST,"1235 W RANDOLPH ST Chicago, IL.",41.88405055,-87.65810054
1237 W RANDOLPH ST,"1237 W RANDOLPH ST Chicago, IL.",41.88405039,-87.65812072
1119 W RANDOLPH ST,"1119 W RANDOLPH ST Chicago, IL.",41.88410103,-87.65511647
1021 W RANDOLPH ST,"1021 W RANDOLPH ST Chicago, IL.",41.88413049,-87.65354854
1156 W 18TH ST,"1156 W 18TH ST Chicago, IL.",41.85802833,-87.65548425
1326 W 18TH ST,"1326 W 18TH ST Chicago, IL.",41.85795145,-87.65999929
1428 W 18TH ST,"1428 W 18TH ST Chicago, IL.",41.85791545,-87.66254988
1454 W 18TH ST,"1454 W 18TH ST Chicago, IL.",41.85789745,-87.66337631
1323 W 18TH ST,"1323 W 18TH ST Chicago, IL.",41.85783686,-87.66003359
1283 W 18TH ST,"1283 W 18TH ST Chicago, IL.",41.85785486,-87.65867161
1163 W 18TH ST,"1163 W 18TH ST Chicago, IL.",41.85790903,-87.65560029
1117 W 18TH ST,"1117 W 18TH ST Chicago, IL.",41.85793363,-87.65409458
821 W 18TH ST,"821 W 18TH ST Chicago, IL.",41.85803486,-87.64680028
1233 S HALSTED ST,"1233 S HALSTED ST Chicago, IL.",41.86579804,-87.64680135
159 N CARPENTER ST,"159 N CARPENTER ST Chicago, IL.",41.88476329,-87.65320894
172 N CARPENTER ST,"172 N CARPENTER ST Chicago, IL.",41.88385831,-87.65333329
168 N CARPENTER ST,"168 N CARPENTER ST Chicago, IL.",41.88381597,-87.65333197
1106 W RANDOLPH ST,"1106 W RANDOLPH ST Chicago, IL.",41.88444824,-87.65479768
1342 W RANDOLPH ST,"1342 W RANDOLPH ST Chicago, IL.",41.88447063,-87.6637233
701 N WELLS ST,"701 N WELLS ST Chicago, IL.",41.89485144,-87.63407828
605 W LAKE ST,"605 W LAKE ST Chicago, IL.",41.88564685,-87.64367065
136 S CLINTON ST,"136 S CLINTON ST Chicago, IL.",41.8803119,-87.6412207
3504 N SOUTHPORT AVE,"3504 N SOUTHPORT AVE Chicago, IL.",41.94540008,-87.6640488
2301 N LINCOLN AVE,"2301 N LINCOLN AVE Chicago, IL.",41.92374715,-87.64628046
2509 N LINCOLN AVE,"2509 N LINCOLN AVE Chicago, IL.",41.92745738,-87.6514663
2513 N LINCOLN AVE,"2513 N LINCOLN AVE Chicago, IL.",41.92753049,-87.65156851
3711 N SOUTHPORT AVE,"3711 N SOUTHPORT AVE Chicago, IL.",41.9492354,-87.66399824
3747 N SOUTHPORT AVE,"3747 N SOUTHPORT AVE Chicago, IL.",41.9502576,-87.66402773
1460 N HALSTED ST,"1460 N HALSTED ST Chicago, IL.",41.9078909,-87.64827462
1820 N HALSTED ST,"1820 N HALSTED ST Chicago, IL.",41.91431533,-87.64844616
2033 N HALSTED ST,"2033 N HALSTED ST Chicago, IL.",41.91879105,-87.64845485
2035 N HALSTED ST,"2035 N HALSTED ST Chicago, IL.",41.91882581,-87.648456
2535 N HALSTED ST,"2535 N HALSTED ST Chicago, IL.",41.9282945,-87.64878484
3418 N HALSTED ST,"3418 N HALSTED ST Chicago, IL.",41.94420855,-87.64946914
3170 N BROADWAY ST,"3170 N BROADWAY ST Chicago, IL.",41.93954789,-87.64446141
3130 N BROADWAY ST,"3130 N BROADWAY ST Chicago, IL.",41.9386286,-87.64442756
1115 W BELMONT AVE,"1115 W BELMONT AVE Chicago, IL.",41.93980699,-87.6572157
2914 N BROADWAY ST,"2914 N BROADWAY ST Chicago, IL.",41.93530035,-87.64431819
1038 W BELMONT AVE,"1038 W BELMONT AVE Chicago, IL.",41.9399455,-87.65545837
2832 N BROADWAY ST,"2832 N BROADWAY ST Chicago, IL.",41.93370777,-87.64468646
812 W BELMONT AVE,"812 W BELMONT AVE Chicago, IL.",41.94003143,-87.64978341
2831 N HALSTED ST,"2831 N HALSTED ST Chicago, IL.",41.93353143,-87.64896389
1232 W WASHINGTON BLVD,"1232 W WASHINGTON BLVD Chicago, IL.",41.88301199,-87.65839177
2706 N SOUTHPORT AVE,"2706 N SOUTHPORT AVE Chicago, IL.",41.93081442,-87.66358677
2512 N SOUTHPORT AVE,"2512 N SOUTHPORT AVE Chicago, IL.",41.92742854,-87.66347136
2442 N SOUTHPORT AVE,"2442 N SOUTHPORT AVE Chicago, IL.",41.9262626,-87.66343969
2439 N SOUTHPORT AVE,"2439 N SOUTHPORT AVE Chicago, IL.",41.92621411,-87.66328433
2609 N SOUTHPORT AVE,"2609 N SOUTHPORT AVE Chicago, IL.",41.92904875,-87.66337164
2623 N SOUTHPORT AVE,"2623 N SOUTHPORT AVE Chicago, IL.",41.92929353,-87.66338128
2631 N SOUTHPORT AVE,"2631 N SOUTHPORT AVE Chicago, IL.",41.92943326,-87.6633873
2733 N SOUTHPORT AVE,"2733 N SOUTHPORT AVE Chicago, IL.",41.93126942,-87.66344522
2847 N SOUTHPORT AVE,"2847 N SOUTHPORT AVE Chicago, IL.",41.93361337,-87.66352324
2851 N SOUTHPORT AVE,"2851 N SOUTHPORT AVE Chicago, IL.",41.93366152,-87.66352482
1617 N CLYBOURN AVE,"1617 N CLYBOURN AVE Chicago, IL.",41.91133943,-87.65000618
2917 N SOUTHPORT AVE,"2917 N SOUTHPORT AVE Chicago, IL.",41.93499178,-87.66357011
2919 N SOUTHPORT AVE,"2919 N SOUTHPORT AVE Chicago, IL.",41.93501414,-87.66357086
1827 N CLYBOURN AVE,"1827 N CLYBOURN AVE Chicago, IL.",41.91425009,-87.65406196
1843 N CLYBOURN AVE,"1843 N CLYBOURN AVE Chicago, IL.",41.91454297,-87.65446909
1857 N CLYBOURN AVE,"1857 N CLYBOURN AVE Chicago, IL.",41.91479924,-87.65482534
3338 N SOUTHPORT AVE,"3338 N SOUTHPORT AVE Chicago, IL.",41.94260958,-87.66397094
3533 N SOUTHPORT AVE,"3533 N SOUTHPORT AVE Chicago, IL.",41.94622134,-87.66391514
3539 N SOUTHPORT AVE,"3539 N SOUTHPORT AVE Chicago, IL.",41.94629303,-87.66391685
1013 W ARMITAGE AVE,"1013 W ARMITAGE AVE Chicago, IL.",41.91804327,-87.65381703
3831 N SOUTHPORT AVE,"3831 N SOUTHPORT AVE Chicago, IL.",41.95167216,-87.66406896
3851 N SOUTHPORT AVE,"3851 N SOUTHPORT AVE Chicago, IL.",41.95212352,-87.66408211
853 W ARMITAGE AVE,"853 W ARMITAGE AVE Chicago, IL.",41.91809184,-87.65045414
3724 N SOUTHPORT AVE,"3724 N SOUTHPORT AVE Chicago, IL.",41.94936636,-87.66415606
3722 N SOUTHPORT AVE,"3722 N SOUTHPORT AVE Chicago, IL.",41.9493316,-87.66415506
3642 N SOUTHPORT AVE,"3642 N SOUTHPORT AVE Chicago, IL.",41.94801085,-87.66411831
3628 N SOUTHPORT AVE,"3628 N SOUTHPORT AVE Chicago, IL.",41.94780495,-87.6641117
721 W ARMITAGE AVE,"721 W ARMITAGE AVE Chicago, IL.",41.91814134,-87.64689369
651 W ARMITAGE AVE,"651 W ARMITAGE AVE Chicago, IL.",41.91816384,-87.6456165
3352 N SOUTHPORT AVE,"3352 N SOUTHPORT AVE Chicago, IL.",41.942785,-87.66397613
3156 N LINCOLN AVE,"3156 N LINCOLN AVE Chicago, IL.",41.93886765,-87.66765515
1456 N CLARK ST,"1456 N CLARK ST Chicago, IL.",41.9088319,-87.63167103
3004 N LINCOLN AVE,"3004 N LINCOLN AVE Chicago, IL.",41.93617964,-87.66389554
1380 N CLARK ST,"1380 N CLARK ST Chicago, IL.",41.90653339,-87.63160832
2732 N LINCOLN AVE,"2732 N LINCOLN AVE Chicago, IL.",41.93132448,-87.65709302
2730 N LINCOLN AVE,"2730 N LINCOLN AVE Chicago, IL.",41.93128957,-87.65704402
2232 N LINCOLN AVE,"2232 N LINCOLN AVE Chicago, IL.",41.92256961,-87.64485528
7 W SUPERIOR ST,"7 W SUPERIOR ST Chicago, IL.",41.89561885,-87.62833776
164 W LAKE ST,"164 W LAKE ST Chicago, IL.",41.88578844,-87.6333914
702 W ARMITAGE AVE,"702 W ARMITAGE AVE Chicago, IL.",41.91826944,-87.64626736
1142 W ARMITAGE AVE,"1142 W ARMITAGE AVE Chicago, IL.",41.91810744,-87.65712418
2933 N HALSTED ST,"2933 N HALSTED ST Chicago, IL.",41.93551368,-87.64903637
3351 N HALSTED ST,"3351 N HALSTED ST Chicago, IL.",41.94296673,-87.64928498
3431 N HALSTED ST,"3431 N HALSTED ST Chicago, IL.",41.94463207,-87.64933117
3554 N SOUTHPORT AVE,"3554 N SOUTHPORT AVE Chicago, IL.",41.94646623,-87.66407512
3544 N SOUTHPORT AVE,"3544 N SOUTHPORT AVE Chicago, IL.",41.94634312,-87.66407214
3536 N SOUTHPORT AVE,"3536 N SOUTHPORT AVE Chicago, IL.",41.94624465,-87.66406979
3534 N SOUTHPORT AVE,"3534 N SOUTHPORT AVE Chicago, IL.",41.94622003,-87.66406921
3408 N SOUTHPORT AVE,"3408 N SOUTHPORT AVE Chicago, IL.",41.9436524,-87.66400142
759 S FEDERAL ST,"759 S FEDERAL ST Chicago, IL.",41.87274897,-87.62953856
544 S PLYMOUTH CT,"544 S PLYMOUTH CT Chicago, IL.",41.87509285,-87.62877014
550 S PLYMOUTH CT,"550 S PLYMOUTH CT Chicago, IL.",41.87503834,-87.62876904
635 S LA SALLE ST,"635 S LA SALLE ST Chicago, IL.",41.87407333,-87.63160161
3134 N CLARK ST,"3134 N CLARK ST Chicago, IL.",41.93893247,-87.64993587
317 W VAN BUREN ST,"317 W VAN BUREN ST Chicago, IL.",41.87676159,-87.63568116
2238 N CLYBOURN AVE,"2238 N CLYBOURN AVE Chicago, IL.",41.92247813,-87.66571583
119 S WACKER DR,"119 S WACKER DR Chicago, IL.",41.88035815,-87.63665207
3437 N BROADWAY,"3437 N BROADWAY Chicago, IL.",41.94425744,-87.64529863
600 W RANDOLPH ST,"600 W RANDOLPH ST Chicago, IL.",41.88448344,-87.6435427
3721 N BROADWAY ST,"3721 N BROADWAY ST Chicago, IL.",41.94978378,-87.64866419
2521 N CLARK ST,"2521 N CLARK ST Chicago, IL.",41.92833011,-87.64202682
3332 N CLARK ST,"3332 N CLARK ST Chicago, IL.",41.94250484,-87.6528324
2114 N HALSTED ST,"2114 N HALSTED ST Chicago, IL.",41.92029443,-87.64866153
808 W JACKSON BLVD,"808 W JACKSON BLVD Chicago, IL.",41.87800083,-87.64759011
806 W JACKSON BLVD,"806 W JACKSON BLVD Chicago, IL.",41.87800238,-87.64752274
834 N ORLEANS ST,"834 N ORLEANS ST Chicago, IL.",41.8984477,-87.63731958
27 W ILLINOIS ST,"27 W ILLINOIS ST Chicago, IL.",41.89079076,-87.62904728
120 E LAKE ST,"120 E LAKE ST Chicago, IL.",41.88582444,-87.62376542
126 E LAKE ST,"126 E LAKE ST Chicago, IL.",41.88582444,-87.62365911
619 W RANDOLPH ST,"619 W RANDOLPH ST Chicago, IL.",41.88436885,-87.6435427
623 W RANDOLPH ST,"623 W RANDOLPH ST Chicago, IL.",41.88436885,-87.6442852
116 S HALSTED ST,"116 S HALSTED ST Chicago, IL.",41.88026062,-87.64739124
836 W ROOSEVELT RD,"836 W ROOSEVELT RD Chicago, IL.",41.86720014,-87.64767971
950 W ROOSEVELT RD,"950 W ROOSEVELT RD Chicago, IL.",41.86715845,-87.65001563
2419 N CLARK ST,"2419 N CLARK ST Chicago, IL.",41.92609399,-87.64071239
2471 N CLARK ST,"2471 N CLARK ST Chicago, IL.",41.92741336,-87.64149026
1349 W TAYLOR ST,"1349 W TAYLOR ST Chicago, IL.",41.86929813,-87.66065696
2887 N BROADWAY ST,"2887 N BROADWAY ST Chicago, IL.",41.93507538,-87.64415629
3145 N BROADWAY ST,"3145 N BROADWAY ST Chicago, IL.",41.93894262,-87.64428503
1925 S STATE ST,"1925 S STATE ST Chicago, IL.",41.85625346,-87.62708866
3617 N BROADWAY ST,"3617 N BROADWAY ST Chicago, IL.",41.94780712,-87.64746612
3639 N BROADWAY ST,"3639 N BROADWAY ST Chicago, IL.",41.9483839,-87.64781011
3982 N BROADWAY ST,"3982 N BROADWAY ST Chicago, IL.",41.95365883,-87.65003173
907 W IRVING PARK RD,"907 W IRVING PARK RD Chicago, IL.",41.95446084,-87.6523396
851 W IRVING PARK RD,"851 W IRVING PARK RD Chicago, IL.",41.95448199,-87.65115936
36 E 8TH ST,"36 E 8TH ST Chicago, IL.",41.8718682,-87.62719687
1131 W TAYLOR ST,"1131 W TAYLOR ST Chicago, IL.",41.86938019,-87.65537493
3712 N HALSTED ST,"3712 N HALSTED ST Chicago, IL.",41.94942563,-87.64963071
3654 N HALSTED ST,"3654 N HALSTED ST Chicago, IL.",41.94777139,-87.64957833
165 S FRANKLIN ST,"165 S FRANKLIN ST Chicago, IL.",41.87982745,-87.63517458
3514 N HALSTED ST,"3514 N HALSTED ST Chicago, IL.",41.94591752,-87.64952112
3478 N HALSTED ST,"3478 N HALSTED ST Chicago, IL.",41.94514912,-87.64949773
230 N FRANKLIN ST,"230 N FRANKLIN ST Chicago, IL.",41.88608129,-87.63545984
3170 N HALSTED ST,"3170 N HALSTED ST Chicago, IL.",41.93836267,-87.64928893
3140 N HALSTED ST,"3140 N HALSTED ST Chicago, IL.",41.93829028,-87.64928615
1467 W 18TH ST,"1467 W 18TH ST Chicago, IL.",41.8577916,-87.66298412
1221 W 18TH ST,"1221 W 18TH ST Chicago, IL.",41.85788186,-87.65731115
1142 W 18TH ST,"1142 W 18TH ST Chicago, IL.",41.85803239,-87.65511511
1115 W 18TH ST,"1115 W 18TH ST Chicago, IL.",41.85793473,-87.65405828
1527 S HALSTED ST,"1527 S HALSTED ST Chicago, IL.",41.86133163,-87.64667001
112 W GRAND AVE,"112 W GRAND AVE Chicago, IL.",41.89167417,-87.63146566
163 W OHIO ST,"163 W OHIO ST Chicago, IL.",41.89233385,-87.63366546
155 W JACKSON BLVD,"155 W JACKSON BLVD Chicago, IL.",41.87806797,-87.63298879
151 W JACKSON BLVD,"151 W JACKSON BLVD Chicago, IL.",41.87806885,-87.6329303
350 E CHICAGO AVE,"350 E CHICAGO AVE Chicago, IL.",41.89660644,-87.63724722
1655 N WELLS ST,"1655 N WELLS ST Chicago, IL.",41.91255316,-87.63467653
1384 N CLARK ST,"1384 N CLARK ST Chicago, IL.",41.90668767,-87.63161285
887 N CLARK ST,"887 N CLARK ST Chicago, IL.",41.89776623,-87.63119592
60 W DELAWARE PL,"60 W DELAWARE PL Chicago, IL.",41.89880244,-87.63036205
1205 N DEARBORN PKWY,"1205 N DEARBORN PKWY Chicago, IL.",41.90405055,-87.62991436
100 W NORTH AVE,"100 W NORTH AVE Chicago, IL.",41.91123601,-87.63176276
3145 N LINCOLN AVE,"3145 N LINCOLN AVE Chicago, IL.",41.93874069,-87.66725591
3148 N LINCOLN AVE,"3148 N LINCOLN AVE Chicago, IL.",41.93872799,-87.66746023
2928 N LINCOLN AVE,"2928 N LINCOLN AVE Chicago, IL.",41.93493593,-87.66214856
2812 N SHEFFIELD AVE,"2812 N SHEFFIELD AVE Chicago, IL.",41.9332828,-87.65395773
2809 N SHEFFIELD AVE,"2809 N SHEFFIELD AVE Chicago, IL.",41.93292147,-87.65379161
2805 N SHEFFIELD AVE,"2805 N SHEFFIELD AVE Chicago, IL.",41.93280931,-87.65378796
2580 N LINCOLN AVE,"2580 N LINCOLN AVE Chicago, IL.",41.92870857,-87.65341833
2552 N LINCOLN AVE,"2552 N LINCOLN AVE Chicago, IL.",41.92839112,-87.65297103
2524 N LINCOLN AVE,"2524 N LINCOLN AVE Chicago, IL.",41.92773595,-87.65207904
2419 N SHEFFIELD AVE,"2419 N SHEFFIELD AVE Chicago, IL.",41.92594413,-87.65355107
2310 N SHEFFIELD AVE,"2310 N SHEFFIELD AVE Chicago, IL.",41.92378823,-87.65363301
1007 N WELLS ST,"1007 N WELLS ST Chicago, IL.",41.90075833,-87.63428305
911 N WELLS ST,"911 N WELLS ST Chicago, IL.",41.8992951,-87.63422816
2243 N SHEFFIELD AVE,"2243 N SHEFFIELD AVE Chicago, IL.",41.92331726,-87.65346439
2246 N SHEFFIELD AVE,"2246 N SHEFFIELD AVE Chicago, IL.",41.92261727,-87.65359712
2238 N SHEFFIELD AVE,"2238 N SHEFFIELD AVE Chicago, IL.",41.92254801,-87.65359486
742 N WELLS ST,"742 N WELLS ST Chicago, IL.",41.8958075,-87.63425955
2222 N SHEFFIELD AVE,"2222 N SHEFFIELD AVE Chicago, IL.",41.92240949,-87.65359032
711 W ARMITAGE AVE,"711 W ARMITAGE AVE Chicago, IL.",41.9181478,-87.6466352
664 N WELLS ST,"664 N WELLS ST Chicago, IL.",41.89417999,-87.63421517
609 N WELLS ST,"609 N WELLS ST Chicago, IL.",41.89266032,-87.63402192
2010 N SHEFFIELD AVE,"2010 N SHEFFIELD AVE Chicago, IL.",41.91833363,-87.65345137
902 W ARMITAGE AVE,"902 W ARMITAGE AVE Chicago, IL.",41.91819744,-87.65109436
1008 W ARMITAGE AVE,"1008 W ARMITAGE AVE Chicago, IL.",41.9181582,-87.653795
1014 W ARMITAGE AVE,"1014 W ARMITAGE AVE Chicago, IL.",41.91815436,-87.65405804
1189 W ARMITAGE AVE,"1189 W ARMITAGE AVE Chicago, IL.",41.91798413,-87.65795452
1185 W ARMITAGE AVE,"1185 W ARMITAGE AVE Chicago, IL.",41.91798507,-87.65787904
400 N STATE ST,"400 N STATE ST Chicago, IL.",41.87687015,-87.62772882
1642 N CLYBOURN AVE,"1642 N CLYBOURN AVE Chicago, IL.",41.91124404,-87.65009502
1548 N CLYBOURN AVE,"1548 N CLYBOURN AVE Chicago, IL.",41.91011521,-87.64851592
1544 N CLYBOURN AVE,"1544 N CLYBOURN AVE Chicago, IL.",41.91005885,-87.64843701
1633 N HALSTED ST,"1633 N HALSTED ST Chicago, IL.",41.91182684,-87.64822237
1969 N HALSTED ST,"1969 N HALSTED ST Chicago, IL.",41.91747954,-87.64840344
2839 N HALSTED ST,"2839 N HALSTED ST Chicago, IL.",41.93370507,-87.64897158
2849 N HALSTED ST,"2849 N HALSTED ST Chicago, IL.",41.93383611,-87.64897603
62 W GRAND AVE,"62 W GRAND AVE Chicago, IL.",41.89171325,-87.62904018
318 W GRAND AVE,"318 W GRAND AVE Chicago, IL.",41.89160952,-87.63612274
817 N ORLEANS ST,"817 N ORLEANS ST Chicago, IL.",41.89777484,-87.6371383
3641 N HALSTED ST,"3641 N HALSTED ST Chicago, IL.",41.94814315,-87.64943677
3755 N HALSTED ST,"3755 N HALSTED ST Chicago, IL.",41.95052088,-87.64952368
3931 N BROADWAY ST,"3931 N BROADWAY ST Chicago, IL.",41.95366735,-87.64986769
3949 N BROADWAY ST,"3949 N BROADWAY ST Chicago, IL.",41.95397594,-87.65007007
1478 N HALSTED ST,"1478 N HALSTED ST Chicago, IL.",41.90818714,-87.64828208
3544 N HALSTED ST,"3544 N HALSTED ST Chicago, IL.",41.94659998,-87.64954249
3250 N HALSTED ST,"3250 N HALSTED ST Chicago, IL.",41.94127273,-87.64938556
3158 N BROADWAY ST,"3158 N BROADWAY ST Chicago, IL.",41.93935859,-87.64445328
3144 N BROADWAY ST,"3144 N BROADWAY ST Chicago, IL.",41.9390383,-87.64444221
2934 N BROADWAY ST,"2934 N BROADWAY ST Chicago, IL.",41.93589361,-87.64433618
2848 N BROADWAY ST,"2848 N BROADWAY ST Chicago, IL.",41.93395072,-87.64453331
2634 N CLARK ST,"2634 N CLARK ST Chicago, IL.",41.93040729,-87.64380605
415 W NORTH AVE,"415 W NORTH AVE Chicago, IL.",41.91098055,-87.639284
2568 N CLARK ST,"2568 N CLARK ST Chicago, IL.",41.92923918,-87.64272749
1714 S HALSTED ST,"1714 S HALSTED ST Chicago, IL.",41.85849444,-87.64673749
1718 S HALSTED ST,"1718 S HALSTED ST Chicago, IL.",41.85846752,-87.64673672
1212 N DEARBORN PKWY,"1212 N DEARBORN PKWY Chicago, IL.",41.90419273,-87.63007173
1120 N DEARBORN ST,"1120 N DEARBORN ST Chicago, IL.",41.90248245,-87.63002178
63 W WALTON ST,"63 W WALTON ST Chicago, IL.",41.8997441,-87.63043519
67 W WALTON ST,"67 W WALTON ST Chicago, IL.",41.89974225,-87.63052573
71 W WALTON ST,"71 W WALTON ST Chicago, IL.",41.89974041,-87.63061627
1255 N CLARK ST,"1255 N CLARK ST Chicago, IL.",41.90396044,-87.63137064
1301 N CLARK ST,"1301 N CLARK ST Chicago, IL.",41.90583917,-87.6315879
1379 N CLARK ST,"1379 N CLARK ST Chicago, IL.",41.90741586,-87.63147726
744 W 26TH ST,"744 W 26TH ST Chicago, IL.",41.84540321,-87.64500355
1469 N CLARK ST,"1469 N CLARK ST Chicago, IL.",41.90854358,-87.63151088
1473 N CLARK ST,"1473 N CLARK ST Chicago, IL.",41.90865481,-87.63151376
611 W 26TH ST,"611 W 26TH ST Chicago, IL.",41.84531786,-87.64291579
609 W 26TH ST,"609 W 26TH ST Chicago, IL.",41.84531786,-87.64291067
1525 N CLARK ST,"1525 N CLARK ST Chicago, IL.",41.90958487,-87.63169091
343 W 26TH ST,"343 W 26TH ST Chicago, IL.",41.84540786,-87.63626675
51 W ELM ST,"51 W ELM ST Chicago, IL.",41.90309816,-87.62968442
82 W ELM ST,"82 W ELM ST Chicago, IL.",41.90319444,-87.63114669
120 W ELM ST,"120 W ELM ST Chicago, IL.",41.90318544,-87.63177836
146 W ELM ST,"146 W ELM ST Chicago, IL.",41.90318544,-87.63213959
2659 N CLARK ST,"2659 N CLARK ST Chicago, IL.",41.93086699,-87.64391194
2707 N CLARK ST,"2707 N CLARK ST Chicago, IL.",41.93154654,-87.6443118
2711 N CLARK ST,"2711 N CLARK ST Chicago, IL.",41.93163687,-87.64436518
2905 N CLARK ST,"2905 N CLARK ST Chicago, IL.",41.93503445,-87.64660626
2959 N CLARK ST,"2959 N CLARK ST Chicago, IL.",41.93598979,-87.64737883
3155 N CLARK ST,"3155 N CLARK ST Chicago, IL.",41.93937519,-87.65011672
3173 N CLARK ST,"3173 N CLARK ST Chicago, IL.",41.93960866,-87.65030723
3207 N CLARK ST,"3207 N CLARK ST Chicago, IL.",41.94014821,-87.65074507
3265 N CLARK ST,"3265 N CLARK ST Chicago, IL.",41.94115726,-87.65155737
3339 N CLARK ST,"3339 N CLARK ST Chicago, IL.",41.94270341,-87.65281271
3521 N CLARK ST,"3521 N CLARK ST Chicago, IL.",41.94610047,-87.65554165
530 W 26TH ST,"530 W 26TH ST Chicago, IL.",41.84546473,-87.64048169
3954 N SOUTHPORT AVE,"3954 N SOUTHPORT AVE Chicago, IL.",41.95352874,-87.66427441
3950 N SOUTHPORT AVE,"3950 N SOUTHPORT AVE Chicago, IL.",41.95345885,-87.66427238
3410 N SOUTHPORT AVE,"3410 N SOUTHPORT AVE Chicago, IL.",41.9436963,-87.66400311
3240 N SOUTHPORT AVE,"3240 N SOUTHPORT AVE Chicago, IL.",41.94079873,-87.66392191
2286 N CLYBOURN AVE,"2286 N CLYBOURN AVE Chicago, IL.",41.92339843,-87.66699557
2220 N CLYBOURN AVE,"2220 N CLYBOURN AVE Chicago, IL.",41.92206816,-87.66514198
1866 N CLYBOURN AVE,"1866 N CLYBOURN AVE Chicago, IL.",41.91505148,-87.65540061
1662 N CLYBOURN AVE,"1662 N CLYBOURN AVE Chicago, IL.",41.91140816,-87.65032451
445 W NORTH AVE,"445 W NORTH AVE Chicago, IL.",41.91096778,-87.64014232
305 W NORTH AVE,"305 W NORTH AVE Chicago, IL.",41.9110217,-87.63684305
1603 N WELLS ST,"1603 N WELLS ST Chicago, IL.",41.91127644,-87.63463625
1124 N STATE ST,"1124 N STATE ST Chicago, IL.",41.90261944,-87.62850069
13 E CEDAR ST,"13 E CEDAR ST Chicago, IL.",41.90232998,-87.62777437
2439 N LINCOLN AVE,"2439 N LINCOLN AVE Chicago, IL.",41.92633832,-87.64990249
2443 N LINCOLN AVE,"2443 N LINCOLN AVE Chicago, IL.",41.92641359,-87.65000839
914 N RUSH ST,"914 N RUSH ST Chicago, IL.",41.90009586,-87.62728565
916 N RUSH ST,"916 N RUSH ST Chicago, IL.",41.90011021,-87.627292
3538 N CLARK ST,"3538 N CLARK ST Chicago, IL.",41.9464116,-87.65597105
1910 N HALSTED ST,"1910 N HALSTED ST Chicago, IL.",41.91623699,-87.64851603
1819 N HALSTED ST,"1819 N HALSTED ST Chicago, IL.",41.91427006,-87.64829347
2017 N HALSTED ST,"2017 N HALSTED ST Chicago, IL.",41.91851308,-87.64844554
2115 N HALSTED ST,"2115 N HALSTED ST Chicago, IL.",41.92029762,-87.64850759
780 N ORLEANS ST,"780 N ORLEANS ST Chicago, IL.",41.89637884,-87.63724336
317 W ERIE ST,"317 W ERIE ST Chicago, IL.",41.8939072,-87.63606841
220 W ERIE ST,"220 W ERIE ST Chicago, IL.",41.89403807,-87.63494232
214 W ERIE ST,"214 W ERIE ST Chicago, IL.",41.89403875,-87.63489443
3352 N BROADWAY ,"3352 N BROADWAY  Chicago, IL.",41.94341651,-87.64495819
2600 N CLARK ST ,"2600 N CLARK ST  Chicago, IL.",41.92965922,-87.64303465
2914 N BROADWAY ,"2914 N BROADWAY  Chicago, IL.",41.93530035,-87.64431819
2501 N CLARK ST ,"2501 N CLARK ST  Chicago, IL.",41.9278907,-87.64176592
2827 N BROADWAY ,"2827 N BROADWAY  Chicago, IL.",41.93374323,-87.64449679
3820 N BROADWAY ,"3820 N BROADWAY  Chicago, IL.",41.95211532,-87.64971139
2742 N CLARK ST ,"2742 N CLARK ST  Chicago, IL.",41.93211226,-87.64479525
2710 N CLARK ST ,"2710 N CLARK ST  Chicago, IL.",41.93172385,-87.64458478
512 N KINGSBURY ST,"512 N KINGSBURY ST Chicago, IL.",41.89093729,-87.63951714
2530 N CLARK ST ,"2530 N CLARK ST  Chicago, IL.",41.9287813,-87.64246149
2448 N CLARK ST ,"2448 N CLARK ST  Chicago, IL.",41.92686309,-87.64133541
1314 W 18TH ST,"1314 W 18TH ST Chicago, IL.",41.85796045,-87.65956267
78 S DEARBORN ST,"78 S DEARBORN ST Chicago, IL.",41.88151476,-87.62946469
64 S DEARBORN ST,"64 S DEARBORN ST Chicago, IL.",41.88159255,-87.62946793
1311 S BLUE ISLAND AVE,"1311 S BLUE ISLAND AVE Chicago, IL.",41.8651087,-87.65488663
3413 N BROADWAY,"3413 N BROADWAY Chicago, IL.",41.94355146,-87.64487155
3709 N BROADWAY ST,"3709 N BROADWAY ST Chicago, IL.",41.94946247,-87.64846508
2460 N CLARK ST ,"2460 N CLARK ST  Chicago, IL.",41.92711633,-87.64148254
1017 W DIVERSEY PKWY,"1017 W DIVERSEY PKWY Chicago, IL.",41.93256791,-87.65456004
549 W DIVERSEY PKWY,"549 W DIVERSEY PKWY Chicago, IL.",41.93277941,-87.64293646
551 W DIVERSEY PKWY,"551 W DIVERSEY PKWY Chicago, IL.",41.9327791,-87.6429543
521 W DIVERSEY PKWY,"521 W DIVERSEY PKWY Chicago, IL.",41.93279056,-87.64241448
716 S CLINTON ST,"716 S CLINTON ST Chicago, IL.",41.87309496,-87.64099022
720 S CLINTON ST,"720 S CLINTON ST Chicago, IL.",41.87298806,-87.64098701
530 W DIVERSEY PKWY,"530 W DIVERSEY PKWY Chicago, IL.",41.93290343,-87.64257076
2811 N PINE GROVE AVE,"2811 N PINE GROVE AVE Chicago, IL.",41.93321722,-87.64128727
719 S JEFFERSON ST,"719 S JEFFERSON ST Chicago, IL.",41.87266042,-87.64229158
713 S JEFFERSON ST,"713 S JEFFERSON ST Chicago, IL.",41.87270634,-87.64229414
710 W DIVERSEY PKWY,"710 W DIVERSEY PKWY Chicago, IL.",41.93281824,-87.64704508
712 W DIVERSEY PKWY,"712 W DIVERSEY PKWY Chicago, IL.",41.93281689,-87.64710607
3315 N HALSTED ST,"3315 N HALSTED ST Chicago, IL.",41.94220232,-87.64926394
2742 N LINCOLN AVE,"2742 N LINCOLN AVE Chicago, IL.",41.93149906,-87.65733801
728 S JEFFERSON ST,"728 S JEFFERSON ST Chicago, IL.",41.87272797,-87.64244936
690 S JEFFERSON ST,"690 S JEFFERSON ST Chicago, IL.",41.87369683,-87.64247988
680 S JEFFERSON ST,"680 S JEFFERSON ST Chicago, IL.",41.87376555,-87.64248183
2432 N LINCOLN AVE,"2432 N LINCOLN AVE Chicago, IL.",41.92628234,-87.6500467
1816 N CLARK ST ,"1816 N CLARK ST  Chicago, IL.",41.91552615,-87.63438655
2301 N CLARK ST ,"2301 N CLARK ST  Chicago, IL.",41.92385004,-87.6393281
1660 N WELLS ST,"1660 N WELLS ST Chicago, IL.",41.91258814,-87.63483158
108 N STATE ST ,"108 N STATE ST  Chicago, IL.",41.88360591,-87.62795795
170 N BEAUBIEN CT,"170 N BEAUBIEN CT Chicago, IL.",41.8851291,-87.6239228
71 E MADISON ST,"71 E MADISON ST Chicago, IL.",41.88203785,-87.62521122
52 E CHICAGO AVE,"52 E CHICAGO AVE Chicago, IL.",41.89675944,-87.62644656
24 E CHICAGO AVE,"24 E CHICAGO AVE Chicago, IL.",41.89674969,-87.62718527
710 S WABASH AVE,"710 S WABASH AVE Chicago, IL.",41.87294537,-87.62603905
70 S DEARBORN ST,"70 S DEARBORN ST Chicago, IL.",41.88155921,-87.62946654
636 N KINGSBURY ST,"636 N KINGSBURY ST Chicago, IL.",41.89362927,-87.641538
133 N WELLS ST,"133 N WELLS ST Chicago, IL.",41.88431906,-87.6338119
2531 N CLARK ST ,"2531 N CLARK ST  Chicago, IL.",41.92875446,-87.6422781
15 S WELLS ST,"15 S WELLS ST Chicago, IL.",41.88172346,-87.63374317
138 N DESPLAINES ST,"138 N DESPLAINES ST Chicago, IL.",41.88401386,-87.64427031
134 N DESPLAINES ST,"134 N DESPLAINES ST Chicago, IL.",41.88399024,-87.64426981
3101 N BROADWAY ,"3101 N BROADWAY  Chicago, IL.",41.93771076,-87.64424384
24 S DESPLAINES ST,"24 S DESPLAINES ST Chicago, IL.",41.88109546,-87.64417899
1176 S DESPLAINES ST,"1176 S DESPLAINES ST Chicago, IL.",41.86752043,-87.64374721
1301 S UNION AVE,"1301 S UNION AVE Chicago, IL.",41.86592778,-87.64509826
626 W ROOSEVELT RD,"626 W ROOSEVELT RD Chicago, IL.",41.86727408,-87.64261538
3174 N BROADWAY ,"3174 N BROADWAY  Chicago, IL.",41.93961074,-87.64446306
1121 S CLINTON ST,"1121 S CLINTON ST Chicago, IL.",41.86881835,-87.64069226
600 W ADAMS ST,"600 W ADAMS ST Chicago, IL.",41.87933303,-87.64265931
630 W ADAMS ST,"630 W ADAMS ST Chicago, IL.",41.87932644,-87.64305668
315 N JEFFERSON ST,"315 N JEFFERSON ST Chicago, IL.",41.88723028,-87.64273914
321 N JEFFERSON ST,"321 N JEFFERSON ST Chicago, IL.",41.8873855,-87.64274415
316 N UNION AVE,"316 N UNION AVE Chicago, IL.",41.8869421,-87.64577298
312 N UNION AVE,"312 N UNION AVE Chicago, IL.",41.88692024,-87.64577155
731 N UNION AVE,"731 N UNION AVE Chicago, IL.",41.88599252,-87.64540416
1040 W CERMAK RD,"1040 W CERMAK RD Chicago, IL.",41.85261973,-87.65188478
938 W LAKE ST,"938 W LAKE ST Chicago, IL.",41.88565484,-87.65117597
1000 W LAKE ST,"1000 W LAKE ST Chicago, IL.",41.88564141,-87.65222257
1223 W LAKE ST,"1223 W LAKE ST Chicago, IL.",41.88543853,-87.65730275
1221 W LAKE ST,"1221 W LAKE ST Chicago, IL.",41.8854391,-87.65726383
1049 W LAKE ST,"1049 W LAKE ST Chicago, IL.",41.88550143,-87.65365073
1045 W LAKE ST,"1045 W LAKE ST Chicago, IL.",41.8855022,-87.65359121
331 N PEORIA ST,"331 N PEORIA ST Chicago, IL.",41.88702111,-87.64977056
357 N PEORIA ST,"357 N PEORIA ST Chicago, IL.",41.88719098,-87.64977709
384 N PEORIA ST,"384 N PEORIA ST Chicago, IL.",41.88894953,-87.64997531
338 N PEORIA ST,"338 N PEORIA ST Chicago, IL.",41.8889527,-87.6500081
309 W WAYMAN ST,"309 W WAYMAN ST Chicago, IL.",41.8873552,-87.6504471
0 W 18TH ST,"1 W 18TH ST Chicago, IL.",41.85775585,-87.62735168
212 N HALSTED ST,"212 N HALSTED ST Chicago, IL.",41.88615919,-87.6475648
210 N HALSTED ST,"210 N HALSTED ST Chicago, IL.",41.88608677,-87.64756367
1917 S BLUE ISLAND AVE,"1917 S BLUE ISLAND AVE Chicago, IL.",41.85582651,-87.66280424
900 W 18TH ST,"900 W 18TH ST Chicago, IL.",41.85810296,-87.65002912
1923 S BLUE ISLAND AVE,"1923 S BLUE ISLAND AVE Chicago, IL.",41.85577449,-87.66285499
1925 S BLUE ISLAND AVE,"1925 S BLUE ISLAND AVE Chicago, IL.",41.85576168,-87.66286585
1038 W 18TH ST,"1038 W 18TH ST Chicago, IL.",41.85805945,-87.652929
1328 W 18TH ST,"1328 W 18TH ST Chicago, IL.",41.85795145,-87.66007217
1710 S LOOMIS ST,"1710 S LOOMIS ST Chicago, IL.",41.85857289,-87.66141304
1708 S LOOMIS ST,"1708 S LOOMIS ST Chicago, IL.",41.85858745,-87.66141345
1404 W 18TH ST,"1404 W 18TH ST Chicago, IL.",41.85793295,-87.66160219
1440 W 18TH ST,"1440 W 18TH ST Chicago, IL.",41.85790553,-87.66300796
1509 W 18TH ST,"1509 W 18TH ST Chicago, IL.",41.85777386,-87.66413777
1419 W 18TH ST,"1419 W 18TH ST Chicago, IL.",41.85780086,-87.66249471
1121 W 18TH ST,"1121 W 18TH ST Chicago, IL.",41.85793143,-87.65416717
957 W 18TH ST,"957 W 18TH ST Chicago, IL.",41.85797186,-87.65096767
915 W 18TH ST,"915 W 18TH ST Chicago, IL.",41.85799886,-87.64934682
1531 S HALSTED ST,"1531 S HALSTED ST Chicago, IL.",41.86131793,-87.64666944
1817 S ASHLAND AVE,"1817 S ASHLAND AVE Chicago, IL.",41.85751157,-87.66605811
1815 S ASHLAND AVE,"1815 S ASHLAND AVE Chicago, IL.",41.85753994,-87.66605858
1315 W 18TH ST,"1315 W 18TH ST Chicago, IL.",41.85784256,-87.65985395
1172 W 18TH ST,"1172 W 18TH ST Chicago, IL.",41.85802423,-87.65558878
1737 S LOOMIS ST,"1737 S LOOMIS ST Chicago, IL.",41.85838595,-87.66125412
1709 S LOOMIS ST,"1709 S LOOMIS ST Chicago, IL.",41.85858982,-87.66125962
1426 W 18TH ST,"1426 W 18TH ST Chicago, IL.",41.85791545,-87.66248245
1824 S BLUE ISLAND AVE,"1824 S BLUE ISLAND AVE Chicago, IL.",41.8572893,-87.66174198
1444 W 19TH ST,"1444 W 19TH ST Chicago, IL.",41.85608446,-87.66343395
234 W LAKE ST,"234 W LAKE ST Chicago, IL.",41.88578844,-87.63424107
2171 S CHINA PL,"2171 S CHINA PL Chicago, IL.",41.85389851,-87.63461572
2127 S CHINA PL,"2127 S CHINA PL Chicago, IL.",41.85442024,-87.63353229
2117 S CHINA PL,"2117 S CHINA PL Chicago, IL.",41.85454042,-87.6332862
2109 S CHINA PL,"2109 S CHINA PL Chicago, IL.",41.85463777,-87.63309149
2011 S WELLS ST,"2011 S WELLS ST Chicago, IL.",41.8552428,-87.63276962
2240 N CLYBOURN AVE,"2240 N CLYBOURN AVE Chicago, IL.",41.92255807,-87.66582713
2149 S ARCHER AVE,"2149 S ARCHER AVE Chicago, IL.",41.85325839,-87.63385616
2230 S WENTWORTH AVE,"2230 S WENTWORTH AVE Chicago, IL.",41.85190398,-87.63207018
480 N MCCLURG CT,"480 N MCCLURG CT Chicago, IL.",41.89136141,-87.61775438
1812 N CLYBOURN AVE,"1812 N CLYBOURN AVE Chicago, IL.",41.91393203,-87.65384137
2400 S WENTWORTH AVE,"2400 S WENTWORTH AVE Chicago, IL.",41.8491058,-87.63200772
447 N MCCLURG CT,"447 N MCCLURG CT Chicago, IL.",41.88997853,-87.61755733
2353 S WENTWORTH AVE,"2353 S WENTWORTH AVE Chicago, IL.",41.84978666,-87.63186726
2345 S WENTWORTH AVE,"2345 S WENTWORTH AVE Chicago, IL.",41.84988484,-87.63186884
2315 S WENTWORTH AVE,"2315 S WENTWORTH AVE Chicago, IL.",41.85062531,-87.63188848
2263 S WENTWORTH AVE,"2263 S WENTWORTH AVE Chicago, IL.",41.85131882,-87.63190225
210 W ALEXANDER ST,"210 W ALEXANDER ST Chicago, IL.",41.8514962,-87.63274903
211 W ALEXANDER ST,"211 W ALEXANDER ST Chicago, IL.",41.85138162,-87.63274681
210 W 23RD ST,"210 W 23RD ST Chicago, IL.",41.85102998,-87.63231952
214 W 23RD PL,"214 W 23RD PL Chicago, IL.",41.85011162,-87.63258177
210 W 23RD PL,"210 W 23RD PL Chicago, IL.",41.85011477,-87.63236191
213 W 24TH ST,"213 W 24TH ST Chicago, IL.",41.84909216,-87.63234921
219 W 24TH ST,"219 W 24TH ST Chicago, IL.",41.84908749,-87.63261224
221 W 24TH ST,"221 W 24TH ST Chicago, IL.",41.84908694,-87.63266293
42 E 26TH ST,"42 E 26TH ST Chicago, IL.",41.84567995,-87.62472837
20 E 26TH ST,"20 E 26TH ST Chicago, IL.",41.84567545,-87.62501407
54 E 26TH ST,"54 E 26TH ST Chicago, IL.",41.84568266,-87.62457156
52 E 26TH ST,"52 E 26TH ST Chicago, IL.",41.84568221,-87.6245977
76 E 26TH ST,"76 E 26TH ST Chicago, IL.",41.84567606,-87.62495395
2344 S WENTWORTH AVE,"2344 S WENTWORTH AVE Chicago, IL.",41.84986338,-87.63202234
2342 S WENTWORTH AVE,"2342 S WENTWORTH AVE Chicago, IL.",41.8498868,-87.63202275
2310 S WENTWORTH AVE,"2310 S WENTWORTH AVE Chicago, IL.",41.85063866,-87.63204254
2302 S WENTWORTH AVE,"2302 S WENTWORTH AVE Chicago, IL.",41.85087395,-87.63204689
2238 S WENTWORTH AVE,"2238 S WENTWORTH AVE Chicago, IL.",41.85170517,-87.63206514
2104 S ARCHER AVE,"2104 S ARCHER AVE Chicago, IL.",41.85360057,-87.63343258
2159 S CHINA PL,"2159 S CHINA PL Chicago, IL.",41.85404026,-87.63431989
270 N STETSON AVE,"270 N STETSON AVE Chicago, IL.",41.8870627,-87.6223486
246 N STETSON AVE,"246 N STETSON AVE Chicago, IL.",41.8870627,-87.6223486
212 W KINZIE ST,"212 W KINZIE ST Chicago, IL.",41.88921718,-87.63433529
119 W HUBBARD ST,"119 W HUBBARD ST Chicago, IL.",41.88995813,-87.63138102
2167 S STATE ST,"2167 S STATE ST Chicago, IL.",41.85339066,-87.62701996
1821 S STATE ST,"1821 S STATE ST Chicago, IL.",41.85752791,-87.62704933
1114 W ARMITAGE AVE,"1114 W ARMITAGE AVE Chicago, IL.",41.91812265,-87.65626503
1017 W ARMITAGE AVE,"1017 W ARMITAGE AVE Chicago, IL.",41.91804144,-87.65394228
925 W ARMITAGE AVE,"925 W ARMITAGE AVE Chicago, IL.",41.91807319,-87.65192342
1832 S WABASH AVE,"1832 S WABASH AVE Chicago, IL.",41.85743166,-87.62567864
502 W ARMITAGE AVE,"502 W ARMITAGE AVE Chicago, IL.",41.91834144,-87.64138841
3701 N BROADWAY ,"3701 N BROADWAY  Chicago, IL.",41.94924781,-87.64833628
2130 N CLARK ST ,"2130 N CLARK ST  Chicago, IL.",41.92088049,-87.63771446
2244 S MICHIGAN AVE,"2244 S MICHIGAN AVE Chicago, IL.",41.85205039,-87.62386264
2123 S MICHIGAN AVE,"2123 S MICHIGAN AVE Chicago, IL.",41.85395345,-87.62376743
2101 S MICHIGAN AVE,"2101 S MICHIGAN AVE Chicago, IL.",41.85422857,-87.62377238
374 N DEARBORN ST,"374 N DEARBORN ST Chicago, IL.",41.88882614,-87.62965005
376 N DEARBORN ST,"376 N DEARBORN ST Chicago, IL.",41.88885271,-87.62965119
1135 W ARMITAGE AVE,"1135 W ARMITAGE AVE Chicago, IL.",41.91800211,-87.65674546
1016 W ARMITAGE AVE,"1016 W ARMITAGE AVE Chicago, IL.",41.91815308,-87.65414572
1351 S MICHIGAN AVE,"1351 S MICHIGAN AVE Chicago, IL.",41.86474377,-87.62396529
212 E OHIO ST,"212 E OHIO ST Chicago, IL.",41.89262453,-87.62241543
401 E OHIO ST,"401 E OHIO ST Chicago, IL.",41.89258695,-87.61763833
2056 N LINCOLN AVE,"2056 N LINCOLN AVE Chicago, IL.",41.91929923,-87.64028115
11 E ONTARIO ST,"11 E ONTARIO ST Chicago, IL.",41.89321738,-87.62777596
1008 W BELMONT AVE,"1008 W BELMONT AVE Chicago, IL.",41.93996503,-87.65449018
941 W BELMONT AVE,"941 W BELMONT AVE Chicago, IL.",41.93986476,-87.65320468
1241 N DEARBORN PKWY,"1241 N DEARBORN PKWY Chicago, IL.",41.90469965,-87.62993149
2337 N CLARK ST,"2337 N CLARK ST Chicago, IL.",41.92483689,-87.63992372
1416 W BELMONT AVE,"1416 W BELMONT AVE Chicago, IL.",41.93981543,-87.66437671
2875 N BROADWAY ST,"2875 N BROADWAY ST Chicago, IL.",41.93492989,-87.64415123
2925 N BROADWAY ST,"2925 N BROADWAY ST Chicago, IL.",41.93568373,-87.64417627
3029 N BROADWAY ST,"3029 N BROADWAY ST Chicago, IL.",41.9372001,-87.64422873
3111 N BROADWAY ST,"3111 N BROADWAY ST Chicago, IL.",41.93801409,-87.64425593
3167 N BROADWAY ST,"3167 N BROADWAY ST Chicago, IL.",41.93944441,-87.64430305
3243 N BROADWAY ST,"3243 N BROADWAY ST Chicago, IL.",41.94140368,-87.64436566
3831 N BROADWAY ST,"3831 N BROADWAY ST Chicago, IL.",41.95194203,-87.64955212
2968 N LINCOLN AVE,"2968 N LINCOLN AVE Chicago, IL.",41.93570508,-87.66322086
852 W ARMITAGE AVE,"852 W ARMITAGE AVE Chicago, IL.",41.91820644,-87.65045414
950 W ARMITAGE AVE,"950 W ARMITAGE AVE Chicago, IL.",41.91816857,-87.65285104
3136 N LINCOLN AVE,"3136 N LINCOLN AVE Chicago, IL.",41.9385185,-87.66716786
3120 N LINCOLN AVE,"3120 N LINCOLN AVE Chicago, IL.",41.93823917,-87.66677804
3056 N LINCOLN AVE,"3056 N LINCOLN AVE Chicago, IL.",41.93708139,-87.66516028
3030 N LINCOLN AVE,"3030 N LINCOLN AVE Chicago, IL.",41.93662944,-87.66452982
1021 W ARMITAGE AVE,"1021 W ARMITAGE AVE Chicago, IL.",41.91803961,-87.65406754
2736 N LINCOLN AVE,"2736 N LINCOLN AVE Chicago, IL.",41.93139431,-87.65719102
903 W ARMITAGE AVE,"903 W ARMITAGE AVE Chicago, IL.",41.91808285,-87.65108334
2514 N LINCOLN AVE,"2514 N LINCOLN AVE Chicago, IL.",41.92752485,-87.65178285
2468 N LINCOLN AVE,"2468 N LINCOLN AVE Chicago, IL.",41.9268065,-87.65077315
2438 N LINCOLN AVE,"2438 N LINCOLN AVE Chicago, IL.",41.92636299,-87.65016017
15 W OHIO ST,"15 W OHIO ST Chicago, IL.",41.89239685,-87.62905776
11 W OHIO ST,"11 W OHIO ST Chicago, IL.",41.89239685,-87.62903189
9 W OHIO ST,"9 W OHIO ST Chicago, IL.",41.89239685,-87.62901896
3534 N BROADWAY ,"3534 N BROADWAY  Chicago, IL.",41.94587641,-87.64646084
3601 N BROADWAY ,"3601 N BROADWAY  Chicago, IL.",41.94742972,-87.64723798
2029 N CLARK ST ,"2029 N CLARK ST  Chicago, IL.",41.91886961,-87.63628435
333 W ILLINOIS ST,"333 W ILLINOIS ST Chicago, IL.",41.89070056,-87.63605396
2352 N CLARK ST ,"2352 N CLARK ST  Chicago, IL.",41.92509671,-87.64025233
1235 W WASHINGTON BLVD,"1235 W WASHINGTON BLVD Chicago, IL.",41.88291085,-87.65783714
325 N ORLEANS ST,"325 N ORLEANS ST Chicago, IL.",41.88787072,-87.63615716
158 N STETSON AVE,"158 N STETSON AVE Chicago, IL.",41.88596759,-87.62238769
1240 N DEARBORN PKWY,"1240 N DEARBORN PKWY Chicago, IL.",41.90469726,-87.63008542
124 N FRANKLIN ST,"124 N FRANKLIN ST Chicago, IL.",41.88470032,-87.63546339
3130 N BROADWAY ,"3130 N BROADWAY  Chicago, IL.",41.9386286,-87.64442756
3600 N BROADWAY ST,"3600 N BROADWAY ST Chicago, IL.",41.94738333,-87.64737886
3126 N BROADWAY ST,"3126 N BROADWAY ST Chicago, IL.",41.93853948,-87.64442494
910 W MADISON ST,"910 W MADISON ST Chicago, IL.",41.88182536,-87.65016428
616 W JACKSON BLVD,"616 W JACKSON BLVD Chicago, IL.",41.87805744,-87.64282561
2828 N BROADWAY ST,"2828 N BROADWAY ST Chicago, IL.",41.93356136,-87.64476393
20 E JACKSON BLVD,"20 E JACKSON BLVD Chicago, IL.",41.87828082,-87.62701183
609 W DRUMMOND PL,"609 W DRUMMOND PL Chicago, IL.",41.93057701,-87.6441924
2804 N CAMBRIDGE AVE,"2804 N CAMBRIDGE AVE Chicago, IL.",41.93290209,-87.64281553
2806 N CAMBRIDGE AVE,"2806 N CAMBRIDGE AVE Chicago, IL.",41.93297818,-87.64281791
1149 S WABASH AVE,"1149 S WABASH AVE Chicago, IL.",41.86806194,-87.62575923
2240 N SHEFFIELD AVE,"2240 N SHEFFIELD AVE Chicago, IL.",41.92256533,-87.65359542
2200 N SHEFFIELD AVE,"2200 N SHEFFIELD AVE Chicago, IL.",41.92221902,-87.65358409
119 N PEORIA ST,"119 N PEORIA ST Chicago, IL.",41.88389323,-87.64968248
847 W RANDOLPH ST,"847 W RANDOLPH ST Chicago, IL.",41.88421136,-87.64889114
1550 N CLYBOURN AVE,"1550 N CLYBOURN AVE Chicago, IL.",41.91014352,-87.64855554
164 S FRANKLIN ST,"164 S FRANKLIN ST Chicago, IL.",41.87982444,-87.63532844
222 E LAKE SHORE DR,"222 E LAKE SHORE DR Chicago, IL.",41.90096502,-87.62144499
166 E LAKE SHORE DR,"166 E LAKE SHORE DR Chicago, IL.",41.90092581,-87.62258974
160 E LAKE SHORE DR,"160 E LAKE SHORE DR Chicago, IL.",41.90092155,-87.62271237
388 E CHICAGO AVE,"388 E CHICAGO AVE Chicago, IL.",41.89659802,-87.6382417
384 E CHICAGO AVE,"384 E CHICAGO AVE Chicago, IL.",41.89659914,-87.63813714
345 E SUPERIOR ST,"345 E SUPERIOR ST Chicago, IL.",41.89577415,-87.61843172
463 E SUPERIOR ST,"463 E SUPERIOR ST Chicago, IL.",41.89579944,-87.61713268
479 E SUPERIOR ST,"479 E SUPERIOR ST Chicago, IL.",41.89580279,-87.61683795
2401 N CLARK ST ,"2401 N CLARK ST  Chicago, IL.",41.92565955,-87.6404415
2239 N LINCOLN AVE,"2239 N LINCOLN AVE Chicago, IL.",41.92276972,-87.64491153
2449 N LINCOLN AVE,"2449 N LINCOLN AVE Chicago, IL.",41.92652633,-87.65016571
2465 N LINCOLN AVE,"2465 N LINCOLN AVE Chicago, IL.",41.92684383,-87.65060245
2637 N LINCOLN AVE,"2637 N LINCOLN AVE Chicago, IL.",41.93018432,-87.65528178
2755 N LINCOLN AVE,"2755 N LINCOLN AVE Chicago, IL.",41.9317913,-87.65752546
63 W HURON ST,"63 W HURON ST Chicago, IL.",41.89478744,-87.63035493
2843 N LINCOLN AVE,"2843 N LINCOLN AVE Chicago, IL.",41.93337172,-87.65972857
2855 N LINCOLN AVE,"2855 N LINCOLN AVE Chicago, IL.",41.93357967,-87.66002151
2863 N LINCOLN AVE,"2863 N LINCOLN AVE Chicago, IL.",41.93371762,-87.66021693
2927 N LINCOLN AVE,"2927 N LINCOLN AVE Chicago, IL.",41.93495588,-87.66195421
2929 N LINCOLN AVE,"2929 N LINCOLN AVE Chicago, IL.",41.93499713,-87.66201188
2961 N LINCOLN AVE,"2961 N LINCOLN AVE Chicago, IL.",41.93567744,-87.66296185
3005 N LINCOLN AVE,"3005 N LINCOLN AVE Chicago, IL.",41.93626294,-87.66378975
3139 N LINCOLN AVE,"3139 N LINCOLN AVE Chicago, IL.",41.93863594,-87.66710972
211 W HURON ST,"211 W HURON ST Chicago, IL.",41.89472564,-87.63488204
344 W HURON ST,"344 W HURON ST Chicago, IL.",41.89480644,-87.63748927
3323 N LINCOLN AVE,"3323 N LINCOLN AVE Chicago, IL.",41.94196484,-87.67016483
3325 N LINCOLN AVE,"3325 N LINCOLN AVE Chicago, IL.",41.9419997,-87.67018915
3341 N LINCOLN AVE,"3341 N LINCOLN AVE Chicago, IL.",41.94227858,-87.67038369
460 W HURON ST,"460 W HURON ST Chicago, IL.",41.89476717,-87.64062486
3126 N LINCOLN AVE,"3126 N LINCOLN AVE Chicago, IL.",41.93834392,-87.66692422
3064 N LINCOLN AVE,"3064 N LINCOLN AVE Chicago, IL.",41.93722046,-87.66535426
2930 N LINCOLN AVE,"2930 N LINCOLN AVE Chicago, IL.",41.93497871,-87.66220837
2924 N LINCOLN AVE,"2924 N LINCOLN AVE Chicago, IL.",41.93485036,-87.66202894
2870 N LINCOLN AVE,"2870 N LINCOLN AVE Chicago, IL.",41.93377244,-87.66051839
2828 N LINCOLN AVE,"2828 N LINCOLN AVE Chicago, IL.",41.93304568,-87.65949861
2269 N LINCOLN AVE,"2269 N LINCOLN AVE Chicago, IL.",41.92322093,-87.6455374
1710 N WELLS ST,"1710 N WELLS ST Chicago, IL.",41.91322352,-87.63485012
1608 N WELLS ST,"1608 N WELLS ST Chicago, IL.",41.91147367,-87.63479509
148 W HUBBARD ST,"148 W HUBBARD ST Chicago, IL.",41.89005405,-87.63293728
1290 N CLYBOURN AVE,"1290 N CLYBOURN AVE Chicago, IL.",41.9055934,-87.64222461
169 N WELLS ST,"169 N WELLS ST Chicago, IL.",41.88504539,-87.63383327
75 S WELLS ST,"75 S WELLS ST Chicago, IL.",41.88096985,-87.63372706
633 S LA SALLE ST,"633 S LA SALLE ST Chicago, IL.",41.87409562,-87.63160239
753 S FEDERAL ST,"753 S FEDERAL ST Chicago, IL.",41.87281116,-87.62953985
649 S CLARK ST,"649 S CLARK ST Chicago, IL.",41.87356775,-87.6305701
9 N CANAL ST,"9 N CANAL ST Chicago, IL.",41.88204273,-87.63961154
681 S CLINTON ST,"681 S CLINTON ST Chicago, IL.",41.87345709,-87.64084713
1913 S STATE ST,"1913 S STATE ST Chicago, IL.",41.85637518,-87.62709076
1845 S STATE ST,"1845 S STATE ST Chicago, IL.",41.85724653,-87.62703657
3642 N HALSTED ST,"3642 N HALSTED ST Chicago, IL.",41.94768289,-87.64957313
1025 W TAYLOR ST,"1025 W TAYLOR ST Chicago, IL.",41.86943785,-87.65160624
3248 N HALSTED ST,"3248 N HALSTED ST Chicago, IL.",41.94125352,-87.64938496
3218 N HALSTED ST,"3218 N HALSTED ST Chicago, IL.",41.9405822,-87.64936226
2706 N HALSTED ST,"2706 N HALSTED ST Chicago, IL.",41.93167039,-87.64905091
2214 N HALSTED ST,"2214 N HALSTED ST Chicago, IL.",41.92211888,-87.64871994
1712 N HALSTED ST,"1712 N HALSTED ST Chicago, IL.",41.91281379,-87.64840814
118 N CLINTON ST,"118 N CLINTON ST Chicago, IL.",41.88372206,-87.6413285
3317 N HALSTED ST,"3317 N HALSTED ST Chicago, IL.",41.94225254,-87.64926558
3801 N BROADWAY ST,"3801 N BROADWAY ST Chicago, IL.",41.95125372,-87.64954375
3811 N BROADWAY ST,"3811 N BROADWAY ST Chicago, IL.",41.95155764,-87.64954144
3107 N LINCOLN AVE,"3107 N LINCOLN AVE Chicago, IL.",41.93807925,-87.66632913
3144 N LINCOLN AVE,"3144 N LINCOLN AVE Chicago, IL.",41.93865816,-87.66736278
935 W BELMONT AVE,"935 W BELMONT AVE Chicago, IL.",41.93987184,-87.65296576
1560 W TAYLOR ST,"1560 W TAYLOR ST Chicago, IL.",41.86934366,-87.66475688
3824 N BROADWAY ST,"3824 N BROADWAY ST Chicago, IL.",41.95212892,-87.6497118
2381 N HALSTED ST,"2381 N HALSTED ST Chicago, IL.",41.92444743,-87.64864689
3708 N HALSTED ST,"3708 N HALSTED ST Chicago, IL.",41.9493417,-87.64962772
2236 N LINCOLN AVE,"2236 N LINCOLN AVE Chicago, IL.",41.92263144,-87.64494105
1141 W LAKE ST,"1141 W LAKE ST Chicago, IL.",41.88545928,-87.65583309
947 W LAKE ST,"947 W LAKE ST Chicago, IL.",41.88553677,-87.65137111
3025 N CLARK ST,"3025 N CLARK ST Chicago, IL.",41.93682877,-87.64805592
3016 N CLARK ST,"3016 N CLARK ST Chicago, IL.",41.93666235,-87.64810109
200 N JEFFERSON ST,"200 N JEFFERSON ST Chicago, IL.",41.88576042,-87.6428502
2684 N CLARK ST,"2684 N CLARK ST Chicago, IL.",41.93156817,-87.64449284
749 N LA SALLE ST,"749 N LA SALLE ST Chicago, IL.",41.89586543,-87.63254384
3461 N BROADWAY ,"3461 N BROADWAY  Chicago, IL.",41.94445488,-87.64542014
2921 N BROADWAY ST,"2921 N BROADWAY ST Chicago, IL.",41.9355776,-87.64417333
2931 N BROADWAY ST,"2931 N BROADWAY ST Chicago, IL.",41.93584291,-87.6441807
2947 N BROADWAY ST,"2947 N BROADWAY ST Chicago, IL.",41.93612695,-87.6441879
700 W ARMITAGE AVE,"700 W ARMITAGE AVE Chicago, IL.",41.91826944,-87.64619324
918 W ARMITAGE AVE,"918 W ARMITAGE AVE Chicago, IL.",41.91818844,-87.65175954
1112 W ARMITAGE AVE,"1112 W ARMITAGE AVE Chicago, IL.",41.91812334,-87.65620917
1554 N CLYBOURN AVE,"1554 N CLYBOURN AVE Chicago, IL.",41.91020006,-87.64863423
786 N ORLEANS ST,"786 N ORLEANS ST Chicago, IL.",41.89641619,-87.63724421
1224 W BELMONT AVE,"1224 W BELMONT AVE Chicago, IL.",41.93988051,-87.65988718
810 N FRANKLIN ST,"810 N FRANKLIN ST Chicago, IL.",41.89720449,-87.6357833
1326 W BELMONT AVE,"1326 W BELMONT AVE Chicago, IL.",41.93984484,-87.66236332
111 E CHESTNUT ST,"111 E CHESTNUT ST Chicago, IL.",41.89830985,-87.62539511
11 E CHESTNUT ST,"11 E CHESTNUT ST Chicago, IL.",41.89826859,-87.62784991
3556 N SOUTHPORT AVE,"3556 N SOUTHPORT AVE Chicago, IL.",41.94649086,-87.66407572
3553 N SOUTHPORT AVE,"3553 N SOUTHPORT AVE Chicago, IL.",41.94646033,-87.66392089
635 N DEARBORN ST,"635 N DEARBORN ST Chicago, IL.",41.89348251,-87.62962533
641 N DEARBORN ST,"641 N DEARBORN ST Chicago, IL.",41.89353103,-87.62962668
816 N DEARBORN ST,"816 N DEARBORN ST Chicago, IL.",41.89691327,-87.62985372
2248 N HALSTED ST,"2248 N HALSTED ST Chicago, IL.",41.92270676,-87.64874182
1220 W BELMONT AVE,"1220 W BELMONT AVE Chicago, IL.",41.93988247,-87.65974708
1328 W BELMONT AVE,"1328 W BELMONT AVE Chicago, IL.",41.93984389,-87.66243153
736 N CLARK ST,"736 N CLARK ST Chicago, IL.",41.89578961,-87.63130168
59 W ERIE ST,"59 W ERIE ST Chicago, IL.",41.89398474,-87.6305104
3068 N LINCOLN AVE,"3068 N LINCOLN AVE Chicago, IL.",41.93728999,-87.66545126
3040 N LINCOLN AVE,"3040 N LINCOLN AVE Chicago, IL.",41.93680327,-87.6647723
2864 N LINCOLN AVE,"2864 N LINCOLN AVE Chicago, IL.",41.93366898,-87.66037182
1451 N CLARK ST,"1451 N CLARK ST Chicago, IL.",41.90930227,-87.63152488
1465 N CLARK ST,"1465 N CLARK ST Chicago, IL.",41.90843193,-87.63150772
2518 N LINCOLN AVE,"2518 N LINCOLN AVE Chicago, IL.",41.92760951,-87.6519012
1908 N HALSTED ST,"1908 N HALSTED ST Chicago, IL.",41.9161931,-87.64851514
1918 N HALSTED ST,"1918 N HALSTED ST Chicago, IL.",41.91640805,-87.64851932
243 W NORTH AVE,"243 W NORTH AVE Chicago, IL.",41.91103272,-87.6359907
71 S WELLS ST,"71 S WELLS ST Chicago, IL.",41.88101108,-87.63372804
941 W ARMITAGE AVE,"941 W ARMITAGE AVE Chicago, IL.",41.91805913,-87.65241778
2667 N LINCOLN AVE,"2667 N LINCOLN AVE Chicago, IL.",41.93039911,-87.6555826
161 W ILLINOIS ST,"161 W ILLINOIS ST Chicago, IL.",41.89074085,-87.63274722
153 W ILLINOIS ST,"153 W ILLINOIS ST Chicago, IL.",41.89075068,-87.63226867
2815 N LINCOLN AVE,"2815 N LINCOLN AVE Chicago, IL.",41.93288113,-87.6590556
1508 N HALSTED ST,"1508 N HALSTED ST Chicago, IL.",41.90872643,-87.64829447
121 W HUBBARD ST,"121 W HUBBARD ST Chicago, IL.",41.88995769,-87.63140807
109 W HUBBARD ST,"109 W HUBBARD ST Chicago, IL.",41.88996176,-87.63125582
946 N WELLS ST,"946 N WELLS ST Chicago, IL.",41.90013109,-87.63441342
46 E HURON ST,"46 E HURON ST Chicago, IL.",41.89495759,-87.6264515
82 E HURON ST,"82 E HURON ST Chicago, IL.",41.89497025,-87.62582065
50 E HURON ST,"50 E HURON ST Chicago, IL.",41.894959,-87.62638141
12 E SUPERIOR ST,"12 E SUPERIOR ST Chicago, IL.",41.89576044,-87.62662362
24 E GRAND AVE,"24 E GRAND AVE Chicago, IL.",41.89174644,-87.62647343
314 E HURON ST,"314 E HURON ST Chicago, IL.",41.8950864,-87.61917109
372 E CHICAGO AVE,"372 E CHICAGO AVE Chicago, IL.",41.89660249,-87.63782345
303 E PEARSON ST,"303 E PEARSON ST Chicago, IL.",41.8972857,-87.6703816
2682 N HALSTED ST,"2682 N HALSTED ST Chicago, IL.",41.93110765,-87.64903432
2660 N HALSTED ST,"2660 N HALSTED ST Chicago, IL.",41.93057961,-87.64901683
26 E ROOSEVELT RD,"26 E ROOSEVELT RD Chicago, IL.",41.86755444,-87.62633178
3733 N SOUTHPORT AVE,"3733 N SOUTHPORT AVE Chicago, IL.",41.94986015,-87.66401624
2 W HURON ST,"2 W HURON ST Chicago, IL.",41.89493244,-87.62822922
2966 N SOUTHPORT AVE,"2966 N SOUTHPORT AVE Chicago, IL.",41.93579508,-87.66375218
2143 N SOUTHPORT AVE,"2143 N SOUTHPORT AVE Chicago, IL.",41.92100039,-87.66310323
118 W HARRISON ST,"118 W HARRISON ST Chicago, IL.",41.87456544,-87.6313747
273 S FRANKLIN ST,"273 S FRANKLIN ST Chicago, IL.",41.87836702,-87.63513311
87 S FRANKLIN ST,"87 S FRANKLIN ST Chicago, IL.",41.88139987,-87.63522129
103 N FRANKLIN ST,"103 N FRANKLIN ST Chicago, IL.",41.88515769,-87.63531653
396 E WACKER DR,"396 E WACKER DR Chicago, IL.",41.87707505,-87.63691954
254 N STETSON AVE,"254 N STETSON AVE Chicago, IL.",41.8870627,-87.6223486
226 N STETSON AVE,"226 N STETSON AVE Chicago, IL.",41.8870627,-87.6223486
66 E RANDOLPH ST,"66 E RANDOLPH ST Chicago, IL.",41.88455544,-87.62554811
117 N FRANKLIN ST,"117 N FRANKLIN ST Chicago, IL.",41.88523262,-87.63531231
225 W HUBBARD ST,"225 W HUBBARD ST Chicago, IL.",41.88991285,-87.63487214
187 W HUBBARD ST,"187 W HUBBARD ST Chicago, IL.",41.8899497,-87.63223494
29 W HUBBARD ST,"29 W HUBBARD ST Chicago, IL.",41.88998485,-87.62952878
59 E HUBBARD ST,"59 E HUBBARD ST Chicago, IL.",41.89001755,-87.62722726
65 E HUBBARD ST,"65 E HUBBARD ST Chicago, IL.",41.89001836,-87.62715455
79 E HUBBARD ST,"79 E HUBBARD ST Chicago, IL.",41.89002026,-87.6269849
670 N RUSH ST,"670 N RUSH ST Chicago, IL.",41.89435586,-87.62551785
227 E 26TH ST,"227 E 26TH ST Chicago, IL.",41.84560853,-87.6216584
875 N RUSH ST,"875 N RUSH ST Chicago, IL.",41.89887095,-87.62654452
726 W 18TH ST,"726 W 18TH ST Chicago, IL.",41.85761066,-87.64583536
607 W 18TH ST,"607 W 18TH ST Chicago, IL.",41.85755785,-87.64215602
301 W RANDOLPH ST,"301 W RANDOLPH ST Chicago, IL.",41.88440485,-87.63545621
900 S DESPLAINES ST,"900 S DESPLAINES ST Chicago, IL.",41.87120065,-87.64386504
554 W 18TH ST,"554 W 18TH ST Chicago, IL.",41.85769045,-87.64107132
565 W 18TH ST,"565 W 18TH ST Chicago, IL.",41.85757249,-87.64128166
1258 W TAYLOR ST,"1258 W TAYLOR ST Chicago, IL.",41.86945345,-87.65812423
1558 W TAYLOR ST,"1558 W TAYLOR ST Chicago, IL.",41.86934398,-87.66473677
1114 W 18TH ST,"1114 W 18TH ST Chicago, IL.",41.85804938,-87.65405935
1411 W 18TH ST,"1411 W 18TH ST Chicago, IL.",41.85780155,-87.66224727
1280 S HALSTED ST,"1280 S HALSTED ST Chicago, IL.",41.86614655,-87.6469639
2619 N CLARK ST ,"2619 N CLARK ST  Chicago, IL.",41.93029917,-87.64357391
1874 N HALSTED ST,"1874 N HALSTED ST Chicago, IL.",41.91546697,-87.64848057
1013 N WELLS ST,"1013 N WELLS ST Chicago, IL.",41.90091257,-87.63428898
1011 N WELLS ST,"1011 N WELLS ST Chicago, IL.",41.90086116,-87.63428701
842 N WELLS ST,"842 N WELLS ST Chicago, IL.",41.89695563,-87.6342935
674 N WELLS ST,"674 N WELLS ST Chicago, IL.",41.89434343,-87.63421971
516 N WELLS ST,"516 N WELLS ST Chicago, IL.",41.89153168,-87.63414511
1137 N WELLS ST,"1137 N WELLS ST Chicago, IL.",41.90318339,-87.63437493
415 W SUPERIOR ST,"415 W SUPERIOR ST Chicago, IL.",41.89547119,-87.63920871
300 W SUPERIOR ST,"300 W SUPERIOR ST Chicago, IL.",41.89562544,-87.63575772
219 W SUPERIOR ST,"219 W SUPERIOR ST Chicago, IL.",41.89552572,-87.63496779
160 W ILLINOIS ST,"160 W ILLINOIS ST Chicago, IL.",41.89086858,-87.63192543
518 W JACKSON BLVD,"518 W JACKSON BLVD Chicago, IL.",41.87809342,-87.64031779
516 W JACKSON BLVD,"516 W JACKSON BLVD Chicago, IL.",41.87809492,-87.64024235
1623 N HALSTED ST,"1623 N HALSTED ST Chicago, IL.",41.9117096,-87.64821964
2254 N LINCOLN AVE,"2254 N LINCOLN AVE Chicago, IL.",41.92290969,-87.645327
200 S STATE ST,"200 S STATE ST Chicago, IL.",41.87939923,-87.62778597
1946 N CLARK ST ,"1946 N CLARK ST  Chicago, IL.",41.9174495,-87.63556834
1455 N MILWAUKEE AVE,"1455 N MILWAUKEE AVE Chicago, IL.",41.90822113,-87.67398349
1459 N MILWAUKEE AVE,"1459 N MILWAUKEE AVE Chicago, IL.",41.9082636,-87.67404882
3223 N MILWAUKEE AVE,"3223 N MILWAUKEE AVE Chicago, IL.",41.93951901,-87.72456887
3240 N HALSTED ST,"3240 N HALSTED ST Chicago, IL.",41.94117678,-87.64938263
1476 N HALSTED ST,"1476 N HALSTED ST Chicago, IL.",41.90815436,-87.64828139
1382 N HALSTED ST,"1382 N HALSTED ST Chicago, IL.",41.90612525,-87.64822483
1323 N HALSTED ST,"1323 N HALSTED ST Chicago, IL.",41.90541877,-87.64805312
108 S CLINTON ST,"108 S CLINTON ST Chicago, IL.",41.8804628,-87.64122607
3372 N LINCOLN AVE,"3372 N LINCOLN AVE Chicago, IL.",41.94278127,-87.67091282
2926 N LINCOLN AVE,"2926 N LINCOLN AVE Chicago, IL.",41.93489314,-87.66208875
2440 N LINCOLN AVE,"2440 N LINCOLN AVE Chicago, IL.",41.92638987,-87.65019799
510 W ARMITAGE AVE,"510 W ARMITAGE AVE Chicago, IL.",41.91833747,-87.64164757
2845 N HALSTED ST,"2845 N HALSTED ST Chicago, IL.",41.93378369,-87.64897425
3643 N HALSTED ST,"3643 N HALSTED ST Chicago, IL.",41.94817484,-87.64943769
1371 W BELMONT AVE,"1371 W BELMONT AVE Chicago, IL.",41.93972664,-87.66262315
3972 N BROADWAY ST,"3972 N BROADWAY ST Chicago, IL.",41.95359513,-87.6499928
921 W BELMONT AVE,"921 W BELMONT AVE Chicago, IL.",41.93988226,-87.65234998
1553 W WARREN BLVD,"1553 W WARREN BLVD Chicago, IL.",41.88232585,-87.66582667
504 N WELLS ST,"504 N WELLS ST Chicago, IL.",41.89101665,-87.63413114
3660 N BROADWAY ST,"3660 N BROADWAY ST Chicago, IL.",41.94854172,-87.64807444
3594 N BROADWAY ST,"3594 N BROADWAY ST Chicago, IL.",41.94648859,-87.64683741
3466 N BROADWAY,"3466 N BROADWAY Chicago, IL.",41.9451072,-87.64599048
3216 N BROADWAY ST,"3216 N BROADWAY ST Chicago, IL.",41.94041412,-87.64448739
3032 N CLARK ST,"3032 N CLARK ST Chicago, IL.",41.93687702,-87.64827474
2430 N CLARK ST,"2430 N CLARK ST Chicago, IL.",41.92637407,-87.64104717
2418 N CLARK ST,"2418 N CLARK ST Chicago, IL.",41.92606765,-87.64086514
105 N CLARK ST,"105 N CLARK ST Chicago, IL.",41.88458712,-87.63086382
2352 N CLARK ST,"2352 N CLARK ST Chicago, IL.",41.92509671,-87.64025233
2320 N CLARK ST,"2320 N CLARK ST Chicago, IL.",41.92432971,-87.63978781
410 S MORGAN ST,"410 S MORGAN ST Chicago, IL.",41.87649651,-87.65194934
1732 N CLARK ST,"1732 N CLARK ST Chicago, IL.",41.91409227,-87.63350463
1036 N ORLEANS ST,"1036 N ORLEANS ST Chicago, IL.",41.90139817,-87.63743513
727 W FULTON ST,"727 W FULTON ST Chicago, IL.",41.88674415,-87.64677733
345 N DEARBORN ST ,"345 N DEARBORN ST  Chicago, IL.",41.88844143,-87.62947968
583 W MADISON ST,"583 W MADISON ST Chicago, IL.",41.88178586,-87.64236585
637 W MADISON ST,"637 W MADISON ST Chicago, IL.",41.88177413,-87.6432186
631 W MADISON ST,"631 W MADISON ST Chicago, IL.",41.88177495,-87.6431382
170 N DESPLAINES ST,"170 N DESPLAINES ST Chicago, IL.",41.88420279,-87.64427433
1501 W MADISON ST,"1501 W MADISON ST Chicago, IL.",41.8813479,-87.6649645
1125 W MADISON ST,"1125 W MADISON ST Chicago, IL.",41.88155356,-87.65544656
1041 W MADISON ST,"1041 W MADISON ST Chicago, IL.",41.88163877,-87.65235225
917 W MADISON ST,"917 W MADISON ST Chicago, IL.",41.88165958,-87.65110703
845 W MADISON ST,"845 W MADISON ST Chicago, IL.",41.88170777,-87.64829613
1044 W MADISON ST,"1044 W MADISON ST Chicago, IL.",41.88177093,-87.65356625
1224 W MADISON ST,"1224 W MADISON ST Chicago, IL.",41.88169577,-87.6578248
1340 W MADISON ST,"1340 W MADISON ST Chicago, IL.",41.8816437,-87.66106989
1248 W WASHINGTON BLVD,"1248 W WASHINGTON BLVD Chicago, IL.",41.88300744,-87.65872028
1120 W WASHINGTON BLVD,"1120 W WASHINGTON BLVD Chicago, IL.",41.88306483,-87.65520158
850 N ELSTON AVE,"850 N ELSTON AVE Chicago, IL.",41.89791444,-87.65665777
1086 W WASHINGTON BLVD,"1086 W WASHINGTON BLVD Chicago, IL.",41.88310508,-87.65303857
1082 W WASHINGTON BLVD,"1082 W WASHINGTON BLVD Chicago, IL.",41.88310654,-87.65299466
840 W WASHINGTON BLVD,"840 W WASHINGTON BLVD Chicago, IL.",41.88317724,-87.64864728
832 W WASHINGTON BLVD,"832 W WASHINGTON BLVD Chicago, IL.",41.88318567,-87.64833534
819 W WASHINGTON BLVD,"819 W WASHINGTON BLVD Chicago, IL.",41.88307871,-87.64808414
1861 S WABASH AVE,"1861 S WABASH AVE Chicago, IL.",41.85711109,-87.62551768
1118 W 18TH ST,"1118 W 18TH ST Chicago, IL.",41.85804561,-87.65418379
1268 S MICHIGAN AVE,"1268 S MICHIGAN AVE Chicago, IL.",41.86629893,-87.62411726
1519 W HUBBARD ST,"1519 W HUBBARD ST Chicago, IL.",41.88984085,-87.66583195
1250 W TAYLOR ST,"1250 W TAYLOR ST Chicago, IL.",41.86945345,-87.65810582
1256 W TAYLOR ST,"1256 W TAYLOR ST Chicago, IL.",41.86945345,-87.65811963
1406 W TAYLOR ST,"1406 W TAYLOR ST Chicago, IL.",41.86938969,-87.66195142
1450 W ERIE ST,"1450 W ERIE ST Chicago, IL.",41.89344732,-87.66429044
717 N NOBLE ST,"717 N NOBLE ST Chicago, IL.",41.89492797,-87.66229445
2125 S MICHIGAN AVE,"2125 S MICHIGAN AVE Chicago, IL.",41.85392842,-87.62376687
775 W JACKSON BLVD,"775 W JACKSON BLVD Chicago, IL.",41.87789785,-87.64644515
1038 S CANAL ST,"1038 S CANAL ST Chicago, IL.",41.86923879,-87.63933472
619 S LOOMIS ST,"619 S LOOMIS ST Chicago, IL.",41.87358958,-87.66169179
1856 N HALSTED ST,"1856 N HALSTED ST Chicago, IL.",41.91508217,-87.64846693
627 W ROOSEVELT RD,"627 W ROOSEVELT RD Chicago, IL.",41.86714527,-87.6435792
2050 S STATE ST,"2050 S STATE ST Chicago, IL.",41.85483563,-87.62720934
2319 S STATE ST,"2319 S STATE ST Chicago, IL.",41.8506942,-87.62695782
2105 S STATE ST,"2105 S STATE ST Chicago, IL.",41.8541444,-87.62703306
33 E 13TH ST,"33 E 13TH ST Chicago, IL.",41.86569627,-87.62626088
85 E 13TH ST,"85 E 13TH ST Chicago, IL.",41.86570256,-87.62595574
108 E 18TH ST,"108 E 18TH ST Chicago, IL.",41.85794508,-87.62301348
986 S STATE ST,"986 S STATE ST Chicago, IL.",41.87066589,-87.62765928
727 S STATE ST,"727 S STATE ST Chicago, IL.",41.89573439,-87.62809908
1537 N WELLS ST,"1537 N WELLS ST Chicago, IL.",41.91000555,-87.6345951
1463 W 18TH ST,"1463 W 18TH ST Chicago, IL.",41.85779186,-87.66296338
1320 N WELLS ST,"1320 N WELLS ST Chicago, IL.",41.90692305,-87.63466076
1176 N WELLS ST,"1176 N WELLS ST Chicago, IL.",41.90360177,-87.63454505
500 N DEARBORN ST,"500 N DEARBORN ST Chicago, IL.",41.87582289,-87.62932047
536 N DEARBORN ST,"536 N DEARBORN ST Chicago, IL.",41.89187961,-87.62973502
61 W ONTARIO ST,"61 W ONTARIO ST Chicago, IL.",41.89319109,-87.62961588
127 W MAPLE ST,"127 W MAPLE ST Chicago, IL.",41.90177257,-87.63225565
83 W OAK ST,"83 W OAK ST Chicago, IL.",41.90049985,-87.63091163
59 W OAK ST,"59 W OAK ST Chicago, IL.",41.90051096,-87.63037024
1086 W ROOSEVELT RD,"1086 W ROOSEVELT RD Chicago, IL.",41.867169,-87.654659
986 N DEARBORN ST,"986 N DEARBORN ST Chicago, IL.",41.89966395,-87.62992998
55 W WALTON ST,"55 W WALTON ST Chicago, IL.",41.8997478,-87.6302541
79 W WALTON ST,"79 W WALTON ST Chicago, IL.",41.89973671,-87.63079736
80 W DELAWARE PL,"80 W DELAWARE PL Chicago, IL.",41.89879857,-87.63081936
1534 W ROOSEVELT RD,"1534 W ROOSEVELT RD Chicago, IL.",41.8669242,-87.66482686
1200 N DEARBORN PKWY,"1200 N DEARBORN PKWY Chicago, IL.",41.90397641,-87.63006658
1242 N DEARBORN PKWY,"1242 N DEARBORN PKWY Chicago, IL.",41.90473331,-87.63008643
1870 N HALSTED ST,"1870 N HALSTED ST Chicago, IL.",41.91538146,-87.64847754
1382 N CLARK ST,"1382 N CLARK ST Chicago, IL.",41.90661053,-87.63161059
1370 N CLARK ST,"1370 N CLARK ST Chicago, IL.",41.90614771,-87.63159697
1123 N DEARBORN ST,"1123 N DEARBORN ST Chicago, IL.",41.90254076,-87.62986948
1443 N DEARBORN PKWY,"1443 N DEARBORN PKWY Chicago, IL.",41.9085493,-87.63004941
1496 N HALSTED ST,"1496 N HALSTED ST Chicago, IL.",41.90848217,-87.64828832
1455 W WEBSTER AVE,"1455 W WEBSTER AVE Chicago, IL.",41.9215492,-87.66525695
1453 W WEBSTER AVE,"1453 W WEBSTER AVE Chicago, IL.",41.92154973,-87.66522671
2114 N CLYBOURN AVE,"2114 N CLYBOURN AVE Chicago, IL.",41.91985993,-87.6620764
1732 N CLYBOURN AVE,"1732 N CLYBOURN AVE Chicago, IL.",41.91233727,-87.65161636
24 W ILLINOIS ST,"24 W ILLINOIS ST Chicago, IL.",41.89088244,-87.63000819
716 N WELLS ST,"716 N WELLS ST Chicago, IL.",41.89524248,-87.63424034
157 W KINZIE ST,"157 W KINZIE ST Chicago, IL.",41.88911837,-87.63319662
1759 N CLYBOURN AVE,"1759 N CLYBOURN AVE Chicago, IL.",41.91313781,-87.65250509
1775 N CLYBOURN AVE,"1775 N CLYBOURN AVE Chicago, IL.",41.91330734,-87.65274078
170 W HUBBARD ST,"170 W HUBBARD ST Chicago, IL.",41.89005083,-87.63312726
174 W HUBBARD ST,"174 W HUBBARD ST Chicago, IL.",41.89005024,-87.6331618
500 N FRANKLIN ST,"500 N FRANKLIN ST Chicago, IL.",41.89081824,-87.63563329
675 N FRANKLIN ST,"675 N FRANKLIN ST Chicago, IL.",41.89442844,-87.63557228
1441 W FULLERTON AVE,"1441 W FULLERTON AVE Chicago, IL.",41.92513835,-87.66485264
1439 W FULLERTON AVE,"1439 W FULLERTON AVE Chicago, IL.",41.92513871,-87.66482378
1231 W FULLERTON AVE,"1231 W FULLERTON AVE Chicago, IL.",41.92522065,-87.65953265
1115 W FULLERTON AVE,"1115 W FULLERTON AVE Chicago, IL.",41.92525057,-87.65738699
1045 W FULLERTON AVE,"1045 W FULLERTON AVE Chicago, IL.",41.92529184,-87.6551127
1312 N DEARBORN PKWY,"1312 N DEARBORN PKWY Chicago, IL.",41.90617058,-87.63013185
1434 N DEARBORN PKWY,"1434 N DEARBORN PKWY Chicago, IL.",41.90842509,-87.63019937
769 W FULLERTON AVE,"769 W FULLERTON AVE Chicago, IL.",41.92541871,-87.64713748
751 W FULLERTON AVE,"751 W FULLERTON AVE Chicago, IL.",41.92542425,-87.64694514
2242 N CLARK ST,"2242 N CLARK ST Chicago, IL.",41.92322177,-87.63912318
448 N STATE ST,"448 N STATE ST Chicago, IL.",41.89062594,-87.6281062
15 W GRAND AVE,"15 W GRAND AVE Chicago, IL.",41.89160261,-87.62862227
905 N WELLS ST,"905 N WELLS ST Chicago, IL.",41.89914156,-87.63422223
220 W KINZIE ST,"220 W KINZIE ST Chicago, IL.",41.88921615,-87.63443748
420 N FRANKLIN ST,"420 N FRANKLIN ST Chicago, IL.",41.88978722,-87.63560449
414 N FRANKLIN ST,"414 N FRANKLIN ST Chicago, IL.",41.88961331,-87.63560115
412 N FRANKLIN ST,"412 N FRANKLIN ST Chicago, IL.",41.88955464,-87.63559986
2254 N CLYBOURN AVE,"2254 N CLYBOURN AVE Chicago, IL.",41.9228511,-87.66623295
2212 N CLYBOURN AVE,"2212 N CLYBOURN AVE Chicago, IL.",41.9218857,-87.66488712
1923 N CLYBOURN AVE,"1923 N CLYBOURN AVE Chicago, IL.",41.91644603,-87.65712062
186 S FRANKLIN ST,"186 S FRANKLIN ST Chicago, IL.",41.87956526,-87.63531927
179 S FRANKLIN ST,"179 S FRANKLIN ST Chicago, IL.",41.87966253,-87.63516876
1457 W BELMONT AVE,"1457 W BELMONT AVE Chicago, IL.",41.9396894,-87.6652828
526 S MORGAN ST,"526 S MORGAN ST Chicago, IL.",41.87524292,-87.65191719
532 S MORGAN ST,"532 S MORGAN ST Chicago, IL.",41.87523671,-87.65191719
3530 N CLARK ST,"3530 N CLARK ST Chicago, IL.",41.94624588,-87.65583829
3528 N CLARK ST,"3528 N CLARK ST Chicago, IL.",41.94620453,-87.65580501
1761 N CLARK ST,"1761 N CLARK ST Chicago, IL.",41.91454688,-87.63361359
1783 N CLARK ST,"1783 N CLARK ST Chicago, IL.",41.91458715,-87.63363892
2916 N CLARK ST,"2916 N CLARK ST Chicago, IL.",41.93531904,-87.64701621
2945 N BROADWAY ST,"2945 N BROADWAY ST Chicago, IL.",41.93611439,-87.64418739
3445 N BROADWAY,"3445 N BROADWAY Chicago, IL.",41.94432326,-87.64533913
806 W ARMITAGE AVE,"806 W ARMITAGE AVE Chicago, IL.",41.9182318,-87.64882327
2546 N HALSTED ST,"2546 N HALSTED ST Chicago, IL.",41.92860194,-87.64894911
2721 N HALSTED ST,"2721 N HALSTED ST Chicago, IL.",41.93182419,-87.64890249
1401 N DEARBORN PKWY,"1401 N DEARBORN PKWY Chicago, IL.",41.90791161,-87.63002987
3314 N BROADWAY,"3314 N BROADWAY Chicago, IL.",41.94239897,-87.64454836
3212 N BROADWAY ST,"3212 N BROADWAY ST Chicago, IL.",41.94033616,-87.64448528
2952 N BROADWAY ST,"2952 N BROADWAY ST Chicago, IL.",41.9361516,-87.64434299
2944 N BROADWAY ST,"2944 N BROADWAY ST Chicago, IL.",41.93609967,-87.64434092
2940 N BROADWAY ST,"2940 N BROADWAY ST Chicago, IL.",41.93607371,-87.64433988
3940 N LINCOLN AVE,"3940 N LINCOLN AVE Chicago, IL.",41.95335772,-87.67828611
1543 W DIVISION ST,"1543 W DIVISION ST Chicago, IL.",41.90329585,-87.66677622
1144 N MILWAUKEE AVE,"1144 N MILWAUKEE AVE Chicago, IL.",41.90243968,-87.66516854
1136 N MILWAUKEE AVE,"1136 N MILWAUKEE AVE Chicago, IL.",41.90228567,-87.66492661
2242 N LINCOLN AVE,"2242 N LINCOLN AVE Chicago, IL.",41.92272419,-87.6450697
1748 N WELLS ST,"1748 N WELLS ST Chicago, IL.",41.91437047,-87.6348873
1976 N CLARK ST,"1976 N CLARK ST Chicago, IL.",41.91799621,-87.63590678
1968 N CLARK ST,"1968 N CLARK ST Chicago, IL.",41.91785042,-87.63581652
2225 N LINCOLN AVE,"2225 N LINCOLN AVE Chicago, IL.",41.92255916,-87.64461946
2480 N LINCOLN AVE,"2480 N LINCOLN AVE Chicago, IL.",41.92694356,-87.65096671
2450 N LINCOLN AVE,"2450 N LINCOLN AVE Chicago, IL.",41.92652677,-87.65038559
2448 N LINCOLN AVE,"2448 N LINCOLN AVE Chicago, IL.",41.92649944,-87.65034836
705 S CLARK ST,"705 S CLARK ST Chicago, IL.",41.87302857,-87.63055475
1362 N WELLS ST,"1362 N WELLS ST Chicago, IL.",41.90729054,-87.63467207
843 W ROOSEVELT RD,"843 W ROOSEVELT RD Chicago, IL.",41.86706946,-87.64849681
758 W ROOSEVELT RD,"758 W ROOSEVELT RD Chicago, IL.",41.86722144,-87.6459178
1045 W TAYLOR ST,"1045 W TAYLOR ST Chicago, IL.",41.86942527,-87.65286304
3145 N BROADWAY ,"3145 N BROADWAY  Chicago, IL.",41.93894262,-87.64428503
1550 W TAYLOR ST,"1550 W TAYLOR ST Chicago, IL.",41.86934524,-87.66465633
575 S MORGAN ST,"575 S MORGAN ST Chicago, IL.",41.87519321,-87.6517633
935 W ROOSEVELT RD,"935 W ROOSEVELT RD Chicago, IL.",41.86704404,-87.64995279
929 W ROOSEVELT RD,"929 W ROOSEVELT RD Chicago, IL.",41.86704826,-87.64985786
937 W ROOSEVELT RD,"937 W ROOSEVELT RD Chicago, IL.",41.86704385,-87.64998907
921 W ROOSEVELT RD,"921 W ROOSEVELT RD Chicago, IL.",41.86705318,-87.6497343
917 W ROOSEVELT RD,"917 W ROOSEVELT RD Chicago, IL.",41.86705412,-87.64967092
1632 S MICHIGAN AVE,"1632 S MICHIGAN AVE Chicago, IL.",41.85925766,-87.6240404
324 S DESPLAINES ST,"324 S DESPLAINES ST Chicago, IL.",41.87716493,-87.64405363
326 S DESPLAINES ST,"326 S DESPLAINES ST Chicago, IL.",41.87715423,-87.64405325
1141 S JEFFERSON ST,"1141 S JEFFERSON ST Chicago, IL.",41.86797243,-87.64213886
1113 S JEFFERSON ST,"1113 S JEFFERSON ST Chicago, IL.",41.86861475,-87.64215894
1925 S MICHIGAN AVE,"1925 S MICHIGAN AVE Chicago, IL.",41.85639816,-87.62382126
1626 S WABASH AVE,"1626 S WABASH AVE Chicago, IL.",41.85985562,-87.62573393
501 N MILWAUKEE AVE,"501 N MILWAUKEE AVE Chicago, IL.",41.89126607,-87.64763374
1915 N HALSTED ST,"1915 N HALSTED ST Chicago, IL.",41.91632416,-87.6483637
2320 N LINCOLN AVE,"2320 N LINCOLN AVE Chicago, IL.",41.92401418,-87.64687192
65 E ADAMS ST,"65 E ADAMS ST Chicago, IL.",41.87947799,-87.62547711
129 N HALSTED ST,"129 N HALSTED ST Chicago, IL.",41.88411359,-87.64735228
135 N HALSTED ST,"135 N HALSTED ST Chicago, IL.",41.8842037,-87.64735329
559 S MORGAN ST,"559 S MORGAN ST Chicago, IL.",41.87520978,-87.6517633
1401 W MADISON ST,"1401 W MADISON ST Chicago, IL.",41.88143389,-87.66234688
1085 S DESPLAINES ST,"1085 S DESPLAINES ST Chicago, IL.",41.86862814,-87.64363
1133 S DESPLAINES ST,"1133 S DESPLAINES ST Chicago, IL.",41.86805166,-87.64361182
3145 N HALSTED ST,"3145 N HALSTED ST Chicago, IL.",41.93926458,-87.64916674
2113 S STATE ST,"2113 S STATE ST Chicago, IL.",41.85404826,-87.62702978
221 W CERMAK RD,"221 W CERMAK RD Chicago, IL.",41.85286886,-87.63152861
219 W CERMAK RD,"219 W CERMAK RD Chicago, IL.",41.85286886,-87.63149966
47 E CERMAK RD,"47 E CERMAK RD Chicago, IL.",41.85271585,-87.62524282
217 W ILLINOIS ST,"217 W ILLINOIS ST Chicago, IL.",41.8907215,-87.63471724
3600 N HALSTED ST,"3600 N HALSTED ST Chicago, IL.",41.94737436,-87.64956519
710 N WELLS ST,"710 N WELLS ST Chicago, IL.",41.8950954,-87.63423618
1187 W ARMITAGE AVE,"1187 W ARMITAGE AVE Chicago, IL.",41.9179846,-87.65791678
1139 W ARMITAGE AVE,"1139 W ARMITAGE AVE Chicago, IL.",41.91799807,-87.65686765
765 W ARMITAGE AVE,"765 W ARMITAGE AVE Chicago, IL.",41.91812784,-87.64813108
707 W ARMITAGE AVE,"707 W ARMITAGE AVE Chicago, IL.",41.91815225,-87.64645742
1982 N CLARK ST,"1982 N CLARK ST Chicago, IL.",41.91810555,-87.63597446
1241 N CLYBOURN AVE,"1241 N CLYBOURN AVE Chicago, IL.",41.90456003,-87.64055039
1356 N HALSTED ST,"1356 N HALSTED ST Chicago, IL.",41.90580978,-87.64821752
263 W DIVISION ST,"263 W DIVISION ST Chicago, IL.",41.90378475,-87.63530079
257 W DIVISION ST,"257 W DIVISION ST Chicago, IL.",41.90378613,-87.63522854
415 N WELLS ST,"415 N WELLS ST Chicago, IL.",41.89012453,-87.6339563
440 E GRAND AVE,"440 E GRAND AVE Chicago, IL.",41.89191398,-87.6169106
2448 N HALSTED ST,"2448 N HALSTED ST Chicago, IL.",41.92704938,-87.64889483
3758 N SOUTHPORT AVE,"3758 N SOUTHPORT AVE Chicago, IL.",41.94995734,-87.66417316
2774 N SOUTHPORT AVE,"2774 N SOUTHPORT AVE Chicago, IL.",41.93226587,-87.66363636
2036 N CLYBOURN AVE,"2036 N CLYBOURN AVE Chicago, IL.",41.91844736,-87.66011504
1968 N CLYBOURN AVE,"1968 N CLYBOURN AVE Chicago, IL.",41.91685854,-87.6579227
57 W ERIE ST,"57 W ERIE ST Chicago, IL.",41.89398505,-87.63048055
23 E GRAND AVE,"23 E GRAND AVE Chicago, IL.",41.89163354,-87.62636987
446 N STATE ST,"446 N STATE ST Chicago, IL.",41.89061849,-87.62810606
442 N STATE ST,"442 N STATE ST Chicago, IL.",41.89060359,-87.62810579
15 W ILLINOIS ST,"15 W ILLINOIS ST Chicago, IL.",41.89079889,-87.62861682
3548 N BROADWAY ,"3548 N BROADWAY  Chicago, IL.",41.94601952,-87.646548
3040 N BROADWAY ,"3040 N BROADWAY  Chicago, IL.",41.93772099,-87.64439825
27 N JEFFERSON ST,"27 N JEFFERSON ST Chicago, IL.",41.882218,-87.64259547
3252 N HALSTED ST,"3252 N HALSTED ST Chicago, IL.",41.94129193,-87.64938616
2452 N HALSTED ST,"2452 N HALSTED ST Chicago, IL.",41.92710317,-87.64889684
2450 N HALSTED ST,"2450 N HALSTED ST Chicago, IL.",41.92707628,-87.64889584
1115 W WASHINGTON BLVD,"1115 W WASHINGTON BLVD Chicago, IL.",41.88295589,-87.65497859
2207 N HALSTED ST,"2207 N HALSTED ST Chicago, IL.",41.92198375,-87.6485608
2209 N HALSTED ST,"2209 N HALSTED ST Chicago, IL.",41.92201833,-87.6485621
305 W MONROE ST,"305 W MONROE ST Chicago, IL.",41.88057985,-87.63541025
2910 N BROADWAY ST,"2910 N BROADWAY ST Chicago, IL.",41.93519366,-87.64431448
2632 N CLARK ST,"2632 N CLARK ST Chicago, IL.",41.93037565,-87.64378735
1049 W HARRISON ST,"1049 W HARRISON ST Chicago, IL.",41.87423739,-87.65306912
552 S MORGAN ST,"552 S MORGAN ST Chicago, IL.",41.875216,-87.65191719
1812 N CLARK ST,"1812 N CLARK ST Chicago, IL.",41.91535879,-87.63428333
501 W KINZIE ST,"501 W KINZIE ST Chicago, IL.",41.88899951,-87.64146191
210 N DESPLAINES ST,"210 N DESPLAINES ST Chicago, IL.",41.88595283,-87.64432952
589 W FULTON ST,"589 W FULTON ST Chicago, IL.",41.88675385,-87.64192656
569 W FULTON ST,"569 W FULTON ST Chicago, IL.",41.88675385,-87.64181012
515 W FULTON ST,"515 W FULTON ST Chicago, IL.",41.88675385,-87.64149572
355 W KINZIE ST,"355 W KINZIE ST Chicago, IL.",41.88907168,-87.6374879
1959 N CLARK ST,"1959 N CLARK ST Chicago, IL.",41.9169568,-87.63509379
2801 N BROADWAY ST,"2801 N BROADWAY ST Chicago, IL.",41.93284846,-87.64480501
2847 N BROADWAY ST,"2847 N BROADWAY ST Chicago, IL.",41.93392878,-87.64437652
3139 N BROADWAY ST,"3139 N BROADWAY ST Chicago, IL.",41.93879497,-87.64428027
3149 N BROADWAY ST,"3149 N BROADWAY ST Chicago, IL.",41.93904105,-87.64428821
3223 N BROADWAY ST,"3223 N BROADWAY ST Chicago, IL.",41.94077512,-87.64434567
3245 N BROADWAY ST,"3245 N BROADWAY ST Chicago, IL.",41.94145612,-87.64436749
3401 N BROADWAY,"3401 N BROADWAY Chicago, IL.",41.94339803,-87.64477758
1057 W TAYLOR ST,"1057 W TAYLOR ST Chicago, IL.",41.86941479,-87.65331535
674 N RUSH ST,"674 N RUSH ST Chicago, IL.",41.89442813,-87.6255199
678 N RUSH ST,"678 N RUSH ST Chicago, IL.",41.8945004,-87.62552194
301 N CLINTON ST,"301 N CLINTON ST Chicago, IL.",41.88686923,-87.64126135
1527 W MADISON ST,"1527 W MADISON ST Chicago, IL.",41.88140785,-87.66528191
1259 W MADISON ST,"1259 W MADISON ST Chicago, IL.",41.88149686,-87.65904403
1231 W MADISON ST,"1231 W MADISON ST Chicago, IL.",41.88150263,-87.65848716
1043 W MADISON ST,"1043 W MADISON ST Chicago, IL.",41.88163835,-87.65236472
1009 W MADISON ST,"1009 W MADISON ST Chicago, IL.",41.88164185,-87.65215613
40 S HALSTED ST,"40 S HALSTED ST Chicago, IL.",41.8812575,-87.64742311
58 E GRAND AVE,"58 E GRAND AVE Chicago, IL.",41.89175635,-87.6260046
956 W ROOSEVELT RD,"956 W ROOSEVELT RD Chicago, IL.",41.86715845,-87.65013515
2471 N CLARK ST ,"2471 N CLARK ST  Chicago, IL.",41.92741336,-87.64149026
979 W ROOSEVELT RD,"979 W ROOSEVELT RD Chicago, IL.",41.86703725,-87.65065325
955 W ROOSEVELT RD,"955 W ROOSEVELT RD Chicago, IL.",41.8670425,-87.65027292
939 W ROOSEVELT RD,"939 W ROOSEVELT RD Chicago, IL.",41.86704385,-87.65002077
1720 S HALSTED ST,"1720 S HALSTED ST Chicago, IL.",41.85845406,-87.64673633
2110 S INDIANA AVE,"2110 S INDIANA AVE Chicago, IL.",41.85412796,-87.62241211
1212 W HUBBARD ST,"1212 W HUBBARD ST Chicago, IL.",41.89003644,-87.65815706
2312 S MICHIGAN AVE,"2312 S MICHIGAN AVE Chicago, IL.",41.85090535,-87.62383202
245 N HALSTED ST,"245 N HALSTED ST Chicago, IL.",41.88638018,-87.64741628
2331 S MICHIGAN AVE,"2331 S MICHIGAN AVE Chicago, IL.",41.85020622,-87.62366212
897 W TAYLOR ST,"897 W TAYLOR ST Chicago, IL.",41.86948966,-87.64722098
2000 S WABASH AVE,"2000 S WABASH AVE Chicago, IL.",41.85540524,-87.62563494
1927 S WABASH AVE,"1927 S WABASH AVE Chicago, IL.",41.85635122,-87.62550086
1433 S WABASH AVE,"1433 S WABASH AVE Chicago, IL.",41.86353614,-87.6256613
555 S LOOMIS ST,"555 S LOOMIS ST Chicago, IL.",41.8600989,-87.6613417
1610 S STATE ST,"1610 S STATE ST Chicago, IL.",41.86001473,-87.62740761
1612 S STATE ST,"1612 S STATE ST Chicago, IL.",41.85999301,-87.62740786
1709 S STATE ST,"1709 S STATE ST Chicago, IL.",41.85885871,-87.62707059
1309 S UNION AVE,"1309 S UNION AVE Chicago, IL.",41.86584277,-87.64507638
915 N DEARBORN ST,"915 N DEARBORN ST Chicago, IL.",41.89954099,-87.62977202
1638 N WELLS ST,"1638 N WELLS ST Chicago, IL.",41.91234893,-87.63482498
1450 W 18TH ST,"1450 W 18TH ST Chicago, IL.",41.85789745,-87.66334788
1524 N WELLS ST,"1524 N WELLS ST Chicago, IL.",41.90980154,-87.63474293
57 W GRAND AVE,"57 W GRAND AVE Chicago, IL.",41.89158536,-87.63001945
157 W GRAND AVE,"157 W GRAND AVE Chicago, IL.",41.89153942,-87.63310646
1427 N HALSTED ST,"1427 N HALSTED ST Chicago, IL.",41.90690942,-87.64809727
3313 N BROADWAY ,"3313 N BROADWAY  Chicago, IL.",41.94248442,-87.6443973
735 N FRANKLIN ST,"735 N FRANKLIN ST Chicago, IL.",41.89532888,-87.63560155
747 N FRANKLIN ST,"747 N FRANKLIN ST Chicago, IL.",41.89536333,-87.63560305
215 W INSTITUTE PL,"215 W INSTITUTE PL Chicago, IL.",41.89735434,-87.63503565
161 W NORTH AVE,"161 W NORTH AVE Chicago, IL.",41.91110785,-87.63282938
1359 W FULLERTON AVE,"1359 W FULLERTON AVE Chicago, IL.",41.92517314,-87.66248628
1355 W FULLERTON AVE,"1355 W FULLERTON AVE Chicago, IL.",41.92517407,-87.66240983
1111 W FULLERTON AVE,"1111 W FULLERTON AVE Chicago, IL.",41.92525127,-87.65736849
1071 W FULLERTON AVE,"1071 W FULLERTON AVE Chicago, IL.",41.92529184,-87.65551525
1065 W FULLERTON AVE,"1065 W FULLERTON AVE Chicago, IL.",41.92529184,-87.65542236
1448 N CLARK ST,"1448 N CLARK ST Chicago, IL.",41.90872768,-87.6316691
775 W FULLERTON AVE,"775 W FULLERTON AVE Chicago, IL.",41.92541784,-87.64720459
747 W FULLERTON AVE,"747 W FULLERTON AVE Chicago, IL.",41.92542548,-87.6469024
74 W DELAWARE PL,"74 W DELAWARE PL Chicago, IL.",41.8988023,-87.63068308
64 W DELAWARE PL,"64 W DELAWARE PL Chicago, IL.",41.89880244,-87.63045296
58 W DELAWARE PL,"58 W DELAWARE PL Chicago, IL.",41.89880244,-87.63031659
940 N DEARBORN ST,"940 N DEARBORN ST Chicago, IL.",41.89933937,-87.62991946
66 W OAK ST,"66 W OAK ST Chicago, IL.",41.90062233,-87.63052916
1230 N DEARBORN PKWY,"1230 N DEARBORN PKWY Chicago, IL.",41.90451701,-87.63008038
1216 N DEARBORN PKWY,"1216 N DEARBORN PKWY Chicago, IL.",41.90426483,-87.63007345
1227 N CLARK ST,"1227 N CLARK ST Chicago, IL.",41.86678261,-87.63034245
1963 N HALSTED ST,"1963 N HALSTED ST Chicago, IL.",41.9173513,-87.64839774
0 W NORTH AVE,"1 W NORTH AVE Chicago, IL.",41.91114385,-87.63028574
210 W NORTH AVE,"210 W NORTH AVE Chicago, IL.",41.91125844,-87.63586279
1474 N HALSTED ST,"1474 N HALSTED ST Chicago, IL.",41.90812157,-87.6482807
1380 N HALSTED ST,"1380 N HALSTED ST Chicago, IL.",41.906101,-87.64822443
1360 N HALSTED ST,"1360 N HALSTED ST Chicago, IL.",41.90585939,-87.64821823
1370 N HALSTED ST,"1370 N HALSTED ST Chicago, IL.",41.90597699,-87.64822103
1508 N ELSTON AVE,"1508 N ELSTON AVE Chicago, IL.",41.90923859,-87.66133184
2052 N CLYBOURN AVE,"2052 N CLYBOURN AVE Chicago, IL.",41.91880734,-87.66062325
814 N MILWAUKEE AVE,"814 N MILWAUKEE AVE Chicago, IL.",41.89698866,-87.6566848
2028 N CLYBOURN AVE,"2028 N CLYBOURN AVE Chicago, IL.",41.91826608,-87.65986423
2008 N CLYBOURN AVE,"2008 N CLYBOURN AVE Chicago, IL.",41.91778089,-87.65919246
1102 W HUBBARD ST,"1102 W HUBBARD ST Chicago, IL.",41.89006344,-87.65526444
220 W SUPERIOR ST,"220 W SUPERIOR ST Chicago, IL.",41.89564129,-87.63490014
85 W SUPERIOR ST,"85 W SUPERIOR ST Chicago, IL.",41.89558797,-87.63032363
59 W SUPERIOR ST,"59 W SUPERIOR ST Chicago, IL.",41.89561089,-87.6290819
9 E SUPERIOR ST,"9 E SUPERIOR ST Chicago, IL.",41.89562851,-87.62784497
254 E SUPERIOR ST,"254 E SUPERIOR ST Chicago, IL.",41.89583579,-87.6211847
1710 N CLYBOURN AVE,"1710 N CLYBOURN AVE Chicago, IL.",41.91195736,-87.65108647
1678 N CLYBOURN AVE,"1678 N CLYBOURN AVE Chicago, IL.",41.91153945,-87.65050811
1723 N CLYBOURN AVE,"1723 N CLYBOURN AVE Chicago, IL.",41.91275618,-87.65197595
515 N CLARK ST,"515 N CLARK ST Chicago, IL.",41.89132149,-87.63103997
417 N CLARK ST,"417 N CLARK ST Chicago, IL.",41.88974983,-87.6309982
345 E WACKER DR,"345 E WACKER DR Chicago, IL.",41.88760722,-87.61933266
419 E ILLINOIS ST,"419 E ILLINOIS ST Chicago, IL.",41.89100199,-87.61715881
333 E RANDOLPH ST,"333 E RANDOLPH ST Chicago, IL.",41.88425185,-87.62029541
1777 N CLARK ST,"1777 N CLARK ST Chicago, IL.",41.91457617,-87.63363201
2949 N BROADWAY ST,"2949 N BROADWAY ST Chicago, IL.",41.93613951,-87.6441884
973 W JACKSON BLVD,"973 W JACKSON BLVD Chicago, IL.",41.87784385,-87.64997462
2607 N SOUTHPORT AVE,"2607 N SOUTHPORT AVE Chicago, IL.",41.92901382,-87.66337033
3918 N BROADWAY ST,"3918 N BROADWAY ST Chicago, IL.",41.95324929,-87.64978865
2234 N CLARK ST,"2234 N CLARK ST Chicago, IL.",41.92316446,-87.63908858
219 S DESPLAINES ST,"219 S DESPLAINES ST Chicago, IL.",41.8791076,-87.64395963
221 S DESPLAINES ST,"221 S DESPLAINES ST Chicago, IL.",41.8790969,-87.64395937
2265 N LINCOLN AVE,"2265 N LINCOLN AVE Chicago, IL.",41.92316077,-87.64545395
79 S FRANKLIN ST,"79 S FRANKLIN ST Chicago, IL.",41.88144512,-87.63522205
3633 N SOUTHPORT AVE,"3633 N SOUTHPORT AVE Chicago, IL.",41.94770473,-87.66395436
3548 N HALSTED ST,"3548 N HALSTED ST Chicago, IL.",41.94664883,-87.64954405
3482 N HALSTED ST,"3482 N HALSTED ST Chicago, IL.",41.94520046,-87.64949898
3448 N HALSTED ST,"3448 N HALSTED ST Chicago, IL.",41.94476408,-87.64948842
3458 N HALSTED ST,"3458 N HALSTED ST Chicago, IL.",41.94489243,-87.64949152
3414 N HALSTED ST,"3414 N HALSTED ST Chicago, IL.",41.94413399,-87.64946665
923 W FULLERTON AVE,"923 W FULLERTON AVE Chicago, IL.",41.92534109,-87.65202107
1142 W DIVERSEY PKWY,"1142 W DIVERSEY PKWY Chicago, IL.",41.93263343,-87.65757125
1157 W DIVERSEY PKWY,"1157 W DIVERSEY PKWY Chicago, IL.",41.93250957,-87.65809431
1155 W DIVERSEY PKWY,"1155 W DIVERSEY PKWY Chicago, IL.",41.93251018,-87.6580687
1145 W DIVERSEY PKWY,"1145 W DIVERSEY PKWY Chicago, IL.",41.93251325,-87.65794065
1025 W DIVERSEY PKWY,"1025 W DIVERSEY PKWY Chicago, IL.",41.93256436,-87.6548719
1009 W DIVERSEY PKWY,"1009 W DIVERSEY PKWY Chicago, IL.",41.93257145,-87.65424818
735 W DIVERSEY PKWY,"735 W DIVERSEY PKWY Chicago, IL.",41.93268084,-87.64798514
625 W DIVERSEY PKWY,"625 W DIVERSEY PKWY Chicago, IL.",41.93275457,-87.64453333
601 W DIVERSEY PKWY,"601 W DIVERSEY PKWY Chicago, IL.",41.93276821,-87.64368304
452 W DIVERSEY PKWY,"452 W DIVERSEY PKWY Chicago, IL.",41.93297119,-87.63955372
435 W DIVERSEY PKWY,"435 W DIVERSEY PKWY Chicago, IL.",41.93284734,-87.64004719
610 W DIVERSEY PKWY,"610 W DIVERSEY PKWY Chicago, IL.",41.93286902,-87.64454315
742 W DIVERSEY PKWY,"742 W DIVERSEY PKWY Chicago, IL.",41.93279854,-87.64784424
651 W FULTON ST,"651 W FULTON ST Chicago, IL.",41.88674485,-87.64460002
359 N CLINTON ST,"359 N CLINTON ST Chicago, IL.",41.88857351,-87.64129861
320 N CLINTON ST,"320 N CLINTON ST Chicago, IL.",41.88709382,-87.64141969
361 W KINZIE ST,"361 W KINZIE ST Chicago, IL.",41.88907129,-87.63753773
732 N WELLS ST,"732 N WELLS ST Chicago, IL.",41.89567648,-87.63425396
417 N ORLEANS ST,"417 N ORLEANS ST Chicago, IL.",41.89011399,-87.63691358
214 N DESPLAINES ST,"214 N DESPLAINES ST Chicago, IL.",41.88603346,-87.6443317
640 W LAKE ST,"640 W LAKE ST Chicago, IL.",41.88575244,-87.64403068
1314 N DEARBORN PKWY,"1314 N DEARBORN PKWY Chicago, IL.",41.90622329,-87.63013337
1316 N DEARBORN PKWY,"1316 N DEARBORN PKWY Chicago, IL.",41.90627556,-87.63013461
1322 N DEARBORN PKWY,"1322 N DEARBORN PKWY Chicago, IL.",41.90647677,-87.63014009
1339 N DEARBORN PKWY,"1339 N DEARBORN PKWY Chicago, IL.",41.90670062,-87.62999307
1029 N CLARK ST,"1029 N CLARK ST Chicago, IL.",41.90094768,-87.6312831
2519 N LINCOLN AVE,"2519 N LINCOLN AVE Chicago, IL.",41.92764016,-87.65172182
2669 N LINCOLN AVE,"2669 N LINCOLN AVE Chicago, IL.",41.93042208,-87.65561457
2869 N LINCOLN AVE,"2869 N LINCOLN AVE Chicago, IL.",41.93382108,-87.6603635
2913 N LINCOLN AVE,"2913 N LINCOLN AVE Chicago, IL.",41.93466755,-87.66155035
3037 N LINCOLN AVE,"3037 N LINCOLN AVE Chicago, IL.",41.93681625,-87.66456842
3059 N LINCOLN AVE,"3059 N LINCOLN AVE Chicago, IL.",41.93719867,-87.66510188
1108 W BELMONT AVE,"1108 W BELMONT AVE Chicago, IL.",41.93991929,-87.65731233
1041 W BELMONT AVE,"1041 W BELMONT AVE Chicago, IL.",41.93982684,-87.65570846
1320 W 18TH ST,"1320 W 18TH ST Chicago, IL.",41.85796045,-87.65978132
938 W ROOSEVELT RD,"938 W ROOSEVELT RD Chicago, IL.",41.86716645,-87.64978151
1252 W TAYLOR ST,"1252 W TAYLOR ST Chicago, IL.",41.86945345,-87.65811042
1262 W TAYLOR ST,"1262 W TAYLOR ST Chicago, IL.",41.86945345,-87.65813344
1574 W TAYLOR ST,"1574 W TAYLOR ST Chicago, IL.",41.86934144,-87.66489764
3953 N BROADWAY ST,"3953 N BROADWAY ST Chicago, IL.",41.95401949,-87.6500987
3644 N HALSTED ST,"3644 N HALSTED ST Chicago, IL.",41.94769764,-87.64957399
3634 N HALSTED ST,"3634 N HALSTED ST Chicago, IL.",41.94762529,-87.64957146
3452 N HALSTED ST,"3452 N HALSTED ST Chicago, IL.",41.94481542,-87.64948966
3444 N HALSTED ST,"3444 N HALSTED ST Chicago, IL.",41.94471276,-87.64948718
3436 N HALSTED ST,"3436 N HALSTED ST Chicago, IL.",41.94461008,-87.64948473
1948 N HALSTED ST,"1948 N HALSTED ST Chicago, IL.",41.91704943,-87.64853302
3166 N HALSTED ST,"3166 N HALSTED ST Chicago, IL.",41.93835302,-87.64928856
3164 N HALSTED ST,"3164 N HALSTED ST Chicago, IL.",41.93834819,-87.64928837
3086 N HALSTED ST,"3086 N HALSTED ST Chicago, IL.",41.93746781,-87.64925521
3056 N HALSTED ST,"3056 N HALSTED ST Chicago, IL.",41.93710889,-87.64924266
2058 N HALSTED ST,"2058 N HALSTED ST Chicago, IL.",41.91924018,-87.64862374
1003 S STATE ST,"1003 S STATE ST Chicago, IL.",41.86985991,-87.62733281
2432 N HALSTED ST,"2432 N HALSTED ST Chicago, IL.",41.92683438,-87.64888698
1449 N CLARK ST,"1449 N CLARK ST Chicago, IL.",41.90922411,-87.63152379
1459 N CLARK ST,"1459 N CLARK ST Chicago, IL.",41.90826446,-87.63150298
1510 N WELLS ST,"1510 N WELLS ST Chicago, IL.",41.90956687,-87.63473592
3918 N ASHLAND AVE,"3918 N ASHLAND AVE Chicago, IL.",41.95305316,-87.66909094
3912 N ASHLAND AVE,"3912 N ASHLAND AVE Chicago, IL.",41.95283464,-87.66908501
3332 N ASHLAND AVE,"3332 N ASHLAND AVE Chicago, IL.",41.94250199,-87.66881677
844 N WELLS ST,"844 N WELLS ST Chicago, IL.",41.89697019,-87.63429403
740 N WELLS ST,"740 N WELLS ST Chicago, IL.",41.8957805,-87.63425869
153 W OHIO ST,"153 W OHIO ST Chicago, IL.",41.89233517,-87.63343305
143 W OHIO ST,"143 W OHIO ST Chicago, IL.",41.89233945,-87.63318063
1129 W DIVERSEY PKWY,"1129 W DIVERSEY PKWY Chicago, IL.",41.93251815,-87.65773576
108 W GRAND AVE,"108 W GRAND AVE Chicago, IL.",41.89167612,-87.63138065
176 W LAKE ST,"176 W LAKE ST Chicago, IL.",41.88578844,-87.63355442
137 W LAKE ST,"137 W LAKE ST Chicago, IL.",41.88567385,-87.63301102
133 W LAKE ST,"133 W LAKE ST Chicago, IL.",41.88567385,-87.63295668
122 W LAKE ST,"122 W LAKE ST Chicago, IL.",41.88578844,-87.63282083
542 N DEARBORN ST,"542 N DEARBORN ST Chicago, IL.",41.89192864,-87.62973687
737 N FRANKLIN ST,"737 N FRANKLIN ST Chicago, IL.",41.89533462,-87.6356018
763 N FRANKLIN ST,"763 N FRANKLIN ST Chicago, IL.",41.89540743,-87.63560377
3100 N CLARK ST,"3100 N CLARK ST Chicago, IL.",41.93815777,-87.64930948
316 W HUBBARD ST,"316 W HUBBARD ST Chicago, IL.",41.89000673,-87.63639084
3460 N CLARK ST,"3460 N CLARK ST Chicago, IL.",41.9449951,-87.65482614
3710 N CLARK ST,"3710 N CLARK ST Chicago, IL.",41.94925536,-87.65826033
3662 N CLARK ST,"3662 N CLARK ST Chicago, IL.",41.94855095,-87.65769054
3346 N CLARK ST,"3346 N CLARK ST Chicago, IL.",41.94281071,-87.65307832
31 W KINZIE ST,"31 W KINZIE ST Chicago, IL.",41.88917485,-87.62934462
3358 N CLARK ST,"3358 N CLARK ST Chicago, IL.",41.94307119,-87.65329093
420 E GRAND AVE,"420 E GRAND AVE Chicago, IL.",41.89190844,-87.61726289
76 E GRAND AVE,"76 E GRAND AVE Chicago, IL.",41.89176192,-87.62575519
46 E GRAND AVE,"46 E GRAND AVE Chicago, IL.",41.89175263,-87.62617088
1452 W FULLERTON AVE,"1452 W FULLERTON AVE Chicago, IL.",41.92524991,-87.66509473
2326 N LINCOLN AVE,"2326 N LINCOLN AVE Chicago, IL.",41.92411934,-87.64701675
2156 N CLYBOURN AVE,"2156 N CLYBOURN AVE Chicago, IL.",41.92044763,-87.66288931
2154 N CLYBOURN AVE,"2154 N CLYBOURN AVE Chicago, IL.",41.9204123,-87.66284025
916 W ROOSEVELT RD,"916 W ROOSEVELT RD Chicago, IL.",41.86717367,-87.64934037
1801 N CLYBOURN AVE,"1801 N CLYBOURN AVE Chicago, IL.",41.91377515,-87.65339947
11 E HURON ST,"11 E HURON ST Chicago, IL.",41.89482149,-87.62783259
767 W ARMITAGE AVE,"767 W ARMITAGE AVE Chicago, IL.",41.91812784,-87.64814887
759 W ARMITAGE AVE,"759 W ARMITAGE AVE Chicago, IL.",41.91812784,-87.6480777
1348 N WELLS ST,"1348 N WELLS ST Chicago, IL.",41.90716804,-87.6346683
64 W ILLINOIS ST,"64 W ILLINOIS ST Chicago, IL.",41.89088702,-87.63056063
414 N STATE ST,"414 N STATE ST Chicago, IL.",41.88993813,-87.62808178
22 E KINZIE ST,"22 E KINZIE ST Chicago, IL.",41.88932315,-87.62716303
203 W KINZIE ST,"203 W KINZIE ST Chicago, IL.",41.88911185,-87.63384532
85 S FRANKLIN ST,"85 S FRANKLIN ST Chicago, IL.",41.88141094,-87.63522129
1310 S HALSTED ST,"1310 S HALSTED ST Chicago, IL.",41.86537163,-87.64693963
2526 S HALSTED ST,"2526 S HALSTED ST Chicago, IL.",41.84655837,-87.64654535
679 W 26TH ST,"679 W 26TH ST Chicago, IL.",41.84531786,-87.64309008
252 W 26TH ST,"252 W 26TH ST Chicago, IL.",41.84555845,-87.63382973
1716 S LOOMIS ST,"1716 S LOOMIS ST Chicago, IL.",41.85852925,-87.66141184
636 W 26TH ST,"636 W 26TH ST Chicago, IL.",41.84543245,-87.64290538
2241 S HALSTED ST,"2241 S HALSTED ST Chicago, IL.",41.85150133,-87.64638398
1741 S LOOMIS ST,"1741 S LOOMIS ST Chicago, IL.",41.85835683,-87.66125334
1711 S LOOMIS ST,"1711 S LOOMIS ST Chicago, IL.",41.85857526,-87.66125922
1699 S LOOMIS ST,"1699 S LOOMIS ST Chicago, IL.",41.8588435,-87.66126876
867 W ROOSEVELT RD,"867 W ROOSEVELT RD Chicago, IL.",41.86706185,-87.64888008
330 N DESPLAINES ST,"330 N DESPLAINES ST Chicago, IL.",41.88766022,-87.64437856
573 S MORGAN ST,"573 S MORGAN ST Chicago, IL.",41.87519528,-87.6517633
1317 W ROOSEVELT RD,"1317 W ROOSEVELT RD Chicago, IL.",41.86689152,-87.65957457
1257 W ROOSEVELT RD,"1257 W ROOSEVELT RD Chicago, IL.",41.86691785,-87.65797868
1450 S HALSTED ST,"1450 S HALSTED ST Chicago, IL.",41.86218604,-87.64685017
1324 N DEARBORN PKWY,"1324 N DEARBORN PKWY Chicago, IL.",41.90651144,-87.63014117
1987 N CLARK ST,"1987 N CLARK ST Chicago, IL.",41.91799859,-87.6357387
343 E ILLINOIS ST,"343 E ILLINOIS ST Chicago, IL.",41.89093736,-87.62058515
2935 N CLARK ST,"2935 N CLARK ST Chicago, IL.",41.9357386,-87.64717649
1548 S HALSTED ST,"1548 S HALSTED ST Chicago, IL.",41.86125808,-87.64682318
3315 N CLARK ST,"3315 N CLARK ST Chicago, IL.",41.94211672,-87.6523374
2475 S ARCHER AVE,"2475 S ARCHER AVE Chicago, IL.",41.84780515,-87.64512774
1119 W 18TH ST,"1119 W 18TH ST Chicago, IL.",41.85793253,-87.65413087
3651 N SOUTHPORT AVE,"3651 N SOUTHPORT AVE Chicago, IL.",41.94801358,-87.66396428
3512 N SOUTHPORT AVE,"3512 N SOUTHPORT AVE Chicago, IL.",41.94560953,-87.66405404
3210 N SOUTHPORT AVE,"3210 N SOUTHPORT AVE Chicago, IL.",41.94010254,-87.66390596
1347 W WASHINGTON BLVD,"1347 W WASHINGTON BLVD Chicago, IL.",41.88286189,-87.66116837
2233 N HALSTED ST,"2233 N HALSTED ST Chicago, IL.",41.92243329,-87.64857758
2340 N LINCOLN AVE,"2340 N LINCOLN AVE Chicago, IL.",41.92436163,-87.6473592
1217 W FULLERTON AVE,"1217 W FULLERTON AVE Chicago, IL.",41.92522386,-87.65934635
1007 W FULLERTON AVE,"1007 W FULLERTON AVE Chicago, IL.",41.92530911,-87.65391416
763 W FULLERTON AVE,"763 W FULLERTON AVE Chicago, IL.",41.92542056,-87.64707336
755 W FULLERTON AVE,"755 W FULLERTON AVE Chicago, IL.",41.92542302,-87.64698788
165 N FRANKLIN ST,"165 N FRANKLIN ST Chicago, IL.",41.88548953,-87.63529783
1403 N WELLS ST,"1403 N WELLS ST Chicago, IL.",41.90775625,-87.63453095
3760 N BROADWAY ,"3760 N BROADWAY  Chicago, IL.",41.95044725,-87.64923697
1344 W FULLERTON AVE,"1344 W FULLERTON AVE Chicago, IL.",41.92528766,-87.66249284
1418 W FULLERTON AVE,"1418 W FULLERTON AVE Chicago, IL.",41.92525946,-87.66465605
2224 N CLYBOURN AVE,"2224 N CLYBOURN AVE Chicago, IL.",41.92215939,-87.66526941
2152 N CLYBOURN AVE,"2152 N CLYBOURN AVE Chicago, IL.",41.92037698,-87.66279119
1960 N CLYBOURN AVE,"1960 N CLYBOURN AVE Chicago, IL.",41.91668845,-87.6576856
1862 N CLYBOURN AVE,"1862 N CLYBOURN AVE Chicago, IL.",41.91493223,-87.65523366
1816 N CLYBOURN AVE,"1816 N CLYBOURN AVE Chicago, IL.",41.91401211,-87.6539527
1805 N CLYBOURN AVE,"1805 N CLYBOURN AVE Chicago, IL.",41.9138481,-87.6535016
1630 N CLYBOURN AVE,"1630 N CLYBOURN AVE Chicago, IL.",41.91114557,-87.64995733
3477 N CLARK ST,"3477 N CLARK ST Chicago, IL.",41.94547415,-87.65503065
899 N WELLS ST,"899 N WELLS ST Chicago, IL.",41.89815026,-87.63418316
1150 N HALSTED ST,"1150 N HALSTED ST Chicago, IL.",41.90318469,-87.64813997
2857 N LINCOLN AVE,"2857 N LINCOLN AVE Chicago, IL.",41.93361415,-87.66007036
2909 N LINCOLN AVE,"2909 N LINCOLN AVE Chicago, IL.",41.93458542,-87.66143451
3121 N LINCOLN AVE,"3121 N LINCOLN AVE Chicago, IL.",41.9383217,-87.66667117
1039 W BELMONT AVE,"1039 W BELMONT AVE Chicago, IL.",41.93982684,-87.65563134
1945 N HALSTED ST,"1945 N HALSTED ST Chicago, IL.",41.91696573,-87.64837721
3176 N CLARK ST,"3176 N CLARK ST Chicago, IL.",41.93958267,-87.65046624
2942 N CLARK ST,"2942 N CLARK ST Chicago, IL.",41.93576343,-87.64737607
2860 N CLARK ST,"2860 N CLARK ST Chicago, IL.",41.93425065,-87.64614631
2856 N CLARK ST,"2856 N CLARK ST Chicago, IL.",41.93420381,-87.64610872
2852 N CLARK ST,"2852 N CLARK ST Chicago, IL.",41.93415698,-87.64607113
2674 N CLARK ST,"2674 N CLARK ST Chicago, IL.",41.9315084,-87.64445752
2552 N CLARK ST,"2552 N CLARK ST Chicago, IL.",41.92904638,-87.64261549
2542 N CLARK ST,"2542 N CLARK ST Chicago, IL.",41.92892589,-87.64254549
2424 N CLARK ST,"2424 N CLARK ST Chicago, IL.",41.92622086,-87.64095615
2236 N CLARK ST,"2236 N CLARK ST Chicago, IL.",41.92317879,-87.63909723
1966 N CLARK ST,"1966 N CLARK ST Chicago, IL.",41.91781397,-87.63579396
152 W KINZIE ST,"152 W KINZIE ST Chicago, IL.",41.88925485,-87.63177751
1749 N CLARK ST,"1749 N CLARK ST Chicago, IL.",41.91452492,-87.63359977
1907 N CLARK ST,"1907 N CLARK ST Chicago, IL.",41.91578753,-87.63437786
304 W WALTON ST,"304 W WALTON ST Chicago, IL.",41.89978528,-87.63671365
337 E ILLINOIS ST,"337 E ILLINOIS ST Chicago, IL.",41.89093685,-87.62062607
2705 N CLARK ST,"2705 N CLARK ST Chicago, IL.",41.93150138,-87.64428512
501 W DIVERSEY PKWY,"501 W DIVERSEY PKWY Chicago, IL.",41.93280518,-87.64174945
434 W DIVERSEY PKWY,"434 W DIVERSEY PKWY Chicago, IL.",41.93294735,-87.64084432
508 W DIVERSEY PKWY,"508 W DIVERSEY PKWY Chicago, IL.",41.93291634,-87.64190747
33 W ILLINOIS ST,"33 W ILLINOIS ST Chicago, IL.",41.8907867,-87.62926251
21 W ILLINOIS ST,"21 W ILLINOIS ST Chicago, IL.",41.89079482,-87.62883205
604 W DIVERSEY PKWY,"604 W DIVERSEY PKWY Chicago, IL.",41.93287263,-87.64434091
155 W GRAND AVE,"155 W GRAND AVE Chicago, IL.",41.89153967,-87.63309155
159 W GRAND AVE,"159 W GRAND AVE Chicago, IL.",41.89153917,-87.63312137
446 N FRANKLIN ST,"446 N FRANKLIN ST Chicago, IL.",41.89039893,-87.63562335
3 W GRAND AVE,"3 W GRAND AVE Chicago, IL.",41.89160752,-87.62821129
481 W ILLINOIS ST,"481 W ILLINOIS ST Chicago, IL.",41.89066325,-87.6387777
439 W ILLINOIS ST,"439 W ILLINOIS ST Chicago, IL.",41.8906751,-87.63788841
425 W ILLINOIS ST,"425 W ILLINOIS ST Chicago, IL.",41.89067906,-87.63759199
421 W ILLINOIS ST,"421 W ILLINOIS ST Chicago, IL.",41.89068019,-87.63750729
2941 N BROADWAY ST,"2941 N BROADWAY ST Chicago, IL.",41.93608926,-87.64418639
3143 N BROADWAY ST,"3143 N BROADWAY ST Chicago, IL.",41.9388934,-87.64428344
3147 N BROADWAY ST,"3147 N BROADWAY ST Chicago, IL.",41.93899184,-87.64428662
157 W ILLINOIS ST,"157 W ILLINOIS ST Chicago, IL.",41.89074987,-87.63235241
3155 N BROADWAY ST,"3155 N BROADWAY ST Chicago, IL.",41.93923864,-87.64429551
3253 N BROADWAY ST,"3253 N BROADWAY ST Chicago, IL.",41.94166594,-87.64437482
400 E OHIO ST,"400 E OHIO ST Chicago, IL.",41.89270152,-87.61764126
440 E OHIO ST,"440 E OHIO ST Chicago, IL.",41.89271208,-87.61692372
316 W ILLINOIS ST,"316 W ILLINOIS ST Chicago, IL.",41.89081125,-87.63624541
1001 W IRVING PARK RD,"1001 W IRVING PARK RD Chicago, IL.",41.95443171,-87.65461881
1019 W IRVING PARK RD,"1019 W IRVING PARK RD Chicago, IL.",41.95441408,-87.65550583
177 W HURON ST,"177 W HURON ST Chicago, IL.",41.89473685,-87.63394414
3910 N ASHLAND AVE,"3910 N ASHLAND AVE Chicago, IL.",41.95278317,-87.66908424
220 W HURON ST,"220 W HURON ST Chicago, IL.",41.89484055,-87.63486103
3338 N ASHLAND AVE,"3338 N ASHLAND AVE Chicago, IL.",41.94257289,-87.66881854
3330 N ASHLAND AVE,"3330 N ASHLAND AVE Chicago, IL.",41.94247836,-87.66881618
3326 N ASHLAND AVE,"3326 N ASHLAND AVE Chicago, IL.",41.94230768,-87.66881191
413 W HURON ST,"413 W HURON ST Chicago, IL.",41.89467031,-87.63918151
409 W HURON ST,"409 W HURON ST Chicago, IL.",41.89467222,-87.6389939
1207 W HUBBARD ST,"1207 W HUBBARD ST Chicago, IL.",41.88993085,-87.65750969
850 W LAKE ST,"850 W LAKE ST Chicago, IL.",41.88569636,-87.64903707
462 W ERIE ST,"462 W ERIE ST Chicago, IL.",41.89396513,-87.64070959
2821 N SOUTHPORT AVE,"2821 N SOUTHPORT AVE Chicago, IL.",41.93308287,-87.66350822
358 W ONTARIO ST,"358 W ONTARIO ST Chicago, IL.",41.89319768,-87.63768938
350 W ONTARIO ST,"350 W ONTARIO ST Chicago, IL.",41.89319982,-87.63749628
400 W ONTARIO ST,"400 W ONTARIO ST Chicago, IL.",41.89318521,-87.63870319
532 W FULTON ST,"532 W FULTON ST Chicago, IL.",41.88686844,-87.64172901
434 W ONTARIO ST,"434 W ONTARIO ST Chicago, IL.",41.89317567,-87.63952385
3247 N ASHLAND AVE,"3247 N ASHLAND AVE Chicago, IL.",41.94088594,-87.66861422
3317 N ASHLAND AVE,"3317 N ASHLAND AVE Chicago, IL.",41.94197356,-87.66864723
3611 N ASHLAND AVE,"3611 N ASHLAND AVE Chicago, IL.",41.94722631,-87.66878799
3909 N ASHLAND AVE,"3909 N ASHLAND AVE Chicago, IL.",41.95276193,-87.66892988
2264 N CLARK ST ,"2264 N CLARK ST  Chicago, IL.",41.92346682,-87.63926934
1431 W IRVING PARK RD,"1431 W IRVING PARK RD Chicago, IL.",41.95428143,-87.66545585
317 W SUPERIOR ST,"317 W SUPERIOR ST Chicago, IL.",41.89550591,-87.63645709
313 W SUPERIOR ST,"313 W SUPERIOR ST Chicago, IL.",41.89550769,-87.63628199
941 N RUSH ST,"941 N RUSH ST Chicago, IL.",41.90018273,-87.6271619
969 N RUSH ST,"969 N RUSH ST Chicago, IL.",41.90044678,-87.6272815
3746 N SOUTHPORT AVE,"3746 N SOUTHPORT AVE Chicago, IL.",41.94974876,-87.66416712
3644 N SOUTHPORT AVE,"3644 N SOUTHPORT AVE Chicago, IL.",41.94804026,-87.66411925
1360 N CLARK ST,"1360 N CLARK ST Chicago, IL.",41.86265256,-87.63035188
1326 N CLARK ST,"1326 N CLARK ST Chicago, IL.",41.90696728,-87.63162108
61 W ELM ST,"61 W ELM ST Chicago, IL.",41.90309785,-87.62988427
957 W ADDISON ST,"957 W ADDISON ST Chicago, IL.",41.94718884,-87.65387093
951 W ADDISON ST,"951 W ADDISON ST Chicago, IL.",41.94718884,-87.65381654
138 W ELM ST,"138 W ELM ST Chicago, IL.",41.90318544,-87.63202845
10 W KINZIE ST,"10 W KINZIE ST Chicago, IL.",41.88930521,-87.62845376
131 W ELM ST,"131 W ELM ST Chicago, IL.",41.90307085,-87.63208663
141 W ELM ST,"141 W ELM ST Chicago, IL.",41.90306873,-87.63228014
3468 N HALSTED ST,"3468 N HALSTED ST Chicago, IL.",41.94502077,-87.64949463
3342 N HALSTED ST,"3342 N HALSTED ST Chicago, IL.",41.94286565,-87.64943717
3264 N HALSTED ST,"3264 N HALSTED ST Chicago, IL.",41.94140716,-87.64938976
142 W KINZIE ST,"142 W KINZIE ST Chicago, IL.",41.88925717,-87.63165453
212 W ILLINOIS ST,"212 W ILLINOIS ST Chicago, IL.",41.89083744,-87.63440551
451 N STATE ST,"451 N STATE ST Chicago, IL.",41.89052322,-87.62795035
831 W FLETCHER ST,"831 W FLETCHER ST Chicago, IL.",41.93893584,-87.65101806
1116 N ORLEANS ST,"1116 N ORLEANS ST Chicago, IL.",41.90304207,-87.63749662
3247 N SHEFFIELD AVE,"3247 N SHEFFIELD AVE Chicago, IL.",41.94077362,-87.65405637
3549 N SHEFFIELD AVE,"3549 N SHEFFIELD AVE Chicago, IL.",41.94637612,-87.65422647
518 W FULTON ST,"518 W FULTON ST Chicago, IL.",41.88686844,-87.64159128
3454 N BROADWAY,"3454 N BROADWAY Chicago, IL.",41.94498875,-87.64591644
747 N SEDGWICK ST,"747 N SEDGWICK ST Chicago, IL.",41.89626366,-87.63849527
3338 N BROADWAY,"3338 N BROADWAY Chicago, IL.",41.94335877,-87.64492283
854 W LAKE ST,"854 W LAKE ST Chicago, IL.",41.88569561,-87.64909489
3128 N BROADWAY ST,"3128 N BROADWAY ST Chicago, IL.",41.93858404,-87.64442625
2936 N BROADWAY ST,"2936 N BROADWAY ST Chicago, IL.",41.93594667,-87.64433765
714 W DIVERSEY PKWY,"714 W DIVERSEY PKWY Chicago, IL.",41.93281555,-87.64716707
764 W DIVERSEY PKWY,"764 W DIVERSEY PKWY Chicago, IL.",41.93279543,-87.6480151
1003 W DIVERSEY PKWY,"1003 W DIVERSEY PKWY Chicago, IL.",41.93257665,-87.65401206
1020 W DIVERSEY PKWY,"1020 W DIVERSEY PKWY Chicago, IL.",41.93268071,-87.65471833
2780 N SOUTHPORT AVE,"2780 N SOUTHPORT AVE Chicago, IL.",41.93230397,-87.66363779
379 E SUPERIOR ST,"379 E SUPERIOR ST Chicago, IL.",41.89577675,-87.61830069
352 E CHICAGO AVE,"352 E CHICAGO AVE Chicago, IL.",41.89660644,-87.63729951
14 E SUPERIOR ST,"14 E SUPERIOR ST Chicago, IL.",41.89576044,-87.62659879
55 E SUPERIOR ST,"55 E SUPERIOR ST Chicago, IL.",41.89564808,-87.62645782
1357 W FULLERTON AVE,"1357 W FULLERTON AVE Chicago, IL.",41.92517361,-87.66244806
1349 W FULLERTON AVE,"1349 W FULLERTON AVE Chicago, IL.",41.92517484,-87.66229643
1215 W FULLERTON AVE,"1215 W FULLERTON AVE Chicago, IL.",41.92522432,-87.65931974
2 E HURON ST,"2 E HURON ST Chicago, IL.",41.89493351,-87.62801824
58 W HURON ST,"58 W HURON ST Chicago, IL.",41.89490236,-87.6303233
431 E GRAND AVE,"431 E GRAND AVE Chicago, IL.",41.89182274,-87.61558655
156 W HURON ST,"156 W HURON ST Chicago, IL.",41.89486044,-87.63317066
176 W HURON ST,"176 W HURON ST Chicago, IL.",41.89486044,-87.63332643
180 W HURON ST,"180 W HURON ST Chicago, IL.",41.89486044,-87.63335758
348 W HURON ST,"348 W HURON ST Chicago, IL.",41.89480502,-87.63767619
1017 W FULLERTON AVE,"1017 W FULLERTON AVE Chicago, IL.",41.92530441,-87.65428995
2247 N SHEFFIELD AVE,"2247 N SHEFFIELD AVE Chicago, IL.",41.92333048,-87.65346488
2227 N RACINE AVE,"2227 N RACINE AVE Chicago, IL.",41.92216973,-87.65827489
55 W CHICAGO AVE,"55 W CHICAGO AVE Chicago, IL.",41.89658611,-87.63061378
77 W OAK ST,"77 W OAK ST Chicago, IL.",41.90050263,-87.63077628
65 W OAK ST,"65 W OAK ST Chicago, IL.",41.90050818,-87.63050559
39 E OAK ST,"39 E OAK ST Chicago, IL.",41.90071029,-87.62703919
25 E OAK ST,"25 E OAK ST Chicago, IL.",41.9007061,-87.62734695
41 E OAK ST,"41 E OAK ST Chicago, IL.",41.90071088,-87.62699523
47 E OAK ST,"47 E OAK ST Chicago, IL.",41.90071268,-87.62686333
1800 N CLYBOURN AVE,"1800 N CLYBOURN AVE Chicago, IL.",41.91369248,-87.6535061
153 W KINZIE ST,"153 W KINZIE ST Chicago, IL.",41.88911906,-87.63314033
1756 N CLYBOURN AVE,"1756 N CLYBOURN AVE Chicago, IL.",41.91275264,-87.6521923
199 E LAKE SHORE DR,"199 E LAKE SHORE DR Chicago, IL.",41.9007859,-87.62331417
1670 N CLYBOURN AVE,"1670 N CLYBOURN AVE Chicago, IL.",41.91147381,-87.65041631
220 E WALTON PL,"220 E WALTON PL Chicago, IL.",41.90011042,-87.62139598
210 E WALTON PL,"210 E WALTON PL Chicago, IL.",41.9001079,-87.62153508
120 E WALTON ST,"120 E WALTON ST Chicago, IL.",41.90005855,-87.62462263
100 E WALTON ST,"100 E WALTON ST Chicago, IL.",41.90004444,-87.62538568
1342 N CLARK ST,"1342 N CLARK ST Chicago, IL.",41.86316895,-87.6303661
1457 N CLARK ST,"1457 N CLARK ST Chicago, IL.",41.90820863,-87.6315014
26 E GRAND AVE,"26 E GRAND AVE Chicago, IL.",41.89174644,-87.62644801
1414 N CLARK ST,"1414 N CLARK ST Chicago, IL.",41.90828437,-87.63165755
1332 N CLARK ST,"1332 N CLARK ST Chicago, IL.",41.90722749,-87.63162936
577 S MORGAN ST,"577 S MORGAN ST Chicago, IL.",41.87519114,-87.6517633
2108 S WABASH AVE,"2108 S WABASH AVE Chicago, IL.",41.85410903,-87.62560305
708 W ARMITAGE AVE,"708 W ARMITAGE AVE Chicago, IL.",41.91826603,-87.64649222
676 S HALSTED ST,"676 S HALSTED ST Chicago, IL.",41.87307492,-87.64725391
1705 S WABASH AVE,"1705 S WABASH AVE Chicago, IL.",41.85897733,-87.62555872
1026 W ARMITAGE AVE,"1026 W ARMITAGE AVE Chicago, IL.",41.91814344,-87.65449057
1407 S MICHIGAN AVE,"1407 S MICHIGAN AVE Chicago, IL.",41.8639466,-87.62399884
1400 S MICHIGAN AVE,"1400 S MICHIGAN AVE Chicago, IL.",41.86405485,-87.62415531
1724 S MICHIGAN AVE,"1724 S MICHIGAN AVE Chicago, IL.",41.8584269,-87.62402328
1047 W HARRISON ST,"1047 W HARRISON ST Chicago, IL.",41.8742382,-87.6530197
567 S MORGAN ST,"567 S MORGAN ST Chicago, IL.",41.8752015,-87.6517633
39 N JEFFERSON ST,"39 N JEFFERSON ST Chicago, IL.",41.88236818,-87.64259969
2041 S MICHIGAN AVE,"2041 S MICHIGAN AVE Chicago, IL.",41.85498945,-87.62378935
565 W FULTON ST,"565 W FULTON ST Chicago, IL.",41.88675385,-87.64178683
7 E 16TH ST,"7 E 16TH ST Chicago, IL.",41.86015396,-87.62550853
9 E 16TH ST,"9 E 16TH ST Chicago, IL.",41.86015463,-87.62548333
61 E 18TH ST,"61 E 18TH ST Chicago, IL.",41.85780085,-87.62532904
111 E 18TH ST,"111 E 18TH ST Chicago, IL.",41.85783078,-87.62299739
71 W CULLERTON ST,"71 W CULLERTON ST Chicago, IL.",41.85536138,-87.6291326
3359 N SOUTHPORT AVE,"3359 N SOUTHPORT AVE Chicago, IL.",41.94286311,-87.66382458
3119 N LINCOLN AVE,"3119 N LINCOLN AVE Chicago, IL.",41.93828704,-87.66662278
1336 W BELMONT AVE,"1336 W BELMONT AVE Chicago, IL.",41.93984013,-87.66270438
2361 S STATE ST,"2361 S STATE ST Chicago, IL.",41.84996419,-87.62694292
1122 W WASHINGTON BLVD,"1122 W WASHINGTON BLVD Chicago, IL.",41.88306297,-87.65527415
3434 N HALSTED ST,"3434 N HALSTED ST Chicago, IL.",41.94458441,-87.64948412
83 W POLK ST,"83 W POLK ST Chicago, IL.",41.87222785,-87.62899611
79 W POLK ST,"79 W POLK ST Chicago, IL.",41.87222785,-87.62898219
75 W POLK ST,"75 W POLK ST Chicago, IL.",41.87222785,-87.62896827
56 W GRAND AVE,"56 W GRAND AVE Chicago, IL.",41.89171409,-87.62895105
39 E 11TH ST,"39 E 11TH ST Chicago, IL.",41.86922185,-87.62552996
37 E 11TH ST,"37 E 11TH ST Chicago, IL.",41.86922185,-87.6255441
31 E 11TH ST,"31 E 11TH ST Chicago, IL.",41.86922152,-87.62558342
908 W ROOSEVELT RD,"908 W ROOSEVELT RD Chicago, IL.",41.86717605,-87.64918105
383 W ARMITAGE AVE,"383 W ARMITAGE AVE Chicago, IL.",41.91826804,-87.63849687
377 W ARMITAGE AVE,"377 W ARMITAGE AVE Chicago, IL.",41.91826951,-87.63840623
371 W ARMITAGE AVE,"371 W ARMITAGE AVE Chicago, IL.",41.91827099,-87.63831559
337 W ARMITAGE AVE,"337 W ARMITAGE AVE Chicago, IL.",41.91828084,-87.63780397
63 E HUBBARD ST,"63 E HUBBARD ST Chicago, IL.",41.89001809,-87.62717879
867 W TAYLOR ST,"867 W TAYLOR ST Chicago, IL.",41.8694514,-87.64841535
2133 N SOUTHPORT AVE,"2133 N SOUTHPORT AVE Chicago, IL.",41.92089939,-87.66310323
2110 N CLYBOURN AVE,"2110 N CLYBOURN AVE Chicago, IL.",41.91981408,-87.66201213
3044 N SOUTHPORT AVE,"3044 N SOUTHPORT AVE Chicago, IL.",41.93723013,-87.66381203
1640 N CLYBOURN AVE,"1640 N CLYBOURN AVE Chicago, IL.",41.91122763,-87.65007207
1632 N CLYBOURN AVE,"1632 N CLYBOURN AVE Chicago, IL.",41.91116198,-87.64998028
38 E 11TH ST,"38 E 11TH ST Chicago, IL.",41.86930627,-87.62700006
1182 N ASHLAND AVE,"1182 N ASHLAND AVE Chicago, IL.",41.90271359,-87.66755198
1132 N ASHLAND AVE,"1132 N ASHLAND AVE Chicago, IL.",41.90249991,-87.66754735
1120 N ASHLAND AVE,"1120 N ASHLAND AVE Chicago, IL.",41.9020953,-87.66753572
1118 N ASHLAND AVE,"1118 N ASHLAND AVE Chicago, IL.",41.90203116,-87.6675338
1054 N ASHLAND AVE,"1054 N ASHLAND AVE Chicago, IL.",41.90114913,-87.66751005
912 N ASHLAND AVE,"912 N ASHLAND AVE Chicago, IL.",41.89833677,-87.66743148
3034 N CLARK ST,"3034 N CLARK ST Chicago, IL.",41.93690385,-87.64829644
852 N ASHLAND AVE,"852 N ASHLAND AVE Chicago, IL.",41.89770754,-87.66741337
2929 N CLARK ST,"2929 N CLARK ST Chicago, IL.",41.93560783,-87.64707003
2881 N CLARK ST,"2881 N CLARK ST Chicago, IL.",41.93467684,-87.64631905
521 N DEARBORN ST,"521 N DEARBORN ST Chicago, IL.",41.89204625,-87.62958731
500 W ARMITAGE AVE,"500 W ARMITAGE AVE Chicago, IL.",41.91834144,-87.64132424
826 W ARMITAGE AVE,"826 W ARMITAGE AVE Chicago, IL.",41.91822054,-87.64958934
300 E CHICAGO AVE,"300 E CHICAGO AVE Chicago, IL.",41.89663164,-87.63607957
2649 N CLARK ST,"2649 N CLARK ST Chicago, IL.",41.93067488,-87.64379617
843 N ASHLAND AVE,"843 N ASHLAND AVE Chicago, IL.",41.89738944,-87.66725226
1023 N ASHLAND AVE,"1023 N ASHLAND AVE Chicago, IL.",41.90039075,-87.66733211
1047 N ASHLAND AVE,"1047 N ASHLAND AVE Chicago, IL.",41.90109934,-87.6673539
1121 N ASHLAND AVE,"1121 N ASHLAND AVE Chicago, IL.",41.90216781,-87.66738387
1171 N ASHLAND AVE,"1171 N ASHLAND AVE Chicago, IL.",41.90266419,-87.66739692
1179 N ASHLAND AVE,"1179 N ASHLAND AVE Chicago, IL.",41.90269836,-87.66739766
1325 N ASHLAND AVE,"1325 N ASHLAND AVE Chicago, IL.",41.90600784,-87.66748711
1525 W FULLERTON AVE,"1525 W FULLERTON AVE Chicago, IL.",41.92511184,-87.66675796
1151 W FULLERTON AVE,"1151 W FULLERTON AVE Chicago, IL.",41.92524684,-87.65755746
1055 W FULLERTON AVE,"1055 W FULLERTON AVE Chicago, IL.",41.92529184,-87.65526753
1025 W FULLERTON AVE,"1025 W FULLERTON AVE Chicago, IL.",41.92530084,-87.65459189
827 W FULLERTON AVE,"827 W FULLERTON AVE Chicago, IL.",41.92537067,-87.65031346
771 W FULLERTON AVE,"771 W FULLERTON AVE Chicago, IL.",41.9254181,-87.64715885
753 W FULLERTON AVE,"753 W FULLERTON AVE Chicago, IL.",41.92542363,-87.64696651
749 W FULLERTON AVE,"749 W FULLERTON AVE Chicago, IL.",41.92542486,-87.64692377
1330 W BELMONT AVE,"1330 W BELMONT AVE Chicago, IL.",41.93984295,-87.66249974
715 W FULLERTON AVE,"715 W FULLERTON AVE Chicago, IL.",41.92543532,-87.64656047
3034 N SOUTHPORT AVE,"3034 N SOUTHPORT AVE Chicago, IL.",41.93711033,-87.66380577
2214 N CLARK ST,"2214 N CLARK ST Chicago, IL.",41.92302121,-87.63900209
26 E SUPERIOR ST,"26 E SUPERIOR ST Chicago, IL.",41.89576284,-87.62645214
2534 N SOUTHPORT AVE,"2534 N SOUTHPORT AVE Chicago, IL.",41.9280441,-87.66349383
833 W FULLERTON AVE,"833 W FULLERTON AVE Chicago, IL.",41.92536863,-87.65037922
856 N DEARBORN ST,"856 N DEARBORN ST Chicago, IL.",41.89740857,-87.62987242
72 W DELAWARE PL,"72 W DELAWARE PL Chicago, IL.",41.89880244,-87.63063479
1800 N WELLS ST,"1800 N WELLS ST Chicago, IL.",41.91486589,-87.63490026
1740 N WELLS ST,"1740 N WELLS ST Chicago, IL.",41.91409849,-87.63487923
353 W INSTITUTE PL,"353 W INSTITUTE PL Chicago, IL.",41.89733118,-87.63659276
907 N ORLEANS ST,"907 N ORLEANS ST Chicago, IL.",41.89978468,-87.63721647
903 N ORLEANS ST,"903 N ORLEANS ST Chicago, IL.",41.89933622,-87.63720147
935 N ORLEANS ST,"935 N ORLEANS ST Chicago, IL.",41.89998854,-87.63722344
949 N ORLEANS ST,"949 N ORLEANS ST Chicago, IL.",41.90009027,-87.63722736
35 N FRANKLIN ST,"35 N FRANKLIN ST Chicago, IL.",41.88217286,-87.63524061
2677 N LINCOLN AVE,"2677 N LINCOLN AVE Chicago, IL.",41.93051398,-87.65574249
638 N SEDGWICK ST,"638 N SEDGWICK ST Chicago, IL.",41.89414431,-87.63860719
215 W ERIE ST,"215 W ERIE ST Chicago, IL.",41.89392418,-87.63489149
2720 N HALSTED ST,"2720 N HALSTED ST Chicago, IL.",41.93182144,-87.64905648
430 W DICKENS AVE,"430 W DICKENS AVE Chicago, IL.",41.92018367,-87.64009479
432 W DICKENS AVE,"432 W DICKENS AVE Chicago, IL.",41.92018317,-87.64010904
624 W ARMITAGE AVE,"624 W ARMITAGE AVE Chicago, IL.",41.91830745,-87.64385887
676 W ARMITAGE AVE,"676 W ARMITAGE AVE Chicago, IL.",41.91830544,-87.64409338
841 W ARMITAGE AVE,"841 W ARMITAGE AVE Chicago, IL.",41.91809758,-87.65009602
987 W HARRISON ST,"987 W HARRISON ST Chicago, IL.",41.87426617,-87.65142792
235 S FRANKLIN ST,"235 S FRANKLIN ST Chicago, IL.",41.87876085,-87.63514223
752 S HALSTED ST,"752 S HALSTED ST Chicago, IL.",41.8717965,-87.64720934
772 S HALSTED ST,"772 S HALSTED ST Chicago, IL.",41.87162782,-87.64720743
245 N STETSON AVE,"245 N STETSON AVE Chicago, IL.",41.88638191,-87.62224162
256 N STETSON AVE,"256 N STETSON AVE Chicago, IL.",41.8870627,-87.6223486
913 N ASHLAND AVE,"913 N ASHLAND AVE Chicago, IL.",41.89832817,-87.66727727
923 N ASHLAND AVE,"923 N ASHLAND AVE Chicago, IL.",41.89866966,-87.66728542
933 N ASHLAND AVE,"933 N ASHLAND AVE Chicago, IL.",41.89890391,-87.66729345
943 N ASHLAND AVE,"943 N ASHLAND AVE Chicago, IL.",41.89901629,-87.66729816
1019 N ASHLAND AVE,"1019 N ASHLAND AVE Chicago, IL.",41.90027724,-87.66732931
1021 N ASHLAND AVE,"1021 N ASHLAND AVE Chicago, IL.",41.90033399,-87.66733071
1035 N ASHLAND AVE,"1035 N ASHLAND AVE Chicago, IL.",41.90076403,-87.6673445
113 N FRANKLIN ST,"113 N FRANKLIN ST Chicago, IL.",41.88521122,-87.63531351
455 N NEW ST,"455 N NEW ST Chicago, IL.",41.89073695,-87.61852252
443 N MCCLURG CT,"443 N MCCLURG CT Chicago, IL.",41.88994295,-87.61755652
1347 W BELMONT AVE,"1347 W BELMONT AVE Chicago, IL.",41.93973241,-87.66220517
1339 W BELMONT AVE,"1339 W BELMONT AVE Chicago, IL.",41.93973433,-87.66206584
1337 W BELMONT AVE,"1337 W BELMONT AVE Chicago, IL.",41.93973481,-87.66203101
920 W BELMONT AVE,"920 W BELMONT AVE Chicago, IL.",41.94000086,-87.65207682
912 W BELMONT AVE,"912 W BELMONT AVE Chicago, IL.",41.94000373,-87.65188042
914 W BELMONT AVE,"914 W BELMONT AVE Chicago, IL.",41.94000301,-87.65192952
1118 W BELMONT AVE,"1118 W BELMONT AVE Chicago, IL.",41.93991557,-87.65746496
1523 W IRVING PARK RD,"1523 W IRVING PARK RD Chicago, IL.",41.95424406,-87.66790296
1015 W IRVING PARK RD,"1015 W IRVING PARK RD Chicago, IL.",41.95441853,-87.65526099
3718 N HALSTED ST,"3718 N HALSTED ST Chicago, IL.",41.94955152,-87.64963521
3174 N HALSTED ST,"3174 N HALSTED ST Chicago, IL.",41.93837232,-87.6492893
2628 N HALSTED ST,"2628 N HALSTED ST Chicago, IL.",41.92981179,-87.64899108
2434 N HALSTED ST,"2434 N HALSTED ST Chicago, IL.",41.92686128,-87.64888788
2014 N HALSTED ST,"2014 N HALSTED ST Chicago, IL.",41.9184752,-87.64859821
261 E 26TH ST,"261 E 26TH ST Chicago, IL.",41.84561796,-87.62113729
855 W WASHINGTON BLVD,"855 W WASHINGTON BLVD Chicago, IL.",41.88305747,-87.6489813
975 W JACKSON BLVD,"975 W JACKSON BLVD Chicago, IL.",41.87784385,-87.64998344
959 W JACKSON BLVD,"959 W JACKSON BLVD Chicago, IL.",41.87784385,-87.64991287
955 W JACKSON BLVD,"955 W JACKSON BLVD Chicago, IL.",41.87784385,-87.64989522
2137 S STATE ST,"2137 S STATE ST Chicago, IL.",41.8537551,-87.62702415
2101 S STATE ST,"2101 S STATE ST Chicago, IL.",41.85419299,-87.62703434
47 N FRANKLIN ST,"47 N FRANKLIN ST Chicago, IL.",41.88223709,-87.63524136
135 N FRANKLIN ST,"135 N FRANKLIN ST Chicago, IL.",41.88532896,-87.63530688
510 W ROOSEVELT RD,"510 W ROOSEVELT RD Chicago, IL.",41.86731144,-87.639632
752 W ROOSEVELT RD,"752 W ROOSEVELT RD Chicago, IL.",41.86722144,-87.6458476
842 W ROOSEVELT RD,"842 W ROOSEVELT RD Chicago, IL.",41.86719444,-87.64777056
858 W ROOSEVELT RD,"858 W ROOSEVELT RD Chicago, IL.",41.86719339,-87.64818709
920 W ROOSEVELT RD,"920 W ROOSEVELT RD Chicago, IL.",41.86717248,-87.64942003
1700 S ASHLAND AVE,"1700 S ASHLAND AVE Chicago, IL.",41.85864486,-87.66625139
1708 S ASHLAND AVE,"1708 S ASHLAND AVE Chicago, IL.",41.85858001,-87.66624831
1814 S ASHLAND AVE,"1814 S ASHLAND AVE Chicago, IL.",41.85727374,-87.66620808
1818 S ASHLAND AVE,"1818 S ASHLAND AVE Chicago, IL.",41.85714133,-87.66620591
802 W JACKSON BLVD,"802 W JACKSON BLVD Chicago, IL.",41.87800344,-87.64738559
1819 S ASHLAND AVE,"1819 S ASHLAND AVE Chicago, IL.",41.8574832,-87.66605765
1713 S ASHLAND AVE,"1713 S ASHLAND AVE Chicago, IL.",41.85855165,-87.666093
985 W ROOSEVELT RD,"985 W ROOSEVELT RD Chicago, IL.",41.86703594,-87.65074833
309 N DESPLAINES ST,"309 N DESPLAINES ST Chicago, IL.",41.88762145,-87.64422373
1338 S HALSTED ST,"1338 S HALSTED ST Chicago, IL.",41.86428688,-87.64691266
209 S DESPLAINES ST,"209 S DESPLAINES ST Chicago, IL.",41.87916159,-87.64396125
211 S DESPLAINES ST,"211 S DESPLAINES ST Chicago, IL.",41.87915089,-87.64396086
237 S DESPLAINES ST,"237 S DESPLAINES ST Chicago, IL.",41.87901128,-87.64395728
217 S JEFFERSON ST,"217 S JEFFERSON ST Chicago, IL.",41.87849774,-87.64247473
19 N JEFFERSON ST,"19 N JEFFERSON ST Chicago, IL.",41.88211788,-87.64259266
567 W FULTON ST,"567 W FULTON ST Chicago, IL.",41.88675385,-87.64179847
2204 S ARCHER AVE,"2204 S ARCHER AVE Chicago, IL.",41.85247878,-87.63575577
2210 S ARCHER AVE,"2210 S ARCHER AVE Chicago, IL.",41.85238149,-87.63595887
2126 S ARCHER AVE,"2126 S ARCHER AVE Chicago, IL.",41.85344616,-87.63375095
1928 N LINCOLN AVE,"1928 N LINCOLN AVE Chicago, IL.",41.91703322,-87.63710581
450 W ILLINOIS ST,"450 W ILLINOIS ST Chicago, IL.",41.89113035,-87.61639875
715 N WELLS ST,"715 N WELLS ST Chicago, IL.",41.89519587,-87.63408504
751 N CLARK ST,"751 N CLARK ST Chicago, IL.",41.89595217,-87.63115136
670 N DEARBORN ST,"670 N DEARBORN ST Chicago, IL.",41.89431778,-87.62979927
886 N DEARBORN ST,"886 N DEARBORN ST Chicago, IL.",41.89778137,-87.62988732
829 N ORLEANS ST,"829 N ORLEANS ST Chicago, IL.",41.89802301,-87.63714813
947 N ORLEANS ST,"947 N ORLEANS ST Chicago, IL.",41.90007573,-87.6372268
2608 N HALSTED ST,"2608 N HALSTED ST Chicago, IL.",41.92933181,-87.64897429
207 S DESPLAINES ST,"207 S DESPLAINES ST Chicago, IL.",41.87917229,-87.64396163
2454 N LINCOLN AVE,"2454 N LINCOLN AVE Chicago, IL.",41.92658144,-87.65046005
1734 N WELLS ST,"1734 N WELLS ST Chicago, IL.",41.91394074,-87.63487332
2433 N LINCOLN AVE,"2433 N LINCOLN AVE Chicago, IL.",41.92622542,-87.64974363
912 W RANDOLPH ST,"912 W RANDOLPH ST Chicago, IL.",41.88452843,-87.65036133
1108 W RANDOLPH ST,"1108 W RANDOLPH ST Chicago, IL.",41.88444611,-87.65489006
1146 W RANDOLPH ST,"1146 W RANDOLPH ST Chicago, IL.",41.88442359,-87.65598387
1405 W RANDOLPH ST,"1405 W RANDOLPH ST Chicago, IL.",41.8845976,-87.66417813
3445 N HALSTED ST,"3445 N HALSTED ST Chicago, IL.",41.94479181,-87.649335
1009 W RANDOLPH ST,"1009 W RANDOLPH ST Chicago, IL.",41.8841324,-87.65342467
112 N GREEN ST,"112 N GREEN ST Chicago, IL.",41.88336154,-87.6486502
10 S GREEN ST,"10 S GREEN ST Chicago, IL.",41.8816057,-87.64860433
13 N SANGAMON ST,"13 N SANGAMON ST Chicago, IL.",41.88224983,-87.65080392
2545 N SOUTHPORT AVE,"2545 N SOUTHPORT AVE Chicago, IL.",41.92816339,-87.66334309
742 N LA SALLE ST,"742 N LA SALLE ST Chicago, IL.",41.89620112,-87.6328573
718 N LA SALLE ST,"718 N LA SALLE ST Chicago, IL.",41.89552241,-87.63284372
1680 N HALSTED ST,"1680 N HALSTED ST Chicago, IL.",41.91245767,-87.64839609
1845 N LINCOLN AVE,"1845 N LINCOLN AVE Chicago, IL.",41.91637753,-87.63596957
440 N LA SALLE ST,"440 N LA SALLE ST Chicago, IL.",41.89045702,-87.63272783
3900 N BROADWAY ,"3900 N BROADWAY  Chicago, IL.",41.95280026,-87.64973309
75 E WACKER DR,"75 E WACKER DR Chicago, IL.",41.88795084,-87.62529948
112 E WACKER DR,"112 E WACKER DR Chicago, IL.",41.88835054,-87.62415187
3714 N HALSTED ST,"3714 N HALSTED ST Chicago, IL.",41.94946759,-87.64963221
3656 N BROADWAY ST,"3656 N BROADWAY ST Chicago, IL.",41.94848319,-87.64803912
3652 N BROADWAY ST,"3652 N BROADWAY ST Chicago, IL.",41.94842461,-87.64800372
528 W ADAMS ST,"528 W ADAMS ST Chicago, IL.",41.87933929,-87.64194538
3316 N BROADWAY,"3316 N BROADWAY Chicago, IL.",41.94243865,-87.64454978
770 S HALSTED ST,"770 S HALSTED ST Chicago, IL.",41.87164469,-87.64720762
429 W DIVERSEY PKWY,"429 W DIVERSEY PKWY Chicago, IL.",41.93284947,-87.63993312
83 E 9TH ST,"83 E 9TH ST Chicago, IL.",41.87048911,-87.62616999
444 W DIVERSEY PKWY,"444 W DIVERSEY PKWY Chicago, IL.",41.93293965,-87.64126776
1716 S HALSTED ST,"1716 S HALSTED ST Chicago, IL.",41.85848098,-87.6467371
2813 N BROADWAY ST,"2813 N BROADWAY ST Chicago, IL.",41.93353596,-87.64461373
72 E 26TH ST,"72 E 26TH ST Chicago, IL.",41.84567545,-87.62502645
320 E 26TH ST,"320 E 26TH ST Chicago, IL.",41.84574838,-87.6201066
123 E LAKE ST,"123 E LAKE ST Chicago, IL.",41.88571142,-87.62350824
166 N STETSON AVE,"166 N STETSON AVE Chicago, IL.",41.88586672,-87.6223855
2646 N HALSTED ST,"2646 N HALSTED ST Chicago, IL.",41.93024369,-87.64900556
2438 N HALSTED ST,"2438 N HALSTED ST Chicago, IL.",41.9269149,-87.64888978
2212 N HALSTED ST,"2212 N HALSTED ST Chicago, IL.",41.9220843,-87.64871864
2007 N HALSTED ST,"2007 N HALSTED ST Chicago, IL.",41.91833926,-87.64843918
2211 N HALSTED ST,"2211 N HALSTED ST Chicago, IL.",41.92205291,-87.6485634
2619 N HALSTED ST,"2619 N HALSTED ST Chicago, IL.",41.92957483,-87.64882904
2623 N HALSTED ST,"2623 N HALSTED ST Chicago, IL.",41.92967069,-87.64883227
2707 N HALSTED ST,"2707 N HALSTED ST Chicago, IL.",41.93167367,-87.64889694
2923 N HALSTED ST,"2923 N HALSTED ST Chicago, IL.",41.93518849,-87.64902242
3507 N HALSTED ST,"3507 N HALSTED ST Chicago, IL.",41.94565481,-87.64936046
449 W SUPERIOR ST,"449 W SUPERIOR ST Chicago, IL.",41.89545615,-87.64039293
447 W SUPERIOR ST,"447 W SUPERIOR ST Chicago, IL.",41.89545657,-87.64035161
1029 W HARRISON ST,"1029 W HARRISON ST Chicago, IL.",41.87424594,-87.65257447
2316 N CLARK ST,"2316 N CLARK ST Chicago, IL.",41.92422411,-87.63972474
618 S HALSTED ST,"618 S HALSTED ST Chicago, IL.",41.87399973,-87.64728747
1048 W TAYLOR ST,"1048 W TAYLOR ST Chicago, IL.",41.86953444,-87.65307574
1056 W TAYLOR ST,"1056 W TAYLOR ST Chicago, IL.",41.86952758,-87.65336049
1151 W TAYLOR ST,"1151 W TAYLOR ST Chicago, IL.",41.86937485,-87.65560528
1210 W TAYLOR ST,"1210 W TAYLOR ST Chicago, IL.",41.86946543,-87.65724531
583 S MORGAN ST,"583 S MORGAN ST Chicago, IL.",41.87518493,-87.6517633
213 S DESPLAINES ST,"213 S DESPLAINES ST Chicago, IL.",41.87914019,-87.64396048
216 N CLINTON ST,"216 N CLINTON ST Chicago, IL.",41.88591585,-87.64138721
338 S CLINTON ST,"338 S CLINTON ST Chicago, IL.",41.87751789,-87.64112793
636 S WABASH AVE,"636 S WABASH AVE Chicago, IL.",41.87370495,-87.62605408
2470 N LINCOLN AVE,"2470 N LINCOLN AVE Chicago, IL.",41.92682935,-87.65080541
1335 W 18TH ST,"1335 W 18TH ST Chicago, IL.",41.85783686,-87.66029082
1175 W 18TH ST,"1175 W 18TH ST Chicago, IL.",41.85790339,-87.6560255
779 W 18TH ST,"779 W 18TH ST Chicago, IL.",41.85748586,-87.64634009
2108 S WENTWORTH AVE,"2108 S WENTWORTH AVE Chicago, IL.",41.8541882,-87.63189
789 W 26TH ST,"789 W 26TH ST Chicago, IL.",41.84527286,-87.64627778
537 W 26TH ST,"537 W 26TH ST Chicago, IL.",41.8453485,-87.64056817
31 E 26TH ST,"31 E 26TH ST Chicago, IL.",41.8455464,-87.6258536
1838 S MICHIGAN AVE,"1838 S MICHIGAN AVE Chicago, IL.",41.85738212,-87.6239988
725 W ADAMS ST,"725 W ADAMS ST Chicago, IL.",41.87917066,-87.64657866
749 W ADAMS ST,"749 W ADAMS ST Chicago, IL.",41.87916702,-87.64675478
1801 S WABASH AVE,"1801 S WABASH AVE Chicago, IL.",41.85780166,-87.62553175
1626 S HALSTED ST,"1626 S HALSTED ST Chicago, IL.",41.85908642,-87.6467582
460 N NEW ST,"460 N NEW ST Chicago, IL.",41.89076633,-87.61867764
442 N NEW ST,"442 N NEW ST Chicago, IL.",41.89066764,-87.61867303
418 N NEW ST,"418 N NEW ST Chicago, IL.",41.89053801,-87.61866986
461 N MCCLURG CT,"461 N MCCLURG CT Chicago, IL.",41.8901035,-87.61756081
463 N MCCLURG CT,"463 N MCCLURG CT Chicago, IL.",41.89012129,-87.6175614
269 E GRAND AVE,"269 E GRAND AVE Chicago, IL.",41.89173325,-87.62100603
31 E GRAND AVE,"31 E GRAND AVE Chicago, IL.",41.89163571,-87.62627259
705 N MILWAUKEE AVE,"705 N MILWAUKEE AVE Chicago, IL.",41.89449683,-87.65258886
837 N MILWAUKEE AVE,"837 N MILWAUKEE AVE Chicago, IL.",41.89705285,-87.65654793
1180 N ASHLAND AVE,"1180 N ASHLAND AVE Chicago, IL.",41.90270505,-87.66755179
1144 N ASHLAND AVE,"1144 N ASHLAND AVE Chicago, IL.",41.90255116,-87.66754863
1140 N ASHLAND AVE,"1140 N ASHLAND AVE Chicago, IL.",41.90253407,-87.6675482
1036 N ASHLAND AVE,"1036 N ASHLAND AVE Chicago, IL.",41.90077578,-87.66749892
518 N MILWAUKEE AVE,"518 N MILWAUKEE AVE Chicago, IL.",41.89175267,-87.64858666
445 N FRANKLIN ST,"445 N FRANKLIN ST Chicago, IL.",41.89019114,-87.63546147
3819 N BROADWAY ST,"3819 N BROADWAY ST Chicago, IL.",41.95178496,-87.64954776
1733 N WELLS ST,"1733 N WELLS ST Chicago, IL.",41.91374503,-87.63471207
2445 N LINCOLN AVE,"2445 N LINCOLN AVE Chicago, IL.",41.92645123,-87.65006134
3129 N LINCOLN AVE,"3129 N LINCOLN AVE Chicago, IL.",41.93846136,-87.66686608
1145 W BELMONT AVE,"1145 W BELMONT AVE Chicago, IL.",41.93979984,-87.6579961
2500 N HALSTED ST,"2500 N HALSTED ST Chicago, IL.",41.92775027,-87.64892025
3526 N CLARK ST,"3526 N CLARK ST Chicago, IL.",41.94616319,-87.65577172
2156 N HALSTED ST,"2156 N HALSTED ST Chicago, IL.",41.92102852,-87.64868588
2020 N CLARK ST ,"2020 N CLARK ST  Chicago, IL.",41.91916117,-87.63664166
2850 N CLARK ST,"2850 N CLARK ST Chicago, IL.",41.93413356,-87.64605234
3324 N SOUTHPORT AVE,"3324 N SOUTHPORT AVE Chicago, IL.",41.94224393,-87.66396183
3111 N SOUTHPORT AVE,"3111 N SOUTHPORT AVE Chicago, IL.",41.93826699,-87.66368969
2855 N SOUTHPORT AVE,"2855 N SOUTHPORT AVE Chicago, IL.",41.93370967,-87.6635264
2742 N SOUTHPORT AVE,"2742 N SOUTHPORT AVE Chicago, IL.",41.93182921,-87.66361972
211 W RANDOLPH ST,"211 W RANDOLPH ST Chicago, IL.",41.88441385,-87.63410988
1008 W RANDOLPH ST,"1008 W RANDOLPH ST Chicago, IL.",41.8844947,-87.65239804
1943 N HALSTED ST,"1943 N HALSTED ST Chicago, IL.",41.91692296,-87.64837629
2375 N HALSTED ST,"2375 N HALSTED ST Chicago, IL.",41.92439052,-87.64864517
1320 W RANDOLPH ST,"1320 W RANDOLPH ST Chicago, IL.",41.88439399,-87.66359629
1360 W RANDOLPH ST,"1360 W RANDOLPH ST Chicago, IL.",41.88453334,-87.66382721
1415 W RANDOLPH ST,"1415 W RANDOLPH ST Chicago, IL.",41.88463243,-87.66423586
2110 N HALSTED ST,"2110 N HALSTED ST Chicago, IL.",41.92022454,-87.64865891
2108 N HALSTED ST,"2108 N HALSTED ST Chicago, IL.",41.92018959,-87.6486576
1013 W RANDOLPH ST,"1013 W RANDOLPH ST Chicago, IL.",41.88413176,-87.65346596
1484 N HALSTED ST,"1484 N HALSTED ST Chicago, IL.",41.90828548,-87.64828416
1006 N CLARK ST,"1006 N CLARK ST Chicago, IL.",41.90068249,-87.63143095
155 E SOUTH WATER ST,"155 E SOUTH WATER ST Chicago, IL.",41.8865329,-87.6176973
395 W ADAMS ST,"395 W ADAMS ST Chicago, IL.",41.87928385,-87.63761823
500 S HALSTED ST,"500 S HALSTED ST Chicago, IL.",41.87499985,-87.64722819
1424 W ROOSEVELT RD,"1424 W ROOSEVELT RD Chicago, IL.",41.86696317,-87.66221006
933 N RUSH ST,"933 N RUSH ST Chicago, IL.",41.90010769,-87.62712875
1933 N CLARK ST,"1933 N CLARK ST Chicago, IL.",41.91626246,-87.63466669
1248 W 18TH ST,"1248 W 18TH ST Chicago, IL.",41.85797639,-87.65834584
869 W 18TH ST,"869 W 18TH ST Chicago, IL.",41.85803239,-87.64697936
1818 S HALSTED ST,"1818 S HALSTED ST Chicago, IL.",41.85748491,-87.64670939
326 N ABERDEEN ST,"326 N ABERDEEN ST Chicago, IL.",41.88696926,-87.6545872
308 N ABERDEEN ST,"308 N ABERDEEN ST Chicago, IL.",41.886824,-87.65458396
1364 W RANDOLPH ST,"1364 W RANDOLPH ST Chicago, IL.",41.88454727,-87.6638503
481 W 26TH ST,"481 W 26TH ST Chicago, IL.",41.84536306,-87.63960504
1373 W RANDOLPH ST,"1373 W RANDOLPH ST Chicago, IL.",41.88448612,-87.6639934
1367 W RANDOLPH ST,"1367 W RANDOLPH ST Chicago, IL.",41.88446522,-87.66395876
10 S ABERDEEN ST,"10 S ABERDEEN ST Chicago, IL.",41.88111434,-87.65476127
1123 W FULLERTON AVE,"1123 W FULLERTON AVE Chicago, IL.",41.92524918,-87.65742399
1113 W FULLERTON AVE,"1113 W FULLERTON AVE Chicago, IL.",41.92525092,-87.65737774
1077 W FULLERTON AVE,"1077 W FULLERTON AVE Chicago, IL.",41.92529184,-87.65560815
719 W FULLERTON AVE,"719 W FULLERTON AVE Chicago, IL.",41.92543409,-87.64660321
711 W FULLERTON AVE,"711 W FULLERTON AVE Chicago, IL.",41.92543584,-87.64652068
683 S CLINTON ST,"683 S CLINTON ST Chicago, IL.",41.87344737,-87.64084685
668 S JEFFERSON ST,"668 S JEFFERSON ST Chicago, IL.",41.87384794,-87.64248412
206 S JEFFERSON ST,"206 S JEFFERSON ST Chicago, IL.",41.87918734,-87.6426532
130 S JEFFERSON ST,"130 S JEFFERSON ST Chicago, IL.",41.88013498,-87.64268207
1029 W DIVERSEY PKWY,"1029 W DIVERSEY PKWY Chicago, IL.",41.93256015,-87.6550254
811 W DIVERSEY PKWY,"811 W DIVERSEY PKWY Chicago, IL.",41.93264767,-87.64972817
721 W DIVERSEY PKWY,"721 W DIVERSEY PKWY Chicago, IL.",41.93269471,-87.64744714
430 W DIVERSEY PKWY,"430 W DIVERSEY PKWY Chicago, IL.",41.93295043,-87.64067494
1010 W DIVERSEY PKWY,"1010 W DIVERSEY PKWY Chicago, IL.",41.93268514,-87.6543285
1016 W DIVERSEY PKWY,"1016 W DIVERSEY PKWY Chicago, IL.",41.93268248,-87.6545624
314 N JEFFERSON ST,"314 N JEFFERSON ST Chicago, IL.",41.88754764,-87.64290027
318 N JEFFERSON ST,"318 N JEFFERSON ST Chicago, IL.",41.88756206,-87.64290071
324 N JEFFERSON ST,"324 N JEFFERSON ST Chicago, IL.",41.8875837,-87.64290137
310 N JEFFERSON ST,"310 N JEFFERSON ST Chicago, IL.",41.88753321,-87.64289984
1117 W BELMONT AVE,"1117 W BELMONT AVE Chicago, IL.",41.93980575,-87.65726657
1113 W BELMONT AVE,"1113 W BELMONT AVE Chicago, IL.",41.93980884,-87.65706421
624 W BELMONT AVE,"624 W BELMONT AVE Chicago, IL.",41.94008504,-87.64503881
1419 S CANAL ST,"1419 S CANAL ST Chicago, IL.",41.86303415,-87.63903395
3174 N LINCOLN AVE,"3174 N LINCOLN AVE Chicago, IL.",41.93917951,-87.66809551
2029 S HALSTED ST,"2029 S HALSTED ST Chicago, IL.",41.85458897,-87.64647282
2748 N LINCOLN AVE,"2748 N LINCOLN AVE Chicago, IL.",41.9316038,-87.65748501
2728 N LINCOLN AVE,"2728 N LINCOLN AVE Chicago, IL.",41.93125465,-87.65699502
2538 N LINCOLN AVE,"2538 N LINCOLN AVE Chicago, IL.",41.92803113,-87.6524947
600 N FAIRBANKS CT,"600 N FAIRBANKS CT Chicago, IL.",41.89265424,-87.6203333
163 W NORTH AVE,"163 W NORTH AVE Chicago, IL.",41.91110785,-87.63283827
1986 N CLARK ST,"1986 N CLARK ST Chicago, IL.",41.91817844,-87.63601959
1972 N CLARK ST,"1972 N CLARK ST Chicago, IL.",41.91792331,-87.63586165
1964 N CLARK ST,"1964 N CLARK ST Chicago, IL.",41.91777752,-87.6357714
150 N JEFFERSON ST,"150 N JEFFERSON ST Chicago, IL.",41.88507941,-87.64283022
1914 N CLARK ST,"1914 N CLARK ST Chicago, IL.",41.91686634,-87.63520733
511 W FULTON ST,"511 W FULTON ST Chicago, IL.",41.88675385,-87.64147243
2103 N CLARK ST ,"2103 N CLARK ST  Chicago, IL.",41.92028403,-87.63718493
504 N KINGSBURY ST,"504 N KINGSBURY ST Chicago, IL.",41.89076433,-87.63937538
67 E HUBBARD ST,"67 E HUBBARD ST Chicago, IL.",41.89001863,-87.62713032
85 E HUBBARD ST,"85 E HUBBARD ST Chicago, IL.",41.89002237,-87.62690656
654 N LARRABEE ST,"654 N LARRABEE ST Chicago, IL.",41.89430289,-87.64298502
109 W JACKSON BLVD,"109 W JACKSON BLVD Chicago, IL.",41.87807785,-87.63191575
1430 S MICHIGAN AVE,"1430 S MICHIGAN AVE Chicago, IL.",41.86333634,-87.6241382
679 N KINGSBURY ST,"679 N KINGSBURY ST Chicago, IL.",41.89372061,-87.64138642
469 W SUPERIOR ST,"469 W SUPERIOR ST Chicago, IL.",41.89545193,-87.64080613
453 W SUPERIOR ST,"453 W SUPERIOR ST Chicago, IL.",41.8954553,-87.64047557
445 W SUPERIOR ST,"445 W SUPERIOR ST Chicago, IL.",41.89545685,-87.64031134
425 W SUPERIOR ST,"425 W SUPERIOR ST Chicago, IL.",41.89546701,-87.63962051
309 W SUPERIOR ST,"309 W SUPERIOR ST Chicago, IL.",41.89550948,-87.63610689
216 W SUPERIOR ST,"216 W SUPERIOR ST Chicago, IL.",41.89564181,-87.63486391
154 W SUPERIOR ST,"154 W SUPERIOR ST Chicago, IL.",41.89566144,-87.63331798
2240 S WENTWORTH AVE,"2240 S WENTWORTH AVE Chicago, IL.",41.85165546,-87.63206388
2314 S WENTWORTH AVE,"2314 S WENTWORTH AVE Chicago, IL.",41.85046445,-87.63203874
1116 S CLINTON ST,"1116 S CLINTON ST Chicago, IL.",41.86800346,-87.64082159
1118 S CLINTON ST,"1118 S CLINTON ST Chicago, IL.",41.86798633,-87.64082104
1481 W 18TH ST,"1481 W 18TH ST Chicago, IL.",41.85778888,-87.66306831
1277 W 18TH ST,"1277 W 18TH ST Chicago, IL.",41.85785486,-87.65862466
900 W LAKE ST,"900 W LAKE ST Chicago, IL.",41.88568044,-87.6498832
172 N BEAUBIEN CT,"172 N BEAUBIEN CT Chicago, IL.",41.8851291,-87.6239228
171 N BEAUBIEN CT,"171 N BEAUBIEN CT Chicago, IL.",41.8851291,-87.6239228
233 N STETSON AVE,"233 N STETSON AVE Chicago, IL.",41.88650154,-87.62224468
60 E RANDOLPH ST,"60 E RANDOLPH ST Chicago, IL.",41.88455544,-87.6257182
926 N DEARBORN ST,"926 N DEARBORN ST Chicago, IL.",41.89924201,-87.62991673
936 N DEARBORN ST,"936 N DEARBORN ST Chicago, IL.",41.89931115,-87.62991852
3319 N HALSTED ST,"3319 N HALSTED ST Chicago, IL.",41.94230275,-87.64926723
1172 N WELLS ST,"1172 N WELLS ST Chicago, IL.",41.90356604,-87.63454368
3554 N CLARK ST,"3554 N CLARK ST Chicago, IL.",41.94665779,-87.65616875
3174 N CLARK ST,"3174 N CLARK ST Chicago, IL.",41.93955506,-87.6504437
1325 N HALSTED ST,"1325 N HALSTED ST Chicago, IL.",41.90544252,-87.64805375
2703 N CLARK ST ,"2703 N CLARK ST  Chicago, IL.",41.93145446,-87.64425788
443 N WELLS ST,"443 N WELLS ST Chicago, IL.",41.89032698,-87.63396022
441 N WELLS ST,"441 N WELLS ST Chicago, IL.",41.89031249,-87.63395995
458 W ILLINOIS ST,"458 W ILLINOIS ST Chicago, IL.",41.8911338,-87.6162078
510 N KINGSBURY ST,"510 N KINGSBURY ST Chicago, IL.",41.89089397,-87.63948049
2431 N CLARK ST,"2431 N CLARK ST Chicago, IL.",41.92638709,-87.64088651
108 W HURON ST,"108 W HURON ST Chicago, IL.",41.89488385,-87.63162148
2731 N LINCOLN AVE,"2731 N LINCOLN AVE Chicago, IL.",41.93137232,-87.65693748
768 S HALSTED ST,"768 S HALSTED ST Chicago, IL.",41.87166156,-87.64720781
1821 N CLYBOURN AVE,"1821 N CLYBOURN AVE Chicago, IL.",41.91414026,-87.65390929
1846 N CLYBOURN AVE,"1846 N CLYBOURN AVE Chicago, IL.",41.91461274,-87.65478764
2145 N CLYBOURN AVE,"2145 N CLYBOURN AVE Chicago, IL.",41.92051232,-87.66275769
331 W SUPERIOR ST,"331 W SUPERIOR ST Chicago, IL.",41.89549526,-87.63706766
3256 N SOUTHPORT AVE,"3256 N SOUTHPORT AVE Chicago, IL.",41.94099956,-87.6639268
528 W RANDOLPH ST,"528 W RANDOLPH ST Chicago, IL.",41.88449244,-87.64223166
1012 W RANDOLPH ST,"1012 W RANDOLPH ST Chicago, IL.",41.88449223,-87.65250453
2722 N SOUTHPORT AVE,"2722 N SOUTHPORT AVE Chicago, IL.",41.93105763,-87.66359475
2643 N SOUTHPORT AVE,"2643 N SOUTHPORT AVE Chicago, IL.",41.92964285,-87.66339633
3318 N SOUTHPORT AVE,"3318 N SOUTHPORT AVE Chicago, IL.",41.94209327,-87.66395812
1919 N CLYBOURN AVE,"1919 N CLYBOURN AVE Chicago, IL.",41.91629098,-87.65690166
1817 N CLYBOURN AVE,"1817 N CLYBOURN AVE Chicago, IL.",41.91406704,-87.6538075
3015 N SOUTHPORT AVE,"3015 N SOUTHPORT AVE Chicago, IL.",41.93677098,-87.66363623
3403 N SOUTHPORT AVE,"3403 N SOUTHPORT AVE Chicago, IL.",41.94352398,-87.66384236
1244 N HALSTED ST,"1244 N HALSTED ST Chicago, IL.",41.90424126,-87.64819242
1004 N ELSTON AVE,"1004 N ELSTON AVE Chicago, IL.",41.90008114,-87.65672923
3236 N SHEFFIELD AVE,"3236 N SHEFFIELD AVE Chicago, IL.",41.94059609,-87.65420465
3230 N SHEFFIELD AVE,"3230 N SHEFFIELD AVE Chicago, IL.",41.94049126,-87.65420121
3228 N SHEFFIELD AVE,"3228 N SHEFFIELD AVE Chicago, IL.",41.94045631,-87.65420006
3150 N SHEFFIELD AVE,"3150 N SHEFFIELD AVE Chicago, IL.",41.93942677,-87.65416493
3122 N SHEFFIELD AVE,"3122 N SHEFFIELD AVE Chicago, IL.",41.93870426,-87.65414219
3136 N SHEFFIELD AVE,"3136 N SHEFFIELD AVE Chicago, IL.",41.93910724,-87.65415306
3349 N SHEFFIELD AVE,"3349 N SHEFFIELD AVE Chicago, IL.",41.94263979,-87.65411397
3443 N SHEFFIELD AVE,"3443 N SHEFFIELD AVE Chicago, IL.",41.94487159,-87.65418045
167 S FRANKLIN ST,"167 S FRANKLIN ST Chicago, IL.",41.87980389,-87.63517375
445 W DIVERSEY PKWY,"445 W DIVERSEY PKWY Chicago, IL.",41.93284379,-87.64023731
2252 N CLARK ST,"2252 N CLARK ST Chicago, IL.",41.9232934,-87.63916643
701 W JACKSON BLVD,"701 W JACKSON BLVD Chicago, IL.",41.87793153,-87.64407495
666 S JEFFERSON ST,"666 S JEFFERSON ST Chicago, IL.",41.87386167,-87.6424845
213 S JEFFERSON ST,"213 S JEFFERSON ST Chicago, IL.",41.87851918,-87.64247548
1636 N WELLS ST,"1636 N WELLS ST Chicago, IL.",41.91228307,-87.63482355
167 N LA SALLE ST,"167 N LA SALLE ST Chicago, IL.",41.883629,-87.63234252
2130 S MICHIGAN AVE,"2130 S MICHIGAN AVE Chicago, IL.",41.85385141,-87.62391901
2679 N LINCOLN AVE,"2679 N LINCOLN AVE Chicago, IL.",41.93053696,-87.65577447
1141 W TAYLOR ST,"1141 W TAYLOR ST Chicago, IL.",41.86937675,-87.65548852
1442 W BELMONT AVE,"1442 W BELMONT AVE Chicago, IL.",41.93980761,-87.66502194
860 W TAYLOR ST,"860 W TAYLOR ST Chicago, IL.",41.8696971,-87.64833018
1240 W BELMONT AVE,"1240 W BELMONT AVE Chicago, IL.",41.93986656,-87.66044886
1230 W BELMONT AVE,"1230 W BELMONT AVE Chicago, IL.",41.93987663,-87.66009882
3639 N BROADWAY ,"3639 N BROADWAY  Chicago, IL.",41.9483839,-87.64781011
930 W ROOSEVELT RD,"930 W ROOSEVELT RD Chicago, IL.",41.86716951,-87.64961918
2548 N HALSTED ST,"2548 N HALSTED ST Chicago, IL.",41.92871843,-87.64895175
961 W ROOSEVELT RD,"961 W ROOSEVELT RD Chicago, IL.",41.86704119,-87.65036801
957 W ROOSEVELT RD,"957 W ROOSEVELT RD Chicago, IL.",41.86704206,-87.65030462
933 W ROOSEVELT RD,"933 W ROOSEVELT RD Chicago, IL.",41.86704544,-87.64992115
881 W ROOSEVELT RD,"881 W ROOSEVELT RD Chicago, IL.",41.86706185,-87.64910198
2242 N HALSTED ST,"2242 N HALSTED ST Chicago, IL.",41.92260302,-87.64873796
2126 N HALSTED ST,"2126 N HALSTED ST Chicago, IL.",41.92050431,-87.64866869
2531 N SOUTHPORT AVE,"2531 N SOUTHPORT AVE Chicago, IL.",41.92799949,-87.66333867
2644 N SOUTHPORT AVE,"2644 N SOUTHPORT AVE Chicago, IL.",41.93018702,-87.66356871
3535 N SOUTHPORT AVE,"3535 N SOUTHPORT AVE Chicago, IL.",41.94624523,-87.66391571
3647 N SOUTHPORT AVE,"3647 N SOUTHPORT AVE Chicago, IL.",41.94794495,-87.66396208
418 N MILWAUKEE AVE,"418 N MILWAUKEE AVE Chicago, IL.",41.89014652,-87.64610687
18 W ILLINOIS ST,"18 W ILLINOIS ST Chicago, IL.",41.89088244,-87.62992549
315 W ARMITAGE AVE,"315 W ARMITAGE AVE Chicago, IL.",41.91828984,-87.63743819
720 W ARMITAGE AVE,"720 W ARMITAGE AVE Chicago, IL.",41.91825372,-87.64698476
810 W ARMITAGE AVE,"810 W ARMITAGE AVE Chicago, IL.",41.91822809,-87.64897892
27 E GRAND AVE,"27 E GRAND AVE Chicago, IL.",41.89163463,-87.62632123
1034 W ARMITAGE AVE,"1034 W ARMITAGE AVE Chicago, IL.",41.91814344,-87.65469263
30 W GRAND AVE,"30 W GRAND AVE Chicago, IL.",41.89171775,-87.62856481
567 W ERIE ST,"567 W ERIE ST Chicago, IL.",41.89384628,-87.64112783
838 W FULLERTON AVE,"838 W FULLERTON AVE Chicago, IL.",41.92548108,-87.6504514
845 W ARMITAGE AVE,"845 W ARMITAGE AVE Chicago, IL.",41.91809383,-87.65024417
3319 N CLARK ST,"3319 N CLARK ST Chicago, IL.",41.94219428,-87.65240041
3517 N CLARK ST,"3517 N CLARK ST Chicago, IL.",41.94605426,-87.65550445
421 E ILLINOIS ST,"421 E ILLINOIS ST Chicago, IL.",41.89100286,-87.61711107
640 N WABASH AVE,"640 N WABASH AVE Chicago, IL.",41.89403368,-87.62685961
2113 N LINCOLN AVE,"2113 N LINCOLN AVE Chicago, IL.",41.92084215,-87.642221
2409 N LINCOLN AVE,"2409 N LINCOLN AVE Chicago, IL.",41.92570004,-87.64900377
3238 N CLARK ST,"3238 N CLARK ST Chicago, IL.",41.94064626,-87.65132498
2680 N CLARK ST,"2680 N CLARK ST Chicago, IL.",41.93154426,-87.64447872
1549 N WELLS ST,"1549 N WELLS ST Chicago, IL.",41.91020697,-87.6346012
1010 N WELLS ST,"1010 N WELLS ST Chicago, IL.",41.90145014,-87.63446448
3624 N SOUTHPORT AVE,"3624 N SOUTHPORT AVE Chicago, IL.",41.94774612,-87.66410981
3258 N SOUTHPORT AVE,"3258 N SOUTHPORT AVE Chicago, IL.",41.94102466,-87.66392742
230 W NORTH AVE,"230 W NORTH AVE Chicago, IL.",41.91125844,-87.63602789
1404 N HALSTED ST,"1404 N HALSTED ST Chicago, IL.",41.90654153,-87.64823955
122 W ILLINOIS ST,"122 W ILLINOIS ST Chicago, IL.",41.8908731,-87.63145459
318 W ILLINOIS ST,"318 W ILLINOIS ST Chicago, IL.",41.89080968,-87.63632185
625 S DEARBORN ST,"625 S DEARBORN ST Chicago, IL.",41.87422309,-87.62912189
664 S PLYMOUTH CT,"664 S PLYMOUTH CT Chicago, IL.",41.87382207,-87.6287506
682 S PLYMOUTH CT,"682 S PLYMOUTH CT Chicago, IL.",41.87363534,-87.62874696
692 S PLYMOUTH CT,"692 S PLYMOUTH CT Chicago, IL.",41.8735316,-87.62874493
25 W POLK ST,"25 W POLK ST Chicago, IL.",41.87222785,-87.62879423
816 S STATE ST,"816 S STATE ST Chicago, IL.",41.87165684,-87.62769118
820 S STATE ST,"820 S STATE ST Chicago, IL.",41.87163351,-87.62769079
836 S STATE ST,"836 S STATE ST Chicago, IL.",41.8715402,-87.62768924
1012 S STATE ST,"1012 S STATE ST Chicago, IL.",41.86979763,-87.6276399
1040 S STATE ST,"1040 S STATE ST Chicago, IL.",41.8696331,-87.62763713
88 E 11TH ST,"88 E 11TH ST Chicago, IL.",41.86935984,-87.62449344
1727 N CLARK ST,"1727 N CLARK ST Chicago, IL.",41.91448465,-87.63357444
1731 N CLARK ST,"1731 N CLARK ST Chicago, IL.",41.91449197,-87.63357904
1813 N CLARK ST,"1813 N CLARK ST Chicago, IL.",41.91464207,-87.63367346
1919 N CLARK ST,"1919 N CLARK ST Chicago, IL.",41.91600659,-87.6345112
2479 N CLARK ST,"2479 N CLARK ST Chicago, IL.",41.92751955,-87.64155137
2317 N LINCOLN AVE,"2317 N LINCOLN AVE Chicago, IL.",41.92402607,-87.64666779
2441 N LINCOLN AVE,"2441 N LINCOLN AVE Chicago, IL.",41.92637596,-87.64995544
2743 N LINCOLN AVE,"2743 N LINCOLN AVE Chicago, IL.",41.93158181,-87.65723147
3011 N LINCOLN AVE,"3011 N LINCOLN AVE Chicago, IL.",41.93636616,-87.66393663
0 E RANDOLPH ST,"1 E RANDOLPH ST Chicago, IL.",41.88444085,-87.62617179
3141 N LINCOLN AVE,"3141 N LINCOLN AVE Chicago, IL.",41.93867086,-87.66715845
28 E RANDOLPH ST,"28 E RANDOLPH ST Chicago, IL.",41.88455298,-87.62685395
3036 N LINCOLN AVE,"3036 N LINCOLN AVE Chicago, IL.",41.93673374,-87.66467531
2966 N LINCOLN AVE,"2966 N LINCOLN AVE Chicago, IL.",41.93568291,-87.66319024
2923 N BROADWAY ST,"2923 N BROADWAY ST Chicago, IL.",41.93563067,-87.6441748
2935 N BROADWAY ST,"2935 N BROADWAY ST Chicago, IL.",41.93594904,-87.64418364
3829 N BROADWAY ST,"3829 N BROADWAY ST Chicago, IL.",41.95191586,-87.64955139
2031 N HALSTED ST,"2031 N HALSTED ST Chicago, IL.",41.91875628,-87.6484537
2111 N HALSTED ST,"2111 N HALSTED ST Chicago, IL.",41.92022773,-87.64850497
3710 N HALSTED ST,"3710 N HALSTED ST Chicago, IL.",41.94938366,-87.64962921
2247 N HALSTED ST,"2247 N HALSTED ST Chicago, IL.",41.92267535,-87.64858659
3652 N HALSTED ST,"3652 N HALSTED ST Chicago, IL.",41.94775664,-87.64957746
2447 N HALSTED ST,"2447 N HALSTED ST Chicago, IL.",41.92699878,-87.64873885
2855 N HALSTED ST,"2855 N HALSTED ST Chicago, IL.",41.93391473,-87.64897871
3412 N HALSTED ST,"3412 N HALSTED ST Chicago, IL.",41.94401948,-87.6494629
3901 N BROADWAY ST,"3901 N BROADWAY ST Chicago, IL.",41.95303748,-87.64962002
2158 N HALSTED ST,"2158 N HALSTED ST Chicago, IL.",41.92106347,-87.64868702
2708 N HALSTED ST,"2708 N HALSTED ST Chicago, IL.",41.93169193,-87.64905174
2639 N HALSTED ST,"2639 N HALSTED ST Chicago, IL.",41.93005459,-87.64884515
2637 N HALSTED ST,"2637 N HALSTED ST Chicago, IL.",41.93000661,-87.64884354
904 W ARMITAGE AVE,"904 W ARMITAGE AVE Chicago, IL.",41.91819744,-87.65117147
465 N NEW ST,"465 N NEW ST Chicago, IL.",41.89079139,-87.61852461
2543 N SOUTHPORT AVE,"2543 N SOUTHPORT AVE Chicago, IL.",41.92814003,-87.66334232
2615 N SOUTHPORT AVE,"2615 N SOUTHPORT AVE Chicago, IL.",41.92915356,-87.66337557
465 N MCCLURG CT,"465 N MCCLURG CT Chicago, IL.",41.89110861,-87.61759189
227 E GRAND AVE,"227 E GRAND AVE Chicago, IL.",41.89171459,-87.62198216
3035 N SOUTHPORT AVE,"3035 N SOUTHPORT AVE Chicago, IL.",41.93709052,-87.66365063
1023 W BELMONT AVE,"1023 W BELMONT AVE Chicago, IL.",41.93983584,-87.65512524
1022 W BELMONT AVE,"1022 W BELMONT AVE Chicago, IL.",41.9399511,-87.65505436
2435 N HALSTED ST,"2435 N HALSTED ST Chicago, IL.",41.92683722,-87.64873301
3423 N HALSTED ST,"3423 N HALSTED ST Chicago, IL.",41.94441711,-87.6493231
2918 N SOUTHPORT AVE,"2918 N SOUTHPORT AVE Chicago, IL.",41.93540594,-87.66373921
2906 N SOUTHPORT AVE,"2906 N SOUTHPORT AVE Chicago, IL.",41.93530882,-87.66373629
3547 N HALSTED ST,"3547 N HALSTED ST Chicago, IL.",41.94654312,-87.64938625
3708 N BROADWAY ST,"3708 N BROADWAY ST Chicago, IL.",41.94937999,-87.64858431
405 E ERIE ST,"405 E ERIE ST Chicago, IL.",41.89418146,-87.61811867
3650 N BROADWAY ST,"3650 N BROADWAY ST Chicago, IL.",41.94839536,-87.64798602
3422 N BROADWAY,"3422 N BROADWAY Chicago, IL.",41.94465294,-87.64570991
3420 N BROADWAY,"3420 N BROADWAY Chicago, IL.",41.94464009,-87.6457025
2664 N HALSTED ST,"2664 N HALSTED ST Chicago, IL.",41.93067558,-87.64902005
3206 N BROADWAY ST,"3206 N BROADWAY ST Chicago, IL.",41.94021949,-87.64448239
644 W BELMONT AVE,"644 W BELMONT AVE Chicago, IL.",41.94007643,-87.64550216
940 W ARMITAGE AVE,"940 W ARMITAGE AVE Chicago, IL.",41.91817361,-87.65242456
837 W ARMITAGE AVE,"837 W ARMITAGE AVE Chicago, IL.",41.91810084,-87.64995048
539 W ARMITAGE AVE,"539 W ARMITAGE AVE Chicago, IL.",41.91821784,-87.64205562
2141 N HALSTED ST,"2141 N HALSTED ST Chicago, IL.",41.92075173,-87.64852275
1045 W BELMONT AVE,"1045 W BELMONT AVE Chicago, IL.",41.93982684,-87.65586271
851 W BELMONT AVE,"851 W BELMONT AVE Chicago, IL.",41.93989668,-87.65126625
3136 N CLARK ST,"3136 N CLARK ST Chicago, IL.",41.93903038,-87.65001555
2894 N CLARK ST,"2894 N CLARK ST Chicago, IL.",41.93506348,-87.64680962
1238 W FULLERTON AVE,"1238 W FULLERTON AVE Chicago, IL.",41.92533337,-87.65964268
2688 N CLARK ST,"2688 N CLARK ST Chicago, IL.",41.93159208,-87.64450697
2506 N SOUTHPORT AVE,"2506 N SOUTHPORT AVE Chicago, IL.",41.92725829,-87.66346578
2246 N CLARK ST,"2246 N CLARK ST Chicago, IL.",41.92325042,-87.63914048
2150 N SOUTHPORT AVE,"2150 N SOUTHPORT AVE Chicago, IL.",41.92080034,-87.66325909
1826 N CLARK ST,"1826 N CLARK ST Chicago, IL.",41.91571804,-87.63450451
61 E HUBBARD ST,"61 E HUBBARD ST Chicago, IL.",41.89001782,-87.62720303
740 N FRANKLIN ST,"740 N FRANKLIN ST Chicago, IL.",41.8956989,-87.63575389
68 W HUBBARD ST,"68 W HUBBARD ST Chicago, IL.",41.89008669,-87.63027122
300 W ONTARIO ST,"300 W ONTARIO ST Chicago, IL.",41.89322244,-87.63569022
166 W HUBBARD ST,"166 W HUBBARD ST Chicago, IL.",41.89005141,-87.63309272
3540 N CLARK ST,"3540 N CLARK ST Chicago, IL.",41.94650991,-87.65604988
1529 W IRVING PARK RD,"1529 W IRVING PARK RD Chicago, IL.",41.95424324,-87.66798722
860 W ROOSEVELT RD,"860 W ROOSEVELT RD Chicago, IL.",41.8671922,-87.6482269
952 W ROOSEVELT RD,"952 W ROOSEVELT RD Chicago, IL.",41.86715845,-87.65005547
3411 N HALSTED ST,"3411 N HALSTED ST Chicago, IL.",41.94402223,-87.64930888
1144 W BELMONT AVE,"1144 W BELMONT AVE Chicago, IL.",41.93991443,-87.6579961
989 W ROOSEVELT RD,"989 W ROOSEVELT RD Chicago, IL.",41.86703506,-87.65081172
923 W ROOSEVELT RD,"923 W ROOSEVELT RD Chicago, IL.",41.86705248,-87.64976294
2154 N LINCOLN AVE,"2154 N LINCOLN AVE Chicago, IL.",41.92111587,-87.64282205
827 S WABASH AVE,"827 S WABASH AVE Chicago, IL.",41.87147677,-87.62585432
2101 N LINCOLN AVE,"2101 N LINCOLN AVE Chicago, IL.",41.92069616,-87.64201847
619 S WABASH AVE,"619 S WABASH AVE Chicago, IL.",41.87389393,-87.62590489
505 E ILLINOIS ST,"505 E ILLINOIS ST Chicago, IL.",41.89120497,-87.61101694
156 N FRANKLIN ST,"156 N FRANKLIN ST Chicago, IL.",41.8849429,-87.63546917
218 N FRANKLIN ST,"218 N FRANKLIN ST Chicago, IL.",41.88596308,-87.63545256
170 S WACKER DR,"170 S WACKER DR Chicago, IL.",41.87973621,-87.6370408
200 S WACKER DR,"200 S WACKER DR Chicago, IL.",41.87929189,-87.63702989
161 S WACKER DR,"161 S WACKER DR Chicago, IL.",41.87985952,-87.63664034
1 S WACKER DR,"1 S WACKER DR Chicago, IL.",41.88173283,-87.6366825
1 N WACKER DR,"1 N WACKER DR Chicago, IL.",41.88197385,-87.63669022
2700 N HALSTED ST,"2700 N HALSTED ST Chicago, IL.",41.93160577,-87.64904843
57 E ONTARIO ST,"57 E ONTARIO ST Chicago, IL.",41.8932428,-87.62649157
218 W KINZIE ST,"218 W KINZIE ST Chicago, IL.",41.88921641,-87.63441193
630 S PLYMOUTH CT,"630 S PLYMOUTH CT Chicago, IL.",41.8741748,-87.62875749
658 S PLYMOUTH CT,"658 S PLYMOUTH CT Chicago, IL.",41.87388432,-87.62875182
678 S PLYMOUTH CT,"678 S PLYMOUTH CT Chicago, IL.",41.87367684,-87.62874777
1837 N CLARK ST,"1837 N CLARK ST Chicago, IL.",41.914686,-87.63370109
1843 N CLARK ST,"1843 N CLARK ST Chicago, IL.",41.91469698,-87.633708
1991 N CLARK ST,"1991 N CLARK ST Chicago, IL.",41.91814742,-87.63583083
2626 N HALSTED ST,"2626 N HALSTED ST Chicago, IL.",41.92976381,-87.64898947
833 S STATE ST,"833 S STATE ST Chicago, IL.",41.87136927,-87.62736806
1620 N WELLS ST,"1620 N WELLS ST Chicago, IL.",41.91177174,-87.63480555
1119 W TAYLOR ST,"1119 W TAYLOR ST Chicago, IL.",41.86938621,-87.65497631
267 S COLUMBUS DR,"267 S COLUMBUS DR Chicago, IL.",41.87961968,-87.6206728
365 W JACKSON BLVD,"365 W JACKSON BLVD Chicago, IL.",41.87802004,-87.63710498
357 W JACKSON BLVD,"357 W JACKSON BLVD Chicago, IL.",41.87802097,-87.63705844
153 W JACKSON BLVD,"153 W JACKSON BLVD Chicago, IL.",41.87806843,-87.63295877
33 W JACKSON BLVD,"33 W JACKSON BLVD Chicago, IL.",41.87811385,-87.62900217
230 S COLUMBUS DR,"230 S COLUMBUS DR Chicago, IL.",41.8789102,-87.6208023
266 S COLUMBUS DR,"266 S COLUMBUS DR Chicago, IL.",41.87862981,-87.62079212
362 S COLUMBUS DR,"362 S COLUMBUS DR Chicago, IL.",41.87755793,-87.62073284
1244 S WABASH AVE,"1244 S WABASH AVE Chicago, IL.",41.8678722,-87.62590788
1260 S WABASH AVE,"1260 S WABASH AVE Chicago, IL.",41.86777724,-87.6259045
2007 S MICHIGAN AVE,"2007 S MICHIGAN AVE Chicago, IL.",41.85536782,-87.62379804
2011 S MICHIGAN AVE,"2011 S MICHIGAN AVE Chicago, IL.",41.85532327,-87.62379721
88 E 13TH ST,"88 E 13TH ST Chicago, IL.",41.86583226,-87.62509588
2134 S MICHIGAN AVE,"2134 S MICHIGAN AVE Chicago, IL.",41.85380134,-87.62391788
2247 N LINCOLN AVE,"2247 N LINCOLN AVE Chicago, IL.",41.92289005,-87.64507843
2226 N SHEFFIELD AVE,"2226 N SHEFFIELD AVE Chicago, IL.",41.92244412,-87.65359146
118 N PEORIA ST,"118 N PEORIA ST Chicago, IL.",41.88338629,-87.64982104
222 W ADAMS ST,"222 W ADAMS ST Chicago, IL.",41.87944184,-87.63413165
1415 W 18TH ST,"1415 W 18TH ST Chicago, IL.",41.85780086,-87.66237211
1237 S HALSTED ST,"1237 S HALSTED ST Chicago, IL.",41.86575121,-87.64679962
3588 N BROADWAY ST,"3588 N BROADWAY ST Chicago, IL.",41.9464273,-87.64679995
2830 N BROADWAY ST,"2830 N BROADWAY ST Chicago, IL.",41.93367719,-87.64470379
2058 N LINCOLN AVE,"2058 N LINCOLN AVE Chicago, IL.",41.91933403,-87.64032983
1132 W BELMONT AVE,"1132 W BELMONT AVE Chicago, IL.",41.93991443,-87.65767621
1416 W FULLERTON AVE,"1416 W FULLERTON AVE Chicago, IL.",41.92526244,-87.66449823
1808 N HALSTED ST,"1808 N HALSTED ST Chicago, IL.",41.91405656,-87.64844369
3355 N SOUTHPORT AVE,"3355 N SOUTHPORT AVE Chicago, IL.",41.9428129,-87.66382294
3357 N SOUTHPORT AVE,"3357 N SOUTHPORT AVE Chicago, IL.",41.942838,-87.66382376
3256 N CLARK ST,"3256 N CLARK ST Chicago, IL.",41.94095922,-87.65157732
2858 N CLARK ST,"2858 N CLARK ST Chicago, IL.",41.93422723,-87.64612752
68 E GRAND AVE,"68 E GRAND AVE Chicago, IL.",41.89175944,-87.62586604
44 N GARLAND CT,"44 N GARLAND CT Chicago, IL.",41.88260282,-87.62542265
1242 N WELLS ST,"1242 N WELLS ST Chicago, IL.",41.90506693,-87.6346001
541 N WELLS ST,"541 N WELLS ST Chicago, IL.",41.89174915,-87.63399738
854 W ARMITAGE AVE,"854 W ARMITAGE AVE Chicago, IL.",41.91820644,-87.65047194
353 W JACKSON BLVD,"353 W JACKSON BLVD Chicago, IL.",41.87802143,-87.63703517
644 N WELLS ST,"644 N WELLS ST Chicago, IL.",41.89376307,-87.63420334
162 E RANDOLPH ST,"162 E RANDOLPH ST Chicago, IL.",41.88452844,-87.62384575
514 N KINGSBURY ST,"514 N KINGSBURY ST Chicago, IL.",41.89098061,-87.6395538
602 S LOOMIS ST,"602 S LOOMIS ST Chicago, IL.",41.8740352,-87.66185907
836 S LOOMIS ST,"836 S LOOMIS ST Chicago, IL.",41.87063701,-87.66175627
2114 S INDIANA AVE,"2114 S INDIANA AVE Chicago, IL.",41.85407748,-87.62241127
441 E ONTARIO ST,"441 E ONTARIO ST Chicago, IL.",41.89339718,-87.61663004
247 E ONTARIO ST,"247 E ONTARIO ST Chicago, IL.",41.89332434,-87.62135037
403 E ERIE ST,"403 E ERIE ST Chicago, IL.",41.89418074,-87.61815893
1431 S HALSTED ST,"1431 S HALSTED ST Chicago, IL.",41.86268263,-87.64671085
394 E HURON ST,"394 E HURON ST Chicago, IL.",41.89508947,-87.61892693
393 E HURON ST,"393 E HURON ST Chicago, IL.",41.89496874,-87.61937852
440 E ERIE ST,"440 E ERIE ST Chicago, IL.",41.89431916,-87.6168099
383 E SUPERIOR ST,"383 E SUPERIOR ST Chicago, IL.",41.89577705,-87.61828527
389 E SUPERIOR ST,"389 E SUPERIOR ST Chicago, IL.",41.89577751,-87.61826215
376 E CHICAGO AVE,"376 E CHICAGO AVE Chicago, IL.",41.89660137,-87.63792801
251 E PEARSON ST,"251 E PEARSON ST Chicago, IL.",41.8975721,-87.62099366
40 E WALTON ST,"40 E WALTON ST Chicago, IL.",41.90004554,-87.62523098
51 E OAK ST,"51 E OAK ST Chicago, IL.",41.90071394,-87.62677532
116 E OAK ST,"116 E OAK ST Chicago, IL.",41.90085444,-87.62506477
110 E OAK ST,"110 E OAK ST Chicago, IL.",41.90085092,-87.62532243
40 E OAK ST,"40 E OAK ST Chicago, IL.",41.90082631,-87.62693523
34 E OAK ST,"34 E OAK ST Chicago, IL.",41.9008246,-87.62706085
30 E OAK ST,"30 E OAK ST Chicago, IL.",41.90082346,-87.62714459
8 W OAK ST,"8 W OAK ST Chicago, IL.",41.90064744,-87.62861565
389 W WASHINGTON ST,"389 W WASHINGTON ST Chicago, IL.",41.88314485,-87.63658718
126 W ELM ST,"126 W ELM ST Chicago, IL.",41.90318544,-87.63186172
58 W MAPLE ST,"58 W MAPLE ST Chicago, IL.",41.9019207,-87.63008092
54 W MAPLE ST,"54 W MAPLE ST Chicago, IL.",41.90192225,-87.63003054
2208 N SOUTHPORT AVE,"2208 N SOUTHPORT AVE Chicago, IL.",41.92181697,-87.6632801
2577 N CLARK ST,"2577 N CLARK ST Chicago, IL.",41.92964612,-87.64279611
346 W ARMITAGE AVE,"346 W ARMITAGE AVE Chicago, IL.",41.91839116,-87.63806663
416 W ROSCOE ST,"416 W ROSCOE ST Chicago, IL.",41.94341065,-87.64221399
2625 N CLARK ST,"2625 N CLARK ST Chicago, IL.",41.93037431,-87.64361831
2911 N CLARK ST,"2911 N CLARK ST Chicago, IL.",41.93521544,-87.64675286
3051 N CLARK ST,"3051 N CLARK ST Chicago, IL.",41.9371776,-87.6483381
3209 N CLARK ST,"3209 N CLARK ST Chicago, IL.",41.94018306,-87.65077294
3349 N CLARK ST,"3349 N CLARK ST Chicago, IL.",41.94305303,-87.6530952
3537 N CLARK ST,"3537 N CLARK ST Chicago, IL.",41.94628529,-87.65569045
929 W IRVING PARK RD,"929 W IRVING PARK RD Chicago, IL.",41.95445726,-87.65284705
3914 N BROADWAY ST,"3914 N BROADWAY ST Chicago, IL.",41.95322378,-87.64977316
3346 N HALSTED ST,"3346 N HALSTED ST Chicago, IL.",41.94291566,-87.6494382
2536 N CLARK ST,"2536 N CLARK ST Chicago, IL.",41.92885359,-87.64250349
2642 N HALSTED ST,"2642 N HALSTED ST Chicago, IL.",41.93014771,-87.64900235
2056 N HALSTED ST,"2056 N HALSTED ST Chicago, IL.",41.91920541,-87.64862259
1714 N HALSTED ST,"1714 N HALSTED ST Chicago, IL.",41.91283604,-87.64840882
1444 W FULLERTON AVE,"1444 W FULLERTON AVE Chicago, IL.",41.92525122,-87.66499085
17 N CANAL ST,"17 N CANAL ST Chicago, IL.",41.88213927,-87.63961327
94 E GRAND AVE,"94 E GRAND AVE Chicago, IL.",41.89176897,-87.62550698
464 W 26TH ST,"464 W 26TH ST Chicago, IL.",41.84547986,-87.63936825
1405 W TAYLOR ST,"1405 W TAYLOR ST Chicago, IL.",41.8692765,-87.66186901
883 W TAYLOR ST,"883 W TAYLOR ST Chicago, IL.",41.86947472,-87.64776785
1572 W TAYLOR ST,"1572 W TAYLOR ST Chicago, IL.",41.86934176,-87.66487753
2347 S WENTWORTH AVE,"2347 S WENTWORTH AVE Chicago, IL.",41.84986029,-87.63186844
2339 S WENTWORTH AVE,"2339 S WENTWORTH AVE Chicago, IL.",41.84995885,-87.63187069
2323 S WENTWORTH AVE,"2323 S WENTWORTH AVE Chicago, IL.",41.85040489,-87.63188287
2229 S WENTWORTH AVE,"2229 S WENTWORTH AVE Chicago, IL.",41.85201319,-87.63191907
2143 S PRINCETON AVE,"2143 S PRINCETON AVE Chicago, IL.",41.853999,-87.6359569
2108 S PRINCETON AVE,"2108 S PRINCETON AVE Chicago, IL.",41.85420152,-87.63610219
1161 S CANAL ST,"1161 S CANAL ST Chicago, IL.",41.86776963,-87.63913244
320 S JEFFERSON ST,"320 S JEFFERSON ST Chicago, IL.",41.87770598,-87.64260548
308 S JEFFERSON ST,"308 S JEFFERSON ST Chicago, IL.",41.87784784,-87.64260849
232 S JEFFERSON ST,"232 S JEFFERSON ST Chicago, IL.",41.8790481,-87.64264833
607 W MADISON ST,"607 W MADISON ST Chicago, IL.",41.88177685,-87.64281762
617 W MADISON ST,"617 W MADISON ST Chicago, IL.",41.88177685,-87.64295164
29 S DESPLAINES ST,"29 S DESPLAINES ST Chicago, IL.",41.8810587,-87.64402363
217 S DESPLAINES ST,"217 S DESPLAINES ST Chicago, IL.",41.8791183,-87.64395989
1254 S CLINTON ST,"1254 S CLINTON ST Chicago, IL.",41.86596521,-87.64076
1264 S CLINTON ST,"1264 S CLINTON ST Chicago, IL.",41.86573907,-87.64075236
1401 S JEFFERSON ST,"1401 S JEFFERSON ST Chicago, IL.",41.863626,-87.64198989
1137 S JEFFERSON ST,"1137 S JEFFERSON ST Chicago, IL.",41.86802042,-87.64214036
920 S JEFFERSON ST,"920 S JEFFERSON ST Chicago, IL.",41.87034453,-87.64236755
817 S JEFFERSON ST,"817 S JEFFERSON ST Chicago, IL.",41.87183485,-87.64226348
708 S JEFFERSON ST,"708 S JEFFERSON ST Chicago, IL.",41.87333622,-87.64246927
692 S JEFFERSON ST,"692 S JEFFERSON ST Chicago, IL.",41.8736831,-87.64247948
676 S JEFFERSON ST,"676 S JEFFERSON ST Chicago, IL.",41.87379301,-87.6424826
1336 W TAYLOR ST,"1336 W TAYLOR ST Chicago, IL.",41.869412,-87.66069574
271 S ASHLAND AVE,"271 S ASHLAND AVE Chicago, IL.",41.87801325,-87.66654545
227 S ASHLAND AVE,"227 S ASHLAND AVE Chicago, IL.",41.87853495,-87.66656139
223 S ASHLAND AVE,"223 S ASHLAND AVE Chicago, IL.",41.87858245,-87.66656228
107 S ASHLAND AVE,"107 S ASHLAND AVE Chicago, IL.",41.8800424,-87.66660067
1331 W FULTON ST,"1331 W FULTON ST Chicago, IL.",41.88655636,-87.66100963
1325 W FULTON ST,"1325 W FULTON ST Chicago, IL.",41.88655747,-87.66098131
1237 W FULTON ST,"1237 W FULTON ST Chicago, IL.",41.88660458,-87.65760951
1231 W FULTON ST,"1231 W FULTON ST Chicago, IL.",41.88660628,-87.65749302
1229 W FULTON ST,"1229 W FULTON ST Chicago, IL.",41.88660685,-87.65745419
1221 W FULTON ST,"1221 W FULTON ST Chicago, IL.",41.88660912,-87.65729887
307 N ELIZABETH ST,"307 N ELIZABETH ST Chicago, IL.",41.88725305,-87.65882973
238 N ELIZABETH ST,"238 N ELIZABETH ST Chicago, IL.",41.88571227,-87.65894192
1365 W RANDOLPH ST,"1365 W RANDOLPH ST Chicago, IL.",41.88445825,-87.66394722
1123 W RANDOLPH ST,"1123 W RANDOLPH ST Chicago, IL.",41.88409791,-87.65525196
128 N GREEN ST,"128 N GREEN ST Chicago, IL.",41.88360385,-87.6486576
120 N GREEN ST,"120 N GREEN ST Chicago, IL.",41.88348241,-87.64865325
64 N GREEN ST,"64 N GREEN ST Chicago, IL.",41.88260679,-87.64862912
25 S PEORIA ST,"25 S PEORIA ST Chicago, IL.",41.88136448,-87.64960924
15 S PEORIA ST,"15 S PEORIA ST Chicago, IL.",41.88148046,-87.64961166
9 S PEORIA ST,"9 S PEORIA ST Chicago, IL.",41.88155118,-87.64961419
49 N PEORIA ST,"49 N PEORIA ST Chicago, IL.",41.8825572,-87.64964357
209 N GREEN ST,"209 N GREEN ST Chicago, IL.",41.88575419,-87.64856724
939 W FULTON MARKET,"939 W FULTON MARKET Chicago, IL.",41.8866924,-87.65119953
945 W FULTON MARKET,"945 W FULTON MARKET Chicago, IL.",41.8866902,-87.6512914
354 N MORGAN ST,"354 N MORGAN ST Chicago, IL.",41.88875241,-87.65230671
350 N MORGAN ST,"350 N MORGAN ST Chicago, IL.",41.88873541,-87.6523061
320 N MORGAN ST,"320 N MORGAN ST Chicago, IL.",41.88860792,-87.65230155
270 N MORGAN ST,"270 N MORGAN ST Chicago, IL.",41.88656799,-87.65224649
250 N MORGAN ST,"250 N MORGAN ST Chicago, IL.",41.88648711,-87.65224524
179 N MORGAN ST,"179 N MORGAN ST Chicago, IL.",41.88528939,-87.65205442
132 N MORGAN ST,"132 N MORGAN ST Chicago, IL.",41.88502353,-87.65219913
932 W WASHINGTON BLVD,"932 W WASHINGTON BLVD Chicago, IL.",41.88313826,-87.65101043
845 W WASHINGTON BLVD,"845 W WASHINGTON BLVD Chicago, IL.",41.88305983,-87.64882802
183 W HUBBARD ST,"183 W HUBBARD ST Chicago, IL.",41.88995019,-87.63218482
1739 N CLARK ST,"1739 N CLARK ST Chicago, IL.",41.91450661,-87.63358825
2441 N CLARK ST,"2441 N CLARK ST Chicago, IL.",41.92663134,-87.64103161
2907 N CLARK ST,"2907 N CLARK ST Chicago, IL.",41.93509478,-87.64665513
3133 N CLARK ST,"3133 N CLARK ST Chicago, IL.",41.93908985,-87.64988386
3141 N CLARK ST,"3141 N CLARK ST Chicago, IL.",41.93919361,-87.64996854
3267 N CLARK ST,"3267 N CLARK ST Chicago, IL.",41.94119204,-87.6515854
3313 N CLARK ST,"3313 N CLARK ST Chicago, IL.",41.94207794,-87.65230589
3415 N CLARK ST,"3415 N CLARK ST Chicago, IL.",41.94409984,-87.65392126
3724 N CLARK ST,"3724 N CLARK ST Chicago, IL.",41.94960985,-87.658542
3550 N CLARK ST,"3550 N CLARK ST Chicago, IL.",41.94661554,-87.65613479
3751 N HALSTED ST,"3751 N HALSTED ST Chicago, IL.",41.9504643,-87.64951596
3951 N BROADWAY ST,"3951 N BROADWAY ST Chicago, IL.",41.95399767,-87.65008433
3748 N SOUTHPORT AVE,"3748 N SOUTHPORT AVE Chicago, IL.",41.94978352,-87.66416813
3720 N SOUTHPORT AVE,"3720 N SOUTHPORT AVE Chicago, IL.",41.94929684,-87.66415405
3718 N SOUTHPORT AVE,"3718 N SOUTHPORT AVE Chicago, IL.",41.94926207,-87.66415305
3424 N SOUTHPORT AVE,"3424 N SOUTHPORT AVE Chicago, IL.",41.9441526,-87.6640158
1349 W BELMONT AVE,"1349 W BELMONT AVE Chicago, IL.",41.93973192,-87.66224
1111 W BELMONT AVE,"1111 W BELMONT AVE Chicago, IL.",41.93980884,-87.65698934
1053 W BELMONT AVE,"1053 W BELMONT AVE Chicago, IL.",41.93982363,-87.65606537
1001 W BELMONT AVE,"1001 W BELMONT AVE Chicago, IL.",41.93984297,-87.65479017
859 W BELMONT AVE,"859 W BELMONT AVE Chicago, IL.",41.93989592,-87.65129309
853 W BELMONT AVE,"853 W BELMONT AVE Chicago, IL.",41.93989649,-87.65127296
3182 N CLARK ST,"3182 N CLARK ST Chicago, IL.",41.93966551,-87.65053384
3168 N CLARK ST,"3168 N CLARK ST Chicago, IL.",41.93947221,-87.6503761
3130 N CLARK ST,"3130 N CLARK ST Chicago, IL.",41.93884139,-87.64986194
2908 N CLARK ST,"2908 N CLARK ST Chicago, IL.",41.93522591,-87.64694119
615 W DIVERSEY PKWY,"615 W DIVERSEY PKWY Chicago, IL.",41.9327595,-87.64425754
507 W DIVERSEY PKWY,"507 W DIVERSEY PKWY Chicago, IL.",41.93280079,-87.64194896
485 W DIVERSEY PKWY,"485 W DIVERSEY PKWY Chicago, IL.",41.93282993,-87.64099783
473 W DIVERSEY PKWY,"473 W DIVERSEY PKWY Chicago, IL.",41.93283408,-87.64076969
465 W DIVERSEY PKWY,"465 W DIVERSEY PKWY Chicago, IL.",41.93283685,-87.6406176
1463 W 19TH ST,"1463 W 19TH ST Chicago, IL.",41.85599186,-87.66217828
1291 W 18TH ST,"1291 W 18TH ST Chicago, IL.",41.85785486,-87.65873422
367 W ADAMS ST,"367 W ADAMS ST Chicago, IL.",41.87928606,-87.63725832
517 W ADAMS ST,"517 W ADAMS ST Chicago, IL.",41.87923284,-87.64128642
2011 S ARCHER AVE,"2011 S ARCHER AVE Chicago, IL.",41.85516911,-87.62991544
226 S COLUMBUS DR,"226 S COLUMBUS DR Chicago, IL.",41.87894094,-87.62080339
250 S COLUMBUS DR,"250 S COLUMBUS DR Chicago, IL.",41.87875693,-87.62079771
1912 S STATE ST,"1912 S STATE ST Chicago, IL.",41.85637348,-87.62724459
2102 S STATE ST,"2102 S STATE ST Chicago, IL.",41.85416645,-87.62718751
383 S COLUMBUS DR,"383 S COLUMBUS DR Chicago, IL.",41.87732913,-87.62057248
369 S COLUMBUS DR,"369 S COLUMBUS DR Chicago, IL.",41.87749097,-87.62057703
365 S COLUMBUS DR,"365 S COLUMBUS DR Chicago, IL.",41.87753721,-87.62057833
213 N STETSON AVE,"213 N STETSON AVE Chicago, IL.",41.88669985,-87.62224779
118 S CLINTON ST,"118 S CLINTON ST Chicago, IL.",41.88040836,-87.64122413
142 S CLINTON ST,"142 S CLINTON ST Chicago, IL.",41.88027923,-87.6412207
150 S CLINTON ST,"150 S CLINTON ST Chicago, IL.",41.88023389,-87.64122044
209 W JACKSON BLVD,"209 W JACKSON BLVD Chicago, IL.",41.8780591,-87.63406023
53 W JACKSON BLVD,"53 W JACKSON BLVD Chicago, IL.",41.87810485,-87.6296368
379 E WACKER DR,"379 E WACKER DR Chicago, IL.",41.88754027,-87.61827882
383 E WACKER DR,"383 E WACKER DR Chicago, IL.",41.88753329,-87.61815502
389 E WACKER DR,"389 E WACKER DR Chicago, IL.",41.88752281,-87.61796932
606 W ROOSEVELT RD,"606 W ROOSEVELT RD Chicago, IL.",41.86727544,-87.64234538
2329 S MICHIGAN AVE,"2329 S MICHIGAN AVE Chicago, IL.",41.85026319,-87.6236634
980 W ROOSEVELT RD,"980 W ROOSEVELT RD Chicago, IL.",41.8671524,-87.65061455
1613 S MICHIGAN AVE,"1613 S MICHIGAN AVE Chicago, IL.",41.86000422,-87.62390487
1605 S MICHIGAN AVE,"1605 S MICHIGAN AVE Chicago, IL.",41.86008791,-87.62390693
1836 S WABASH AVE,"1836 S WABASH AVE Chicago, IL.",41.85738561,-87.62567777
1430 W LAKE ST,"1430 W LAKE ST Chicago, IL.",41.88545544,-87.66328978
1436 W LAKE ST,"1436 W LAKE ST Chicago, IL.",41.88545544,-87.66337105
254 E RANDOLPH ST,"254 E RANDOLPH ST Chicago, IL.",41.88457344,-87.62143127
159 N FRANKLIN ST,"159 N FRANKLIN ST Chicago, IL.",41.88545741,-87.63529964
806 W BELMONT AVE,"806 W BELMONT AVE Chicago, IL.",41.94003143,-87.64956311
3337 N HALSTED ST,"3337 N HALSTED ST Chicago, IL.",41.94279331,-87.64928127
3459 N HALSTED ST,"3459 N HALSTED ST Chicago, IL.",41.94495153,-87.64933886
1561 N WELLS ST,"1561 N WELLS ST Chicago, IL.",41.91040839,-87.6346073
1210 N HALSTED ST,"1210 N HALSTED ST Chicago, IL.",41.90381988,-87.64818178
1236 N HALSTED ST,"1236 N HALSTED ST Chicago, IL.",41.9041424,-87.64819072
1172 N MILWAUKEE AVE,"1172 N MILWAUKEE AVE Chicago, IL.",41.90294195,-87.66595122
1106 W HUBBARD ST,"1106 W HUBBARD ST Chicago, IL.",41.89006344,-87.65533492
1040 W BELMONT AVE,"1040 W BELMONT AVE Chicago, IL.",41.939945,-87.65547196
3419 N SOUTHPORT AVE,"3419 N SOUTHPORT AVE Chicago, IL.",41.94406578,-87.66385922
2937 N CLARK ST,"2937 N CLARK ST Chicago, IL.",41.93575953,-87.64719335
3413 N CLARK ST,"3413 N CLARK ST Chicago, IL.",41.94403814,-87.6538728
3948 N SOUTHPORT AVE,"3948 N SOUTHPORT AVE Chicago, IL.",41.9534239,-87.66427137
3706 N SOUTHPORT AVE,"3706 N SOUTHPORT AVE Chicago, IL.",41.94905365,-87.6641478
1003 N DEARBORN ST,"1003 N DEARBORN ST Chicago, IL.",41.900655,-87.6298151
1850 N CLYBOURN AVE,"1850 N CLYBOURN AVE Chicago, IL.",41.91469282,-87.65489897
1848 N CLYBOURN AVE,"1848 N CLYBOURN AVE Chicago, IL.",41.91465278,-87.6548433
316 W GRAND AVE,"316 W GRAND AVE Chicago, IL.",41.89161012,-87.63607073
325 W OHIO ST,"325 W OHIO ST Chicago, IL.",41.89230579,-87.63599091
328 E RANDOLPH ST,"328 E RANDOLPH ST Chicago, IL.",41.88457344,-87.62001244
3625 N HALSTED ST,"3625 N HALSTED ST Chicago, IL.",41.94788966,-87.64942939
3542 N HALSTED ST,"3542 N HALSTED ST Chicago, IL.",41.94657555,-87.64954172
2703 N HALSTED ST,"2703 N HALSTED ST Chicago, IL.",41.93163059,-87.64889529
2300 N LINCOLN AVE,"2300 N LINCOLN AVE Chicago, IL.",41.92366449,-87.64638712
1282 S HALSTED ST,"1282 S HALSTED ST Chicago, IL.",41.86612281,-87.64696301
1346 S HALSTED ST,"1346 S HALSTED ST Chicago, IL.",41.86411026,-87.64690636
1032 W LAKE ST,"1032 W LAKE ST Chicago, IL.",41.88561744,-87.65341397
1040 W LAKE ST,"1040 W LAKE ST Chicago, IL.",41.88561744,-87.65353303
843 W WASHINGTON BLVD,"843 W WASHINGTON BLVD Chicago, IL.",41.88306031,-87.64879736
806 N DEARBORN ST,"806 N DEARBORN ST Chicago, IL.",41.896789,-87.62985372
1115 N CLARK ST,"1115 N CLARK ST Chicago, IL.",41.90229321,-87.6313242
1553 W DIVISION ST,"1553 W DIVISION ST Chicago, IL.",41.90329585,-87.66689102
1409 W ERIE ST,"1409 W ERIE ST Chicago, IL.",41.89335027,-87.66271617
1359 W HUBBARD ST,"1359 W HUBBARD ST Chicago, IL.",41.88988585,-87.66126543
1236 W HUBBARD ST,"1236 W HUBBARD ST Chicago, IL.",41.89003017,-87.65859527
1116 W TAYLOR ST,"1116 W TAYLOR ST Chicago, IL.",41.8695029,-87.65491688
3733 N CLARK ST,"3733 N CLARK ST Chicago, IL.",41.94955838,-87.65831976
3754 N SOUTHPORT AVE,"3754 N SOUTHPORT AVE Chicago, IL.",41.94988781,-87.66417115
3716 N SOUTHPORT AVE,"3716 N SOUTHPORT AVE Chicago, IL.",41.94922748,-87.66415214
3505 N SOUTHPORT AVE,"3505 N SOUTHPORT AVE Chicago, IL.",41.94540969,-87.66389495
962 W BELMONT AVE,"962 W BELMONT AVE Chicago, IL.",41.93997743,-87.65367644
933 W BELMONT AVE,"933 W BELMONT AVE Chicago, IL.",41.93987343,-87.65280963
3457 N HALSTED ST,"3457 N HALSTED ST Chicago, IL.",41.94492871,-87.64933831
3930 N SOUTHPORT AVE,"3930 N SOUTHPORT AVE Chicago, IL.",41.95310939,-87.66426222
3906 N SOUTHPORT AVE,"3906 N SOUTHPORT AVE Chicago, IL.",41.95269023,-87.66425122
3600 N SOUTHPORT AVE,"3600 N SOUTHPORT AVE Chicago, IL.",41.94712238,-87.66409565
3540 N SOUTHPORT AVE,"3540 N SOUTHPORT AVE Chicago, IL.",41.9462939,-87.66407096
3409 N SOUTHPORT AVE,"3409 N SOUTHPORT AVE Chicago, IL.",41.94365567,-87.66384742
3443 N SOUTHPORT AVE,"3443 N SOUTHPORT AVE Chicago, IL.",41.94458207,-87.66387054
3455 N HALSTED ST,"3455 N HALSTED ST Chicago, IL.",41.9449059,-87.64933776
3796 N SOUTHPORT AVE,"3796 N SOUTHPORT AVE Chicago, IL.",41.95061805,-87.66419101
3355 N HALSTED ST,"3355 N HALSTED ST Chicago, IL.",41.94301639,-87.64928581
3605 N HALSTED ST,"3605 N HALSTED ST Chicago, IL.",41.94744895,-87.64941296
2029 N HALSTED ST,"2029 N HALSTED ST Chicago, IL.",41.91872152,-87.64845255
1830 N HALSTED ST,"1830 N HALSTED ST Chicago, IL.",41.91452635,-87.64844724
1620 N HALSTED ST,"1620 N HALSTED ST Chicago, IL.",41.91179064,-87.64837554
1536 N CLARK ST,"1536 N CLARK ST Chicago, IL.",41.91062762,-87.63173157
3801 N BROADWAY ,"3801 N BROADWAY  Chicago, IL.",41.95125372,-87.64954375
808 W TAYLOR ST,"808 W TAYLOR ST Chicago, IL.",41.86971444,-87.64730043
10 S WELLS ST,"10 S WELLS ST Chicago, IL.",41.88119389,-87.6338857
159 W VAN BUREN ST,"159 W VAN BUREN ST Chicago, IL.",41.87680473,-87.63328534
161 W VAN BUREN ST,"161 W VAN BUREN ST Chicago, IL.",41.87680434,-87.63330194
179 W VAN BUREN ST,"179 W VAN BUREN ST Chicago, IL.",41.87680082,-87.63345135
412 S WELLS ST,"412 S WELLS ST Chicago, IL.",41.87665891,-87.63376595
3510 N CLARK ST,"3510 N CLARK ST Chicago, IL.",41.94583246,-87.65550545
1200 W BELMONT AVE,"1200 W BELMONT AVE Chicago, IL.",41.93989477,-87.65904743
457 E ILLINOIS ST,"457 E ILLINOIS ST Chicago, IL.",41.89101838,-87.61625181
463 E ILLINOIS ST,"463 E ILLINOIS ST Chicago, IL.",41.89102097,-87.6161086
3159 N SOUTHPORT AVE,"3159 N SOUTHPORT AVE Chicago, IL.",41.93923013,-87.66372304
3052 N SOUTHPORT AVE,"3052 N SOUTHPORT AVE Chicago, IL.",41.9373285,-87.66381587
2982 N SOUTHPORT AVE,"2982 N SOUTHPORT AVE Chicago, IL.",41.9359248,-87.6637565
2445 N SOUTHPORT AVE,"2445 N SOUTHPORT AVE Chicago, IL.",41.9262903,-87.66328639
2436 N SOUTHPORT AVE,"2436 N SOUTHPORT AVE Chicago, IL.",41.92618641,-87.66343763
2240 N SOUTHPORT AVE,"2240 N SOUTHPORT AVE Chicago, IL.",41.92236685,-87.6632999
2226 N SOUTHPORT AVE,"2226 N SOUTHPORT AVE Chicago, IL.",41.92212607,-87.6632913
3549 N SOUTHPORT AVE,"3549 N SOUTHPORT AVE Chicago, IL.",41.94641253,-87.66391973
3842 N SOUTHPORT AVE,"3842 N SOUTHPORT AVE Chicago, IL.",41.95194848,-87.6642319
3901 N SOUTHPORT AVE,"3901 N SOUTHPORT AVE Chicago, IL.",41.95258746,-87.6640946
3508 N CLARK ST,"3508 N CLARK ST Chicago, IL.",41.94579112,-87.65547217
1215 W TAYLOR ST,"1215 W TAYLOR ST Chicago, IL.",41.8693298,-87.65847536
2638 N LINCOLN AVE,"2638 N LINCOLN AVE Chicago, IL.",41.92982488,-87.65500433
3130 N LINCOLN AVE,"3130 N LINCOLN AVE Chicago, IL.",41.93841375,-87.66702168
3051 N LINCOLN AVE,"3051 N LINCOLN AVE Chicago, IL.",41.93705961,-87.66490789
2534 N LINCOLN AVE,"2534 N LINCOLN AVE Chicago, IL.",41.92794679,-87.65237594
2129 N HALSTED ST,"2129 N HALSTED ST Chicago, IL.",41.92054205,-87.64851588
2373 N HALSTED ST,"2373 N HALSTED ST Chicago, IL.",41.92437156,-87.6486446
3419 N HALSTED ST,"3419 N HALSTED ST Chicago, IL.",41.94430459,-87.64931823
2237 N HALSTED ST,"2237 N HALSTED ST Chicago, IL.",41.92250245,-87.64858016
696 W ARMITAGE AVE,"696 W ARMITAGE AVE Chicago, IL.",41.91830544,-87.64418507
248 S COLUMBUS DR,"248 S COLUMBUS DR Chicago, IL.",41.87877231,-87.6207981
446 S COLUMBUS DR,"446 S COLUMBUS DR Chicago, IL.",41.87658713,-87.62070883
526 S COLUMBUS DR,"526 S COLUMBUS DR Chicago, IL.",41.87526517,-87.6206692
1212 W BELMONT AVE,"1212 W BELMONT AVE Chicago, IL.",41.93988639,-87.65946689
3018 N CLARK ST,"3018 N CLARK ST Chicago, IL.",41.93668919,-87.6481228
510 W ADAMS ST,"510 W ADAMS ST Chicago, IL.",41.87934175,-87.64180174
825 W TAYLOR ST,"825 W TAYLOR ST Chicago, IL.",41.86942929,-87.6500913
1461 W WEBSTER AVE,"1461 W WEBSTER AVE Chicago, IL.",41.92154785,-87.66550909
2269 N CLYBOURN AVE,"2269 N CLYBOURN AVE Chicago, IL.",41.9230476,-87.6662849
888 W HARRISON ST,"888 W HARRISON ST Chicago, IL.",41.87440977,-87.6498763
3923 N ASHLAND AVE,"3923 N ASHLAND AVE Chicago, IL.",41.95319505,-87.66894099
955 W IRVING PARK RD,"955 W IRVING PARK RD Chicago, IL.",41.95444838,-87.6534485
942 W LAKE ST,"942 W LAKE ST Chicago, IL.",41.88565316,-87.65123281
3934 N SHERIDAN RD,"3934 N SHERIDAN RD Chicago, IL.",41.95375879,-87.65460229
1361 W WASHINGTON BLVD,"1361 W WASHINGTON BLVD Chicago, IL.",41.88285687,-87.66145503
3650 N CLARK ST,"3650 N CLARK ST Chicago, IL.",41.94843288,-87.65759528
3264 N CLARK ST,"3264 N CLARK ST Chicago, IL.",41.94109832,-87.65168948
3252 N CLARK ST,"3252 N CLARK ST Chicago, IL.",41.94088968,-87.65152125
854 W BELMONT AVE,"854 W BELMONT AVE Chicago, IL.",41.94002243,-87.65035508
1150 W BELMONT AVE,"1150 W BELMONT AVE Chicago, IL.",41.93991189,-87.65809816
717 W 18TH ST,"717 W 18TH ST Chicago, IL.",41.85750555,-87.64552861
1503 W 18TH ST,"1503 W 18TH ST Chicago, IL.",41.85777386,-87.66391607
1509 S HALSTED ST,"1509 S HALSTED ST Chicago, IL.",41.86139325,-87.64667257
2133 N HALSTED ST,"2133 N HALSTED ST Chicago, IL.",41.92061194,-87.64851817
3341 N HALSTED ST,"3341 N HALSTED ST Chicago, IL.",41.94284296,-87.64928252
3611 N HALSTED ST,"3611 N HALSTED ST Chicago, IL.",41.94755764,-87.64941568
2912 N HALSTED ST,"2912 N HALSTED ST Chicago, IL.",41.93492072,-87.64916723
1826 N HALSTED ST,"1826 N HALSTED ST Chicago, IL.",41.91444084,-87.64844421
3215 N CLARK ST,"3215 N CLARK ST Chicago, IL.",41.9402876,-87.65085657
3222 N CLARK ST,"3222 N CLARK ST Chicago, IL.",41.94036806,-87.65110067
2733 N LINCOLN AVE,"2733 N LINCOLN AVE Chicago, IL.",41.93140724,-87.65698647
2757 N LINCOLN AVE,"2757 N LINCOLN AVE Chicago, IL.",41.93182622,-87.65757445
3026 N LINCOLN AVE,"3026 N LINCOLN AVE Chicago, IL.",41.93655991,-87.66443283
2932 N LINCOLN AVE,"2932 N LINCOLN AVE Chicago, IL.",41.9350215,-87.66226818
2740 N LINCOLN AVE,"2740 N LINCOLN AVE Chicago, IL.",41.93146414,-87.65728901
2446 N LINCOLN AVE,"2446 N LINCOLN AVE Chicago, IL.",41.9264721,-87.65031112
880 W TAYLOR ST,"880 W TAYLOR ST Chicago, IL.",41.8696884,-87.64872686
1875 N HALSTED ST,"1875 N HALSTED ST Chicago, IL.",41.91546999,-87.64832663
64 E HUBBARD ST,"64 E HUBBARD ST Chicago, IL.",41.89013285,-87.62716545
905 N DEARBORN ST,"905 N DEARBORN ST Chicago, IL.",41.89927807,-87.62976341
793 W TAYLOR ST,"793 W TAYLOR ST Chicago, IL.",41.8697568,-87.6465136
2827 N LINCOLN AVE,"2827 N LINCOLN AVE Chicago, IL.",41.93309113,-87.65934199
3047 N LINCOLN AVE,"3047 N LINCOLN AVE Chicago, IL.",41.93699008,-87.6648109
3072 N LINCOLN AVE,"3072 N LINCOLN AVE Chicago, IL.",41.93735952,-87.66554825
2319 N LINCOLN AVE,"2319 N LINCOLN AVE Chicago, IL.",41.92406113,-87.64671607
420 W ARMITAGE AVE,"420 W ARMITAGE AVE Chicago, IL.",41.91835944,-87.63985875
1125 W ARMITAGE AVE,"1125 W ARMITAGE AVE Chicago, IL.",41.91800597,-87.65643332
3463 N CLARK ST,"3463 N CLARK ST Chicago, IL.",41.94520658,-87.65481605
3234 N CLARK ST,"3234 N CLARK ST Chicago, IL.",41.94057671,-87.6512689
3442 N HALSTED ST,"3442 N HALSTED ST Chicago, IL.",41.94468709,-87.64948657
1935 N HALSTED ST,"1935 N HALSTED ST Chicago, IL.",41.9167519,-87.64837263
533 W JACKSON BLVD,"533 W JACKSON BLVD Chicago, IL.",41.87796985,-87.64136691
3647 N HALSTED ST,"3647 N HALSTED ST Chicago, IL.",41.94823821,-87.64943954
18 E KINZIE ST,"18 E KINZIE ST Chicago, IL.",41.88932138,-87.62731967
1910 S BLUE ISLAND AVE,"1910 S BLUE ISLAND AVE Chicago, IL.",41.85593747,-87.66289285
1529 W 18TH ST,"1529 W 18TH ST Chicago, IL.",41.85776212,-87.66487548
831 W TAYLOR ST,"831 W TAYLOR ST Chicago, IL.",41.86943148,-87.64985199
889 W HARRISON ST,"889 W HARRISON ST Chicago, IL.",41.8743105,-87.64891535
892 W HARRISON ST,"892 W HARRISON ST Chicago, IL.",41.87440862,-87.64994385
924 W HARRISON ST,"924 W HARRISON ST Chicago, IL.",41.87439801,-87.65048474
2409 S WENTWORTH AVE,"2409 S WENTWORTH AVE Chicago, IL.",41.84909892,-87.63185369
2243 S WENTWORTH AVE,"2243 S WENTWORTH AVE Chicago, IL.",41.85169203,-87.63191094
2212 S ARCHER AVE,"2212 S ARCHER AVE Chicago, IL.",41.85234908,-87.63602664
1538 W LAKE ST,"1538 W LAKE ST Chicago, IL.",41.88540681,-87.66604766
1020 W LAKE ST,"1020 W LAKE ST Chicago, IL.",41.88562813,-87.65294272
1261 S HALSTED ST,"1261 S HALSTED ST Chicago, IL.",41.86547025,-87.64678921
971 W ROOSEVELT RD,"971 W ROOSEVELT RD Chicago, IL.",41.867039,-87.65052647
674 S CANAL ST,"674 S CANAL ST Chicago, IL.",41.87350971,-87.63948134
684 S CANAL ST,"684 S CANAL ST Chicago, IL.",41.87339512,-87.63947697
500 W MADISON ST,"500 W MADISON ST Chicago, IL.",41.88194544,-87.6397627
772 W ROOSEVELT RD,"772 W ROOSEVELT RD Chicago, IL.",41.86722144,-87.6460816
2451 N LINCOLN AVE,"2451 N LINCOLN AVE Chicago, IL.",41.9265646,-87.65021784
120 S HALSTED ST,"120 S HALSTED ST Chicago, IL.",41.88021717,-87.64738974
2666 N LINCOLN AVE,"2666 N LINCOLN AVE Chicago, IL.",41.93031668,-87.65568959
834 W MONROE ST,"834 W MONROE ST Chicago, IL.",41.88054144,-87.64783029
1007 W ARMITAGE AVE,"1007 W ARMITAGE AVE Chicago, IL.",41.91804601,-87.65362914
1127 W ARMITAGE AVE,"1127 W ARMITAGE AVE Chicago, IL.",41.9180052,-87.65649575
2573 N CLARK ST,"2573 N CLARK ST Chicago, IL.",41.92956859,-87.64275107
3271 N CLARK ST,"3271 N CLARK ST Chicago, IL.",41.94126158,-87.65164148
1359 W TAYLOR ST,"1359 W TAYLOR ST Chicago, IL.",41.86929458,-87.66083801
3023 N CLARK ST,"3023 N CLARK ST Chicago, IL.",41.93680193,-87.64803422
948 W MONROE ST,"948 W MONROE ST Chicago, IL.",41.88047202,-87.65161862
11 S MORGAN ST,"11 S MORGAN ST Chicago, IL.",41.88114785,-87.65193406
47 N MORGAN ST,"47 N MORGAN ST Chicago, IL.",41.88234594,-87.65197162
37 N MORGAN ST,"37 N MORGAN ST Chicago, IL.",41.88221804,-87.65196811
115 N MORGAN ST,"115 N MORGAN ST Chicago, IL.",41.88343405,-87.65200464
1865 N HALSTED ST,"1865 N HALSTED ST Chicago, IL.",41.91525621,-87.64831906
1046 W GRAND AVE,"1046 W GRAND AVE Chicago, IL.",41.89119744,-87.65152821
1116 W GRAND AVE,"1116 W GRAND AVE Chicago, IL.",41.89116144,-87.65550095
1118 W GRAND AVE,"1118 W GRAND AVE Chicago, IL.",41.89116144,-87.65553656
1202 W GRAND AVE,"1202 W GRAND AVE Chicago, IL.",41.89113444,-87.65753572
1210 W GRAND AVE,"1210 W GRAND AVE Chicago, IL.",41.89113444,-87.65783377
543 N OGDEN AVE,"543 N OGDEN AVE Chicago, IL.",41.89211193,-87.65816454
3439 N HALSTED ST,"3439 N HALSTED ST Chicago, IL.",41.94472336,-87.64933334
3472 N HALSTED ST,"3472 N HALSTED ST Chicago, IL.",41.94507211,-87.64949587
723 N OGDEN AVE,"723 N OGDEN AVE Chicago, IL.",41.89619428,-87.65468082
1334 N HALSTED ST,"1334 N HALSTED ST Chicago, IL.",41.90554313,-87.64821045
1332 N HALSTED ST,"1332 N HALSTED ST Chicago, IL.",41.90551889,-87.6482098
832 N ORLEANS ST,"832 N ORLEANS ST Chicago, IL.",41.89843406,-87.63731906
209 W ERIE ST,"209 W ERIE ST Chicago, IL.",41.89392486,-87.6348436
207 W ERIE ST,"207 W ERIE ST Chicago, IL.",41.89392509,-87.63482763
1520 N CLYBOURN AVE,"1520 N CLYBOURN AVE Chicago, IL.",41.908766,-87.64663783
887 W EVERGREEN AVE,"887 W EVERGREEN AVE Chicago, IL.",41.9047297,-87.6526523
877 W EVERGREEN AVE,"877 W EVERGREEN AVE Chicago, IL.",41.9057613,-87.6504324
1419 W FULLERTON AVE,"1419 W FULLERTON AVE Chicago, IL.",41.92514903,-87.66422385
856 W FULLERTON AVE,"856 W FULLERTON AVE Chicago, IL.",41.92547689,-87.650647
2135 N HALSTED ST,"2135 N HALSTED ST Chicago, IL.",41.92064689,-87.64851931
1508 W FULLERTON AVE,"1508 W FULLERTON AVE Chicago, IL.",41.92523373,-87.66615023
3349 N HALSTED ST,"3349 N HALSTED ST Chicago, IL.",41.94294191,-87.64928457
3232 N HALSTED ST,"3232 N HALSTED ST Chicago, IL.",41.94100409,-87.64937684
894 N WELLS ST,"894 N WELLS ST Chicago, IL.",41.89733461,-87.63430643
522 W ADAMS ST,"522 W ADAMS ST Chicago, IL.",41.87934011,-87.6418975
77 E 26TH ST,"77 E 26TH ST Chicago, IL.",41.84555126,-87.62554754
2116 S INDIANA AVE,"2116 S INDIANA AVE Chicago, IL.",41.85405225,-87.62241085
2135 S WABASH AVE,"2135 S WABASH AVE Chicago, IL.",41.85378531,-87.62544261
2127 S WABASH AVE,"2127 S WABASH AVE Chicago, IL.",41.85388542,-87.62544484
51 E 21ST ST,"51 E 21ST ST Chicago, IL.",41.85421423,-87.6247777
2033 S STATE ST,"2033 S STATE ST Chicago, IL.",41.85503619,-87.62705948
1925 S WABASH AVE,"1925 S WABASH AVE Chicago, IL.",41.85637424,-87.62550134
1425 S WABASH AVE,"1425 S WABASH AVE Chicago, IL.",41.86366307,-87.62566526
383 N PEORIA ST,"383 N PEORIA ST Chicago, IL.",41.8889539,-87.64982149
204 N SANGAMON ST,"204 N SANGAMON ST Chicago, IL.",41.88567332,-87.65105395
166 N SANGAMON ST,"166 N SANGAMON ST Chicago, IL.",41.88463246,-87.65102277
441 W JACKSON BLVD,"441 W JACKSON BLVD Chicago, IL.",41.87799433,-87.63873096
427 W JACKSON BLVD,"427 W JACKSON BLVD Chicago, IL.",41.8779964,-87.63854977
333 W JACKSON BLVD,"333 W JACKSON BLVD Chicago, IL.",41.87803385,-87.63628022
323 W JACKSON BLVD,"323 W JACKSON BLVD Chicago, IL.",41.87803704,-87.63596747
839 W JACKSON BLVD,"839 W JACKSON BLVD Chicago, IL.",41.87787085,-87.64852782
820 W JACKSON BLVD,"820 W JACKSON BLVD Chicago, IL.",41.87799444,-87.648074
810 W JACKSON BLVD,"810 W JACKSON BLVD Chicago, IL.",41.87799928,-87.64765747
2129 S HALSTED ST,"2129 S HALSTED ST Chicago, IL.",41.85331325,-87.64643581
614 W 18TH ST,"614 W 18TH ST Chicago, IL.",41.8576671,-87.64252554
960 W 18TH ST,"960 W 18TH ST Chicago, IL.",41.85808645,-87.65096767
1266 W 18TH ST,"1266 W 18TH ST Chicago, IL.",41.85797209,-87.65850913
1289 W TAYLOR ST,"1289 W TAYLOR ST Chicago, IL.",41.86932085,-87.65904415
1307 W 18TH ST,"1307 W 18TH ST Chicago, IL.",41.85784586,-87.65969129
1700 S HALSTED ST,"1700 S HALSTED ST Chicago, IL.",41.85858867,-87.64674018
1537 N CLYBOURN AVE,"1537 N CLYBOURN AVE Chicago, IL.",41.90918395,-87.64700197
1827 N HALSTED ST,"1827 N HALSTED ST Chicago, IL.",41.91444386,-87.64829027
2125 N HALSTED ST,"2125 N HALSTED ST Chicago, IL.",41.92047215,-87.64851358
3258 N HALSTED ST,"3258 N HALSTED ST Chicago, IL.",41.94134955,-87.64938796
2516 N HALSTED ST,"2516 N HALSTED ST Chicago, IL.",41.92796422,-87.64892598
1236 W FULLERTON AVE,"1236 W FULLERTON AVE Chicago, IL.",41.92533383,-87.65961606
544 N MILWAUKEE AVE,"544 N MILWAUKEE AVE Chicago, IL.",41.89201273,-87.64895648
3528 N SOUTHPORT AVE,"3528 N SOUTHPORT AVE Chicago, IL.",41.94602842,-87.66406451
2819 N SOUTHPORT AVE,"2819 N SOUTHPORT AVE Chicago, IL.",41.93303365,-87.66350822
1808 N WELLS ST,"1808 N WELLS ST Chicago, IL.",41.91490797,-87.63490176
3251 N ASHLAND AVE,"3251 N ASHLAND AVE Chicago, IL.",41.94093058,-87.66861569
1520 W CHICAGO AVE,"1520 W CHICAGO AVE Chicago, IL.",41.89615324,-87.6657765
1557 W CHICAGO AVE,"1557 W CHICAGO AVE Chicago, IL.",41.89602886,-87.66641862
1549 W CHICAGO AVE,"1549 W CHICAGO AVE Chicago, IL.",41.89603025,-87.66626682
1463 W CHICAGO AVE,"1463 W CHICAGO AVE Chicago, IL.",41.89605492,-87.66482166
817 N MILWAUKEE AVE,"817 N MILWAUKEE AVE Chicago, IL.",41.89664334,-87.65591996
3627 N SOUTHPORT AVE,"3627 N SOUTHPORT AVE Chicago, IL.",41.94760178,-87.66395106
3751 N SOUTHPORT AVE,"3751 N SOUTHPORT AVE Chicago, IL.",41.95037097,-87.66403088
3768 N BROADWAY ST,"3768 N BROADWAY ST Chicago, IL.",41.95059017,-87.64932364
3756 N BROADWAY ST,"3756 N BROADWAY ST Chicago, IL.",41.95037578,-87.64919364
3452 N BROADWAY,"3452 N BROADWAY Chicago, IL.",41.944969,-87.64590411
3204 N BROADWAY ST,"3204 N BROADWAY ST Chicago, IL.",41.9401805,-87.64448157
3156 N BROADWAY ST,"3156 N BROADWAY ST Chicago, IL.",41.93932718,-87.64445186
3124 N BROADWAY ST,"3124 N BROADWAY ST Chicago, IL.",41.93849496,-87.64442367
3116 N BROADWAY ST,"3116 N BROADWAY ST Chicago, IL.",41.93831671,-87.64441863
2834 N BROADWAY ST,"2834 N BROADWAY ST Chicago, IL.",41.93373835,-87.64466913
611 W SURF ST,"611 W SURF ST Chicago, IL.",41.93481384,-87.6446545
3165 N BROADWAY ST,"3165 N BROADWAY ST Chicago, IL.",41.93941027,-87.64430149
3337 N BROADWAY,"3337 N BROADWAY Chicago, IL.",41.9429078,-87.64448428
3341 N BROADWAY,"3341 N BROADWAY Chicago, IL.",41.94292743,-87.64449703
957 W BELMONT AVE,"957 W BELMONT AVE Chicago, IL.",41.93986284,-87.65361724
2776 N LINCOLN AVE,"2776 N LINCOLN AVE Chicago, IL.",41.93209261,-87.65817098
2648 N LINCOLN AVE,"2648 N LINCOLN AVE Chicago, IL.",41.92996563,-87.65520265
2574 N LINCOLN AVE,"2574 N LINCOLN AVE Chicago, IL.",41.92863439,-87.65331372
2633 N HALSTED ST,"2633 N HALSTED ST Chicago, IL.",41.92991063,-87.64884032
2655 N HALSTED ST,"2655 N HALSTED ST Chicago, IL.",41.9304385,-87.64885802
3635 N HALSTED ST,"3635 N HALSTED ST Chicago, IL.",41.94804809,-87.649434
3645 N HALSTED ST,"3645 N HALSTED ST Chicago, IL.",41.94820653,-87.64943862
3632 N HALSTED ST,"3632 N HALSTED ST Chicago, IL.",41.94761053,-87.6495711
852 W BELMONT AVE,"852 W BELMONT AVE Chicago, IL.",41.94002243,-87.65034344
3913 N SHERIDAN RD,"3913 N SHERIDAN RD Chicago, IL.",41.95304158,-87.65442535
3921 N SHERIDAN RD,"3921 N SHERIDAN RD Chicago, IL.",41.95324798,-87.65443285
1942 N LINCOLN AVE,"1942 N LINCOLN AVE Chicago, IL.",41.91727682,-87.6374436
3448 N SHEFFIELD AVE,"3448 N SHEFFIELD AVE Chicago, IL.",41.94503836,-87.65433858
3416 N SHEFFIELD AVE,"3416 N SHEFFIELD AVE Chicago, IL.",41.94405935,-87.65431126
1110 W BELMONT AVE,"1110 W BELMONT AVE Chicago, IL.",41.93991855,-87.65734285
1426 W BELMONT AVE,"1426 W BELMONT AVE Chicago, IL.",41.93981211,-87.66469543
3149 N LINCOLN AVE,"3149 N LINCOLN AVE Chicago, IL.",41.93881052,-87.66735336
3241 N SOUTHPORT AVE,"3241 N SOUTHPORT AVE Chicago, IL.",41.94080076,-87.66376788
2501 N CLARK ST,"2501 N CLARK ST Chicago, IL.",41.9278907,-87.64176592
1021 N CLARK ST,"1021 N CLARK ST Chicago, IL.",41.90085197,-87.63128032
1555 W WARREN BLVD,"1555 W WARREN BLVD Chicago, IL.",41.88232585,-87.66584796
1035 N CLARK ST,"1035 N CLARK ST Chicago, IL.",41.90101946,-87.63128519
1112 W TAYLOR ST,"1112 W TAYLOR ST Chicago, IL.",41.86950732,-87.65478427
56 W ILLINOIS ST,"56 W ILLINOIS ST Chicago, IL.",41.89088903,-87.6304504
258 N ELIZABETH ST,"258 N ELIZABETH ST Chicago, IL.",41.88581011,-87.65894436
232 N ELIZABETH ST,"232 N ELIZABETH ST Chicago, IL.",41.88568302,-87.65894123
1300 W RANDOLPH ST,"1300 W RANDOLPH ST Chicago, IL.",41.88431968,-87.66348118
1334 W RANDOLPH ST,"1334 W RANDOLPH ST Chicago, IL.",41.88444276,-87.66367711
1101 W RANDOLPH ST,"1101 W RANDOLPH ST Chicago, IL.",41.8841151,-87.65450678
354 N PEORIA ST,"354 N PEORIA ST Chicago, IL.",41.8889622,-87.6500085
342 N PEORIA ST,"342 N PEORIA ST Chicago, IL.",41.8889551,-87.6500082
1100 W FULTON MARKET,"1100 W FULTON MARKET Chicago, IL.",41.88675425,-87.65458871
2813 N BROADWAY ,"2813 N BROADWAY  Chicago, IL.",41.93353596,-87.64461373
700 N DEARBORN ST,"700 N DEARBORN ST Chicago, IL.",41.89491188,-87.62980301
702 N DEARBORN ST,"702 N DEARBORN ST Chicago, IL.",41.89496089,-87.6298059
85 W WALTON ST,"85 W WALTON ST Chicago, IL.",41.89973394,-87.63093318
1155 N CLARK ST,"1155 N CLARK ST Chicago, IL.",41.90331613,-87.63135201
1378 N CLARK ST,"1378 N CLARK ST Chicago, IL.",41.90645626,-87.63160605
1722 S HALSTED ST,"1722 S HALSTED ST Chicago, IL.",41.8584406,-87.64673595
3980 N BROADWAY ST,"3980 N BROADWAY ST Chicago, IL.",41.95364609,-87.65002395
3908 N BROADWAY ST,"3908 N BROADWAY ST Chicago, IL.",41.95302463,-87.64974112
3822 N BROADWAY ST,"3822 N BROADWAY ST Chicago, IL.",41.95212212,-87.64971159
1848 N HALSTED ST,"1848 N HALSTED ST Chicago, IL.",41.91491115,-87.64846087
3117 N BROADWAY ST,"3117 N BROADWAY ST Chicago, IL.",41.9381683,-87.64426034
2422 N LINCOLN AVE,"2422 N LINCOLN AVE Chicago, IL.",41.92614793,-87.64985759
2416 N LINCOLN AVE,"2416 N LINCOLN AVE Chicago, IL.",41.92606729,-87.64974412
2392 N LINCOLN AVE,"2392 N LINCOLN AVE Chicago, IL.",41.92526987,-87.64861858
3343 N HALSTED ST,"3343 N HALSTED ST Chicago, IL.",41.94286778,-87.64928314
3908 N SHERIDAN RD,"3908 N SHERIDAN RD Chicago, IL.",41.95295116,-87.6545762
3355 N CLARK ST,"3355 N CLARK ST Chicago, IL.",41.94326255,-87.65327208
3942 N ASHLAND AVE,"3942 N ASHLAND AVE Chicago, IL.",41.95361068,-87.66910734
3938 N ASHLAND AVE,"3938 N ASHLAND AVE Chicago, IL.",41.95351776,-87.6691046
3926 N ASHLAND AVE,"3926 N ASHLAND AVE Chicago, IL.",41.953239,-87.66909641
3334 N ASHLAND AVE,"3334 N ASHLAND AVE Chicago, IL.",41.94252562,-87.66881736
3136 N ASHLAND AVE,"3136 N ASHLAND AVE Chicago, IL.",41.93819973,-87.66868356
3130 N ASHLAND AVE,"3130 N ASHLAND AVE Chicago, IL.",41.93815383,-87.66868241
3124 N ASHLAND AVE,"3124 N ASHLAND AVE Chicago, IL.",41.93810794,-87.66868126
2350 N RACINE AVE,"2350 N RACINE AVE Chicago, IL.",41.92494571,-87.6585165
2340 N RACINE AVE,"2340 N RACINE AVE Chicago, IL.",41.92406756,-87.65849151
923 W ARMITAGE AVE,"923 W ARMITAGE AVE Chicago, IL.",41.91807385,-87.65185389
3226 N CLARK ST,"3226 N CLARK ST Chicago, IL.",41.94043761,-87.65115674
1340 N WELLS ST,"1340 N WELLS ST Chicago, IL.",41.90709804,-87.63466615
347 N WELLS ST,"347 N WELLS ST Chicago, IL.",41.88860476,-87.63391178
1220 W LAKE ST,"1220 W LAKE ST Chicago, IL.",41.88555367,-87.65726684
1328 W LAKE ST,"1328 W LAKE ST Chicago, IL.",41.8855161,-87.65996213
185 N FRANKLIN ST,"185 N FRANKLIN ST Chicago, IL.",41.88559657,-87.6352918
2739 N CLARK ST,"2739 N CLARK ST Chicago, IL.",41.93210467,-87.64463012
1962 N LINCOLN AVE,"1962 N LINCOLN AVE Chicago, IL.",41.91762134,-87.63793209
2931 N HALSTED ST,"2931 N HALSTED ST Chicago, IL.",41.93540034,-87.64902976
3438 N HALSTED ST,"3438 N HALSTED ST Chicago, IL.",41.94463575,-87.64948534
400 S LA SALLE ST,"400 S LA SALLE ST Chicago, IL.",41.87681601,-87.63184623
376 S CLARK ST,"376 S CLARK ST Chicago, IL.",41.87719751,-87.63083617
200 W QUINCY ST,"200 W QUINCY ST Chicago, IL.",41.87878482,-87.63383071
204 W QUINCY ST,"204 W QUINCY ST Chicago, IL.",41.87878297,-87.63388428
212 W QUINCY ST,"212 W QUINCY ST Chicago, IL.",41.87877927,-87.63399142
218 W QUINCY ST,"218 W QUINCY ST Chicago, IL.",41.87877661,-87.6340714
299 W QUINCY ST,"299 W QUINCY ST Chicago, IL.",41.87864485,-87.6351403
1415 W HUBBARD ST,"1415 W HUBBARD ST Chicago, IL.",41.88989485,-87.66268027
1312 W HUBBARD ST,"1312 W HUBBARD ST Chicago, IL.",41.89001148,-87.66027087
1156 W HUBBARD ST,"1156 W HUBBARD ST Chicago, IL.",41.89005444,-87.65662033
153 E ERIE ST,"153 E ERIE ST Chicago, IL.",41.89407985,-87.62416028
856 W TAYLOR ST,"856 W TAYLOR ST Chicago, IL.",41.86969814,-87.64825104
839 S LOOMIS ST,"839 S LOOMIS ST Chicago, IL.",41.87117385,-87.66162023
700 S LOOMIS ST,"700 S LOOMIS ST Chicago, IL.",41.87329722,-87.66183918
1527 N HALSTED ST,"1527 N HALSTED ST Chicago, IL.",41.91027563,-87.64817899
840 S CANAL ST,"840 S CANAL ST Chicago, IL.",41.8706499,-87.63938428
885 W TAYLOR ST,"885 W TAYLOR ST Chicago, IL.",41.86948292,-87.64769956
869 W TAYLOR ST,"869 W TAYLOR ST Chicago, IL.",41.86945286,-87.64833559
951 W HARRISON ST,"951 W HARRISON ST Chicago, IL.",41.87428251,-87.65052203
0 S HALSTED ST,"1 S HALSTED ST Chicago, IL.",41.88172359,-87.64728031
362 E RANDOLPH ST,"362 E RANDOLPH ST Chicago, IL.",41.88457428,-87.61914198
2244 N HALSTED ST,"2244 N HALSTED ST Chicago, IL.",41.9226376,-87.64873925
1938 N HALSTED ST,"1938 N HALSTED ST Chicago, IL.",41.9168356,-87.64852844
708 N WELLS ST,"708 N WELLS ST Chicago, IL.",41.89504637,-87.63423479
91 S FRANKLIN ST,"91 S FRANKLIN ST Chicago, IL.",41.88137773,-87.63522129
947 N DEARBORN ST,"947 N DEARBORN ST Chicago, IL.",41.89934488,-87.62976564
1439 N WELLS ST,"1439 N WELLS ST Chicago, IL.",41.90836053,-87.63454883
1013 W 18TH ST,"1013 W 18TH ST Chicago, IL.",41.85727886,-87.65219885
816 W FLETCHER ST,"816 W FLETCHER ST Chicago, IL.",41.93905043,-87.650981
3205 N CLARK ST,"3205 N CLARK ST Chicago, IL.",41.94011337,-87.65071719
3642 N BROADWAY ST,"3642 N BROADWAY ST Chicago, IL.",41.94819412,-87.64786759
2633 S HALSTED ST,"2633 S HALSTED ST Chicago, IL.",41.84441417,-87.64635212
3230 N BROADWAY ST,"3230 N BROADWAY ST Chicago, IL.",41.94068633,-87.6444961
999 W GEORGE ST,"999 W GEORGE ST Chicago, IL.",41.93439984,-87.65384222
1213 N MILWAUKEE AVE,"1213 N MILWAUKEE AVE Chicago, IL.",41.90368963,-87.66688609
1823 N HALSTED ST,"1823 N HALSTED ST Chicago, IL.",41.91435558,-87.64829095
206 S CLARK ST,"206 S CLARK ST Chicago, IL.",41.87896826,-87.63088562
40 E HURON ST,"40 E HURON ST Chicago, IL.",41.89495548,-87.62655664
318 W HURON ST,"318 W HURON ST Chicago, IL.",41.89480644,-87.63720222
469 W HURON ST,"469 W HURON ST Chicago, IL.",41.89465054,-87.64082446
351 W HURON ST,"351 W HURON ST Chicago, IL.",41.8946873,-87.63791613
711 N ORLEANS ST,"711 N ORLEANS ST Chicago, IL.",41.8961347,-87.63708568
129 W SUPERIOR ST,"129 W SUPERIOR ST Chicago, IL.",41.89557385,-87.63148692
49 W SUPERIOR ST,"49 W SUPERIOR ST Chicago, IL.",41.89561281,-87.62893853
51 W SUPERIOR ST,"51 W SUPERIOR ST Chicago, IL.",41.89561243,-87.62896721
19 W SUPERIOR ST,"19 W SUPERIOR ST Chicago, IL.",41.89561859,-87.62850843
758 N KINGSBURY ST,"758 N KINGSBURY ST Chicago, IL.",41.89593061,-87.64159585
349 W SUPERIOR ST,"349 W SUPERIOR ST Chicago, IL.",41.89549181,-87.63752782
656 N FRANKLIN ST,"656 N FRANKLIN ST Chicago, IL.",41.89338682,-87.63569696
411 N ORLEANS ST,"411 N ORLEANS ST Chicago, IL.",41.89007277,-87.63691142
1961 N CLARK ST,"1961 N CLARK ST Chicago, IL.",41.91703122,-87.63513985
927 W 18TH ST,"927 W 18TH ST Chicago, IL.",41.8579884,-87.65002517
2927 N BROADWAY ST,"2927 N BROADWAY ST Chicago, IL.",41.93573679,-87.64417775
3217 N BROADWAY ST,"3217 N BROADWAY ST Chicago, IL.",41.94059183,-87.64433811
3225 N BROADWAY ST,"3225 N BROADWAY ST Chicago, IL.",41.94083601,-87.64434821
3727 N BROADWAY ST,"3727 N BROADWAY ST Chicago, IL.",41.94995462,-87.64876924
3741 N BROADWAY ST,"3741 N BROADWAY ST Chicago, IL.",41.95019158,-87.64891292
3747 N BROADWAY ST,"3747 N BROADWAY ST Chicago, IL.",41.95029313,-87.6489745
3833 N BROADWAY ST,"3833 N BROADWAY ST Chicago, IL.",41.95249767,-87.6495689
3932 N BROADWAY ST,"3932 N BROADWAY ST Chicago, IL.",41.95333976,-87.64984244
934 W ADDISON ST,"934 W ADDISON ST Chicago, IL.",41.94731835,-87.65338513
1905 N HALSTED ST,"1905 N HALSTED ST Chicago, IL.",41.91611149,-87.64835735
3742 N CLARK ST,"3742 N CLARK ST Chicago, IL.",41.95006282,-87.65891166
3734 N CLARK ST,"3734 N CLARK ST Chicago, IL.",41.9498615,-87.65874737
3406 N CLARK ST,"3406 N CLARK ST Chicago, IL.",41.94382418,-87.65388221
3330 N CLARK ST,"3330 N CLARK ST Chicago, IL.",41.94240647,-87.65275282
3172 N CLARK ST,"3172 N CLARK ST Chicago, IL.",41.93952744,-87.65042117
368 W CHICAGO AVE,"368 W CHICAGO AVE Chicago, IL.",41.89660361,-87.63771888
456 W CHICAGO AVE,"456 W CHICAGO AVE Chicago, IL.",41.89658302,-87.63935412
495 W CHICAGO AVE,"495 W CHICAGO AVE Chicago, IL.",41.89643785,-87.64124881
160 W CHICAGO AVE,"160 W CHICAGO AVE Chicago, IL.",41.89666044,-87.63389768
114 W CHICAGO AVE,"114 W CHICAGO AVE Chicago, IL.",41.89668744,-87.63168211
2330 N LINCOLN AVE,"2330 N LINCOLN AVE Chicago, IL.",41.92418945,-87.64711331
316 W ERIE ST,"316 W ERIE ST Chicago, IL.",41.8940207,-87.63615902
563 W ERIE ST,"563 W ERIE ST Chicago, IL.",41.89384661,-87.64109506
539 W ERIE ST,"539 W ERIE ST Chicago, IL.",41.89384861,-87.64089847
537 W ERIE ST,"537 W ERIE ST Chicago, IL.",41.89384877,-87.64088208
527 W ERIE ST,"527 W ERIE ST Chicago, IL.",41.89384961,-87.64080017
630 N LARRABEE ST,"630 N LARRABEE ST Chicago, IL.",41.89414247,-87.64298318
634 N LARRABEE ST,"634 N LARRABEE ST Chicago, IL.",41.89416921,-87.64298348
841 N LARRABEE ST,"841 N LARRABEE ST Chicago, IL.",41.89817082,-87.64292129
740 W ARMITAGE AVE,"740 W ARMITAGE AVE Chicago, IL.",41.91825144,-87.64752104
917 W ARMITAGE AVE,"917 W ARMITAGE AVE Chicago, IL.",41.91807385,-87.65163374
750 N WELLS ST,"750 N WELLS ST Chicago, IL.",41.89591157,-87.63426188
2897 N BROADWAY ST,"2897 N BROADWAY ST Chicago, IL.",41.93519662,-87.6441605
2951 N BROADWAY ST,"2951 N BROADWAY ST Chicago, IL.",41.93615207,-87.6441889
2936 N CLARK ST,"2936 N CLARK ST Chicago, IL.",41.93570063,-87.64732548
2665 N CLARK ST,"2665 N CLARK ST Chicago, IL.",41.93093274,-87.64395109
2043 N HALSTED ST,"2043 N HALSTED ST Chicago, IL.",41.91896487,-87.64846059
57 W WASHINGTON ST,"57 W WASHINGTON ST Chicago, IL.",41.88315385,-87.62972252
28 E GRAND AVE,"28 E GRAND AVE Chicago, IL.",41.89174706,-87.6264203
143 W ADAMS ST,"143 W ADAMS ST Chicago, IL.",41.87933628,-87.63273706
1288 S HALSTED ST,"1288 S HALSTED ST Chicago, IL.",41.86605158,-87.64696036
1296 W 18TH ST,"1296 W 18TH ST Chicago, IL.",41.85796945,-87.65877866
1537 W 18TH ST,"1537 W 18TH ST Chicago, IL.",41.85775901,-87.66517105
1281 W TAYLOR ST,"1281 W TAYLOR ST Chicago, IL.",41.86932137,-87.65898112
737 S WABASH AVE,"737 S WABASH AVE Chicago, IL.",41.87263847,-87.62587841
1855 N HALSTED ST,"1855 N HALSTED ST Chicago, IL.",41.91504243,-87.64831148
570 W ROOSEVELT RD,"570 W ROOSEVELT RD Chicago, IL.",41.86728894,-87.6414553
3366 N CLARK ST,"3366 N CLARK ST Chicago, IL.",41.94329565,-87.65348529
1451 W ERIE ST,"1451 W ERIE ST Chicago, IL.",41.89333276,-87.66428661
1433 W ERIE ST,"1433 W ERIE ST Chicago, IL.",41.89334137,-87.66364616
1147 N MILWAUKEE AVE,"1147 N MILWAUKEE AVE Chicago, IL.",41.90276627,-87.66544246
1511 N WELLS ST,"1511 N WELLS ST Chicago, IL.",41.90956881,-87.63458197
1867 N HALSTED ST,"1867 N HALSTED ST Chicago, IL.",41.91529897,-87.64832057
2019 N HALSTED ST,"2019 N HALSTED ST Chicago, IL.",41.91854769,-87.6484468
2231 N HALSTED ST,"2231 N HALSTED ST Chicago, IL.",41.92239871,-87.6485763
2454 N HALSTED ST,"2454 N HALSTED ST Chicago, IL.",41.92713007,-87.64889785
3143 N CLARK ST,"3143 N CLARK ST Chicago, IL.",41.93921955,-87.64998971
1426 W IRVING PARK RD,"1426 W IRVING PARK RD Chicago, IL.",41.95439692,-87.66535853
623 W DIVERSEY PKWY,"623 W DIVERSEY PKWY Chicago, IL.",41.93275556,-87.64447817
422 W DIVERSEY PKWY,"422 W DIVERSEY PKWY Chicago, IL.",41.93295659,-87.64033618
518 W DIVERSEY PKWY,"518 W DIVERSEY PKWY Chicago, IL.",41.93291072,-87.64216325
1209 W TAYLOR ST,"1209 W TAYLOR ST Chicago, IL.",41.86933209,-87.65842604
1155 W TAYLOR ST,"1155 W TAYLOR ST Chicago, IL.",41.86937485,-87.65565075
3515 N HALSTED ST,"3515 N HALSTED ST Chicago, IL.",41.94583137,-87.64936487
3420 N SHEFFIELD AVE,"3420 N SHEFFIELD AVE Chicago, IL.",41.94414628,-87.65431287
3410 N SHEFFIELD AVE,"3410 N SHEFFIELD AVE Chicago, IL.",41.94392895,-87.65430885
2939 N CLARK ST,"2939 N CLARK ST Chicago, IL.",41.93578047,-87.64721021
3014 N SHEFFIELD AVE,"3014 N SHEFFIELD AVE Chicago, IL.",41.93675388,-87.65407824
200 W GRAND AVE ,"200 W GRAND AVE  Chicago, IL.",41.8916451,-87.63414974
1048 W FULLERTON AVE,"1048 W FULLERTON AVE Chicago, IL.",41.92540644,-87.65541161
2405 N SHEFFIELD AVE,"2405 N SHEFFIELD AVE Chicago, IL.",41.92554759,-87.6535403
2853 N LINCOLN AVE,"2853 N LINCOLN AVE Chicago, IL.",41.93354518,-87.65997265
3001 N LINCOLN AVE,"3001 N LINCOLN AVE Chicago, IL.",41.93619413,-87.66369183
3101 N GREENVIEW AVE,"3101 N GREENVIEW AVE Chicago, IL.",41.93795344,-87.66610159
869 N LARRABEE ST,"869 N LARRABEE ST Chicago, IL.",41.8983888,-87.64293174
3901 N BROADWAY ,"3901 N BROADWAY  Chicago, IL.",41.9528951,-87.6495031
52 W ADAMS ST,"52 W ADAMS ST Chicago, IL.",41.87948235,-87.63011601
1106 W WASHINGTON BLVD,"1106 W WASHINGTON BLVD Chicago, IL.",41.88307785,-87.65469363
900 W WASHINGTON BLVD,"900 W WASHINGTON BLVD Chicago, IL.",41.88316044,-87.6498112
54 W ADAMS ST,"54 W ADAMS ST Chicago, IL.",41.87948199,-87.63014338
2 S PEORIA ST,"2 S PEORIA ST Chicago, IL.",41.88163986,-87.64977243
118 S SANGAMON ST,"118 S SANGAMON ST Chicago, IL.",41.88015959,-87.65089067
2019 S WABASH AVE,"2019 S WABASH AVE Chicago, IL.",41.85520915,-87.6254738
659 W FULTON ST,"659 W FULTON ST Chicago, IL.",41.88674485,-87.64474135
20 W HARRISON ST,"20 W HARRISON ST Chicago, IL.",41.87459189,-87.62990993
312 W HUBBARD ST,"312 W HUBBARD ST Chicago, IL.",41.89001075,-87.63619711
106 S CLINTON ST,"106 S CLINTON ST Chicago, IL.",41.88047369,-87.64122646
115 W JACKSON BLVD,"115 W JACKSON BLVD Chicago, IL.",41.87807773,-87.63235307
3532 N HALSTED ST,"3532 N HALSTED ST Chicago, IL.",41.94645279,-87.64953611
3949 N CLARENDON AVE,"3949 N CLARENDON AVE Chicago, IL.",41.95401922,-87.64960822
3955 N CLARENDON AVE,"3955 N CLARENDON AVE Chicago, IL.",41.95407777,-87.64961009
103 E CHESTNUT ST,"103 E CHESTNUT ST Chicago, IL.",41.89830985,-87.62555204
3342 N CLARK ST,"3342 N CLARK ST Chicago, IL.",41.94272331,-87.65300813
2828 N CLARK ST,"2828 N CLARK ST Chicago, IL.",41.93387645,-87.64584377
2437 N CLARK ST,"2437 N CLARK ST Chicago, IL.",41.92653364,-87.64097357
2951 N CLARK ST,"2951 N CLARK ST Chicago, IL.",41.93590606,-87.64731139
3139 N CLARK ST,"3139 N CLARK ST Chicago, IL.",41.93916767,-87.64994737
1405 W ROOSEVELT RD,"1405 W ROOSEVELT RD Chicago, IL.",41.86685485,-87.66173967
3703 N BROADWAY ST,"3703 N BROADWAY ST Chicago, IL.",41.94930147,-87.64836848
3937 N BROADWAY ST,"3937 N BROADWAY ST Chicago, IL.",41.95375356,-87.64992176
1024 W ARMITAGE AVE,"1024 W ARMITAGE AVE Chicago, IL.",41.91814344,-87.65448191
414 W DICKENS AVE,"414 W DICKENS AVE Chicago, IL.",41.92018644,-87.63973182
3836 N BROADWAY ST,"3836 N BROADWAY ST Chicago, IL.",41.95216973,-87.64971305
2751 N LINCOLN AVE,"2751 N LINCOLN AVE Chicago, IL.",41.93172147,-87.65742746
1713 S HALSTED ST,"1713 S HALSTED ST Chicago, IL.",41.85867816,-87.64658922
3069 N LINCOLN AVE,"3069 N LINCOLN AVE Chicago, IL.",41.9373725,-87.66534437
3336 N ASHLAND AVE,"3336 N ASHLAND AVE Chicago, IL.",41.94254926,-87.66881795
1541 W BELMONT AVE,"1541 W BELMONT AVE Chicago, IL.",41.93966427,-87.66677662
612 W BELMONT AVE,"612 W BELMONT AVE Chicago, IL.",41.94009682,-87.64475992
1430 W TAYLOR ST,"1430 W TAYLOR ST Chicago, IL.",41.86937847,-87.66295948
1138 W BELMONT AVE,"1138 W BELMONT AVE Chicago, IL.",41.93991443,-87.6578966
1438 W BELMONT AVE,"1438 W BELMONT AVE Chicago, IL.",41.93980873,-87.66494031
3172 N LINCOLN AVE,"3172 N LINCOLN AVE Chicago, IL.",41.93914502,-87.66804624
2962 N LINCOLN AVE,"2962 N LINCOLN AVE Chicago, IL.",41.93563856,-87.663129
2744 N LINCOLN AVE,"2744 N LINCOLN AVE Chicago, IL.",41.93153397,-87.65738701
2546 N LINCOLN AVE,"2546 N LINCOLN AVE Chicago, IL.",41.92825211,-87.65278859
449 W JACKSON BLVD,"449 W JACKSON BLVD Chicago, IL.",41.87799315,-87.63883449
426 W ADAMS ST,"426 W ADAMS ST Chicago, IL.",41.87938044,-87.63880067
3428 N SOUTHPORT AVE,"3428 N SOUTHPORT AVE Chicago, IL.",41.94427284,-87.66401776
26 S CLINTON ST,"26 S CLINTON ST Chicago, IL.",41.88166455,-87.64126363
110 S CLINTON ST,"110 S CLINTON ST Chicago, IL.",41.88045191,-87.64122568
3218 N SOUTHPORT AVE,"3218 N SOUTHPORT AVE Chicago, IL.",41.94034826,-87.66391195
2980 N SOUTHPORT AVE,"2980 N SOUTHPORT AVE Chicago, IL.",41.93590858,-87.66375596
2345 N LINCOLN AVE,"2345 N LINCOLN AVE Chicago, IL.",41.92451369,-87.64734669
2635 N LINCOLN AVE,"2635 N LINCOLN AVE Chicago, IL.",41.93017685,-87.65527127
2811 N LINCOLN AVE,"2811 N LINCOLN AVE Chicago, IL.",41.93281199,-87.6589581
2813 N LINCOLN AVE,"2813 N LINCOLN AVE Chicago, IL.",41.93284656,-87.65900685
3025 N LINCOLN AVE,"3025 N LINCOLN AVE Chicago, IL.",41.93660765,-87.66427744
8 E ILLINOIS ST,"8 E ILLINOIS ST Chicago, IL.",41.89092744,-87.62773839
3613 N ASHLAND AVE,"3613 N ASHLAND AVE Chicago, IL.",41.94726108,-87.66878886
3949 N ASHLAND AVE,"3949 N ASHLAND AVE Chicago, IL.",41.95383662,-87.66895974
1471 W IRVING PARK RD,"1471 W IRVING PARK RD Chicago, IL.",41.95426025,-87.66690221
3940 N ASHLAND AVE,"3940 N ASHLAND AVE Chicago, IL.",41.95356422,-87.66910597
3936 N ASHLAND AVE,"3936 N ASHLAND AVE Chicago, IL.",41.9534713,-87.66910324
3134 N ASHLAND AVE,"3134 N ASHLAND AVE Chicago, IL.",41.93818443,-87.66868318
1627 N CLYBOURN AVE,"1627 N CLYBOURN AVE Chicago, IL.",41.91156281,-87.65031854
1635 N CLYBOURN AVE,"1635 N CLYBOURN AVE Chicago, IL.",41.91174201,-87.6505669
1234 N ASHLAND AVE,"1234 N ASHLAND AVE Chicago, IL.",41.90450588,-87.6676026
1052 N ASHLAND AVE,"1052 N ASHLAND AVE Chicago, IL.",41.90113526,-87.66750958
2558 N SOUTHPORT AVE,"2558 N SOUTHPORT AVE Chicago, IL.",41.92832415,-87.66350243
2559 N SOUTHPORT AVE,"2559 N SOUTHPORT AVE Chicago, IL.",41.92832694,-87.66334845
2835 N SOUTHPORT AVE,"2835 N SOUTHPORT AVE Chicago, IL.",41.93346857,-87.66351926
206 S ASHLAND AVE,"206 S ASHLAND AVE Chicago, IL.",41.87876163,-87.66689309
1411 W ROSCOE ST,"1411 W ROSCOE ST Chicago, IL.",41.94334887,-87.66477067
1023 N WELLS ST,"1023 N WELLS ST Chicago, IL.",41.90116919,-87.63429884
1029 N WELLS ST,"1029 N WELLS ST Chicago, IL.",41.90138789,-87.63430671
1655 S BLUE ISLAND AVE,"1655 S BLUE ISLAND AVE Chicago, IL.",41.85916246,-87.65995055
1645 S BLUE ISLAND AVE,"1645 S BLUE ISLAND AVE Chicago, IL.",41.85925059,-87.6598746
1275 W 18TH ST,"1275 W 18TH ST Chicago, IL.",41.85785486,-87.65860901
1355 N HALSTED ST,"1355 N HALSTED ST Chicago, IL.",41.90579867,-87.64806323
545 N FRANKLIN ST,"545 N FRANKLIN ST Chicago, IL.",41.89175161,-87.63550526
209 W OHIO ST,"209 W OHIO ST Chicago, IL.",41.89232485,-87.63444901
1182 N MILWAUKEE AVE,"1182 N MILWAUKEE AVE Chicago, IL.",41.90307141,-87.66615392
220 N CLINTON ST,"220 N CLINTON ST Chicago, IL.",41.88595559,-87.64138817
212 N CLINTON ST,"212 N CLINTON ST Chicago, IL.",41.88587496,-87.64138721
950 W RANDOLPH ST,"950 W RANDOLPH ST Chicago, IL.",41.88451303,-87.65135899
1407 W RANDOLPH ST,"1407 W RANDOLPH ST Chicago, IL.",41.88460456,-87.66418968
2417 N CLARK ST,"2417 N CLARK ST Chicago, IL.",41.92604514,-87.64068337
2759 N LINCOLN AVE,"2759 N LINCOLN AVE Chicago, IL.",41.93186113,-87.65762345
1112 N MILWAUKEE AVE,"1112 N MILWAUKEE AVE Chicago, IL.",41.90181797,-87.66420313
1653 N WELLS ST,"1653 N WELLS ST Chicago, IL.",41.91254066,-87.63467616
56 W ADAMS ST,"56 W ADAMS ST Chicago, IL.",41.87948164,-87.63017075
116 W ADAMS ST,"116 W ADAMS ST Chicago, IL.",41.87945246,-87.63258583
122 W ADAMS ST,"122 W ADAMS ST Chicago, IL.",41.87945164,-87.63266385
312 W ADAMS ST,"312 W ADAMS ST Chicago, IL.",41.87942544,-87.63547303
316 W ADAMS ST,"316 W ADAMS ST Chicago, IL.",41.87942544,-87.63552664
358 W ADAMS ST,"358 W ADAMS ST Chicago, IL.",41.87941972,-87.63609054
2430 N LINCOLN AVE,"2430 N LINCOLN AVE Chicago, IL.",41.92625546,-87.65000888
2848 N LINCOLN AVE,"2848 N LINCOLN AVE Chicago, IL.",41.93339308,-87.65998096
227 W JACKSON BLVD,"227 W JACKSON BLVD Chicago, IL.",41.87805085,-87.63458348
61 W JACKSON BLVD,"61 W JACKSON BLVD Chicago, IL.",41.87810485,-87.62991582
616 S WABASH AVE,"616 S WABASH AVE Chicago, IL.",41.87387481,-87.62605833
2715 N SOUTHPORT AVE,"2715 N SOUTHPORT AVE Chicago, IL.",41.93093841,-87.66343733
2542 N SOUTHPORT AVE,"2542 N SOUTHPORT AVE Chicago, IL.",41.92813723,-87.6634963
1748 N CLYBOURN AVE,"1748 N CLYBOURN AVE Chicago, IL.",41.91261419,-87.65200032
2225 N HALSTED ST,"2225 N HALSTED ST Chicago, IL.",41.92229497,-87.64857244
1100 W 18TH ST,"1100 W 18TH ST Chicago, IL.",41.85805045,-87.65346517
3724 N HALSTED ST,"3724 N HALSTED ST Chicago, IL.",41.94967741,-87.6496397
1030 W TAYLOR ST,"1030 W TAYLOR ST Chicago, IL.",41.86954344,-87.65261645
2499 N CLARK ST,"2499 N CLARK ST Chicago, IL.",41.92778502,-87.64170414
1282 W TAYLOR ST,"1282 W TAYLOR ST Chicago, IL.",41.86945345,-87.65817947
1358 W TAYLOR ST,"1358 W TAYLOR ST Chicago, IL.",41.86940595,-87.66100463
1211 W TAYLOR ST,"1211 W TAYLOR ST Chicago, IL.",41.86933132,-87.65844133
1138 W TAYLOR ST,"1138 W TAYLOR ST Chicago, IL.",41.86948945,-87.6557417
1170 W ARMITAGE AVE,"1170 W ARMITAGE AVE Chicago, IL.",41.9181027,-87.65763564
938 W DICKENS AVE,"938 W DICKENS AVE Chicago, IL.",41.91998844,-87.65282852
1006 W DICKENS AVE,"1006 W DICKENS AVE Chicago, IL.",41.91997695,-87.65377359
231 W JACKSON BLVD,"231 W JACKSON BLVD Chicago, IL.",41.87805085,-87.63461366
55 W JACKSON BLVD,"55 W JACKSON BLVD Chicago, IL.",41.87810485,-87.6297907
72 W ADAMS ST,"72 W ADAMS ST Chicago, IL.",41.87947699,-87.63039316
164 S CLINTON ST,"164 S CLINTON ST Chicago, IL.",41.88015769,-87.64121726
1731 N WELLS ST,"1731 N WELLS ST Chicago, IL.",41.91368075,-87.63471006
113 E RANDOLPH ST,"113 E RANDOLPH ST Chicago, IL.",41.88437801,-87.62434805
1730 N WELLS ST,"1730 N WELLS ST Chicago, IL.",41.91383558,-87.63486937
816 W ARMITAGE AVE,"816 W ARMITAGE AVE Chicago, IL.",41.91822444,-87.64927114
3019 N LINCOLN AVE,"3019 N LINCOLN AVE Chicago, IL.",41.93650377,-87.66413247
1316 N WELLS ST,"1316 N WELLS ST Chicago, IL.",41.90688742,-87.63465965
901 N WELLS ST,"901 N WELLS ST Chicago, IL.",41.89903876,-87.63421652
3466 N HALSTED ST,"3466 N HALSTED ST Chicago, IL.",41.94499511,-87.64949401
1859 S WABASH AVE,"1859 S WABASH AVE Chicago, IL.",41.85713412,-87.6255182
1021 S WABASH AVE,"1021 S WABASH AVE Chicago, IL.",41.86987913,-87.62581598
632 W 26TH ST,"632 W 26TH ST Chicago, IL.",41.84543245,-87.64289016
66 S DEARBORN ST,"66 S DEARBORN ST Chicago, IL.",41.88158144,-87.62946746
413 E ILLINOIS ST,"413 E ILLINOIS ST Chicago, IL.",41.89099941,-87.61730202
517 W NORTH AVE,"517 W NORTH AVE Chicago, IL.",41.91097648,-87.64317139
186 E SOUTH WATER ST,"186 E SOUTH WATER ST Chicago, IL.",41.8869353,-87.620717
1839 N LINCOLN AVE,"1839 N LINCOLN AVE Chicago, IL.",41.91595373,-87.63537836
3512 N CLARK ST,"3512 N CLARK ST Chicago, IL.",41.9458738,-87.65553874
1191 W ARMITAGE AVE,"1191 W ARMITAGE AVE Chicago, IL.",41.91798335,-87.65798971
741 W ARMITAGE AVE,"741 W ARMITAGE AVE Chicago, IL.",41.91813684,-87.64715776
953 N ELSTON AVE,"953 N ELSTON AVE Chicago, IL.",41.89953148,-87.65655669
1003 N ELSTON AVE,"1003 N ELSTON AVE Chicago, IL.",41.89998281,-87.65657203
908 W FULLERTON AVE,"908 W FULLERTON AVE Chicago, IL.",41.92546589,-87.65140057
628 N FAIRBANKS CT,"628 N FAIRBANKS CT Chicago, IL.",41.89285293,-87.62033881
3045 N LINCOLN AVE,"3045 N LINCOLN AVE Chicago, IL.",41.93695531,-87.6647624
3055 N LINCOLN AVE,"3055 N LINCOLN AVE Chicago, IL.",41.93712914,-87.66500489
1354 W TAYLOR ST,"1354 W TAYLOR ST Chicago, IL.",41.86940705,-87.66094847
3443 N HALSTED ST,"3443 N HALSTED ST Chicago, IL.",41.94476899,-87.64933445
2680 N HALSTED ST,"2680 N HALSTED ST Chicago, IL.",41.93105966,-87.64903291
2519 N CLARK ST,"2519 N CLARK ST Chicago, IL.",41.92828617,-87.64200073
2643 N CLARK ST,"2643 N CLARK ST Chicago, IL.",41.9305998,-87.6437516
3914 N SOUTHPORT AVE,"3914 N SOUTHPORT AVE Chicago, IL.",41.95283002,-87.66425463
3309 N SOUTHPORT AVE,"3309 N SOUTHPORT AVE Chicago, IL.",41.94184426,-87.66379792
2361 N HALSTED ST,"2361 N HALSTED ST Chicago, IL.",41.92425775,-87.64864117
1223 W HARRISON ST,"1223 W HARRISON ST Chicago, IL.",41.8741534,-87.65752803
3121 N SOUTHPORT AVE,"3121 N SOUTHPORT AVE Chicago, IL.",41.93853477,-87.66370067
922 W HARRISON ST,"922 W HARRISON ST Chicago, IL.",41.87439879,-87.65045098
1004 W HARRISON ST,"1004 W HARRISON ST Chicago, IL.",41.87436744,-87.65198173
929 W HARRISON ST,"929 W HARRISON ST Chicago, IL.",41.87429357,-87.64996928
2521 N HALSTED ST,"2521 N HALSTED ST Chicago, IL.",41.92799363,-87.64877278
635 S HALSTED ST,"635 S HALSTED ST Chicago, IL.",41.87331591,-87.6471909
760 S HALSTED ST,"760 S HALSTED ST Chicago, IL.",41.87172903,-87.64720858
1256 W HARRISON ST,"1256 W HARRISON ST Chicago, IL.",41.87425982,-87.65833758
573 W TAYLOR ST,"573 W TAYLOR ST Chicago, IL.",41.86968353,-87.64035884
1200 W TAYLOR ST,"1200 W TAYLOR ST Chicago, IL.",41.86947145,-87.65683118
1204 W TAYLOR ST,"1204 W TAYLOR ST Chicago, IL.",41.86947145,-87.65699588
1605 N WELLS ST,"1605 N WELLS ST Chicago, IL.",41.91131509,-87.63463625
443 N CLARK ST,"443 N CLARK ST Chicago, IL.",41.89037339,-87.63101626
724 S WABASH AVE,"724 S WABASH AVE Chicago, IL.",41.87277894,-87.62603559
1240 S WABASH AVE,"1240 S WABASH AVE Chicago, IL.",41.86789584,-87.62590853
1332 S WABASH AVE,"1332 S WABASH AVE Chicago, IL.",41.86518656,-87.62585804
2247 S MICHIGAN AVE,"2247 S MICHIGAN AVE Chicago, IL.",41.85200311,-87.6237074
2105 S MICHIGAN AVE,"2105 S MICHIGAN AVE Chicago, IL.",41.8541785,-87.62377155
635 S JEFFERSON ST,"635 S JEFFERSON ST Chicago, IL.",41.87407897,-87.64233661
1240 W LAKE ST,"1240 W LAKE ST Chicago, IL.",41.88554799,-87.65765609
1332 W LAKE ST,"1332 W LAKE ST Chicago, IL.",41.88551381,-87.66010831
1305 W CARROLL AVE,"1305 W CARROLL AVE Chicago, IL.",41.88761258,-87.65913897
252 N ELIZABETH ST,"252 N ELIZABETH ST Chicago, IL.",41.88578076,-87.65894363
240 N ELIZABETH ST,"240 N ELIZABETH ST Chicago, IL.",41.88572206,-87.65894216
219 N ELIZABETH ST,"219 N ELIZABETH ST Chicago, IL.",41.8861536,-87.6585504
247 N ELIZABETH ST,"247 N ELIZABETH ST Chicago, IL.",41.88568822,-87.65878741
267 N ELIZABETH ST,"267 N ELIZABETH ST Chicago, IL.",41.88581124,-87.65879044
2668 N LINCOLN AVE,"2668 N LINCOLN AVE Chicago, IL.",41.93033965,-87.65572157
1531 N HALSTED ST,"1531 N HALSTED ST Chicago, IL.",41.91030842,-87.64817979
2018 N HALSTED ST,"2018 N HALSTED ST Chicago, IL.",41.91854487,-87.64860076
3951 N CLARENDON AVE,"3951 N CLARENDON AVE Chicago, IL.",41.95403874,-87.64960884
2330 N HALSTED ST,"2330 N HALSTED ST Chicago, IL.",41.92397066,-87.64878658
1626 N HALSTED ST,"1626 N HALSTED ST Chicago, IL.",41.9118574,-87.64837709
415 W BELDEN AVE,"415 W BELDEN AVE Chicago, IL.",41.92371046,-87.63961696
2485 N CLARK ST,"2485 N CLARK ST Chicago, IL.",41.92759919,-87.6415972
3311 N CLARK ST,"3311 N CLARK ST Chicago, IL.",41.94203916,-87.65227438
3548 N SOUTHPORT AVE,"3548 N SOUTHPORT AVE Chicago, IL.",41.94639237,-87.66407333
3008 N SOUTHPORT AVE,"3008 N SOUTHPORT AVE Chicago, IL.",41.93634518,-87.66377274
1003 W ROSCOE ST,"1003 W ROSCOE ST Chicago, IL.",41.94350532,-87.65492759
1208 W TAYLOR ST,"1208 W TAYLOR ST Chicago, IL.",41.86946743,-87.657163
2328 N LINCOLN AVE,"2328 N LINCOLN AVE Chicago, IL.",41.9241544,-87.64706503
1968 N RACINE AVE,"1968 N RACINE AVE Chicago, IL.",41.91787354,-87.65829147
1962 N RACINE AVE,"1962 N RACINE AVE Chicago, IL.",41.91785356,-87.65829081
1960 N RACINE AVE,"1960 N RACINE AVE Chicago, IL.",41.91784689,-87.65829059
1065 W TAYLOR ST,"1065 W TAYLOR ST Chicago, IL.",41.86940982,-87.65347609
890 W HARRISON ST,"890 W HARRISON ST Chicago, IL.",41.8744092,-87.64991008
1218 W HARRISON ST,"1218 W HARRISON ST Chicago, IL.",41.87426923,-87.65743577
2526 N LINCOLN AVE,"2526 N LINCOLN AVE Chicago, IL.",41.92777812,-87.65213842
352 N DESPLAINES ST,"352 N DESPLAINES ST Chicago, IL.",41.88832606,-87.64439411
3631 N SOUTHPORT AVE,"3631 N SOUTHPORT AVE Chicago, IL.",41.94767042,-87.66395326
2150 N HALSTED ST,"2150 N HALSTED ST Chicago, IL.",41.92092368,-87.64868244
2731 N SOUTHPORT AVE,"2731 N SOUTHPORT AVE Chicago, IL.",41.9312476,-87.66344443
3334 N SOUTHPORT AVE,"3334 N SOUTHPORT AVE Chicago, IL.",41.94255936,-87.66396968
3168 N LINCOLN AVE,"3168 N LINCOLN AVE Chicago, IL.",41.93907604,-87.6679477
1222 W HARRISON ST,"1222 W HARRISON ST Chicago, IL.",41.87426798,-87.65753012
2271 N LINCOLN AVE,"2271 N LINCOLN AVE Chicago, IL.",41.92325101,-87.64557913
895 W TAYLOR ST,"895 W TAYLOR ST Chicago, IL.",41.86948853,-87.64730074
413 N WELLS ST,"413 N WELLS ST Chicago, IL.",41.89011005,-87.6339559
1230 W TAYLOR ST,"1230 W TAYLOR ST Chicago, IL.",41.86945345,-87.65805979
2642 N LINCOLN AVE,"2642 N LINCOLN AVE Chicago, IL.",41.92985502,-87.65504738
2950 N LINCOLN AVE,"2950 N LINCOLN AVE Chicago, IL.",41.93540656,-87.66280648
1125 W BELMONT AVE,"1125 W BELMONT AVE Chicago, IL.",41.93980079,-87.65747009
1357 W TAYLOR ST,"1357 W TAYLOR ST Chicago, IL.",41.86929529,-87.6608018
3312 N SOUTHPORT AVE,"3312 N SOUTHPORT AVE Chicago, IL.",41.94194261,-87.66395442
3206 N SOUTHPORT AVE,"3206 N SOUTHPORT AVE Chicago, IL.",41.93999073,-87.66390224
2620 N SOUTHPORT AVE,"2620 N SOUTHPORT AVE Chicago, IL.",41.9294878,-87.66354376
2314 N SOUTHPORT AVE,"2314 N SOUTHPORT AVE Chicago, IL.",41.92397363,-87.66335497
810 N WELLS ST,"810 N WELLS ST Chicago, IL.",41.89672305,-87.63428532
1532 W LAKE ST,"1532 W LAKE ST Chicago, IL.",41.88540782,-87.66596391
1009 W WASHINGTON BLVD,"1009 W WASHINGTON BLVD Chicago, IL.",41.8830038,-87.65222516
1219 W HUBBARD ST,"1219 W HUBBARD ST Chicago, IL.",41.88993085,-87.65766066
1209 W HUBBARD ST,"1209 W HUBBARD ST Chicago, IL.",41.88993085,-87.65753485
1930 N HALSTED ST,"1930 N HALSTED ST Chicago, IL.",41.91666455,-87.64852477
1735 N CLYBOURN AVE,"1735 N CLYBOURN AVE Chicago, IL.",41.91288339,-87.65215233
1136 W ARMITAGE AVE,"1136 W ARMITAGE AVE Chicago, IL.",41.91811228,-87.65688187
825 W ARMITAGE AVE,"825 W ARMITAGE AVE Chicago, IL.",41.91810702,-87.64955656
2536 N SOUTHPORT AVE,"2536 N SOUTHPORT AVE Chicago, IL.",41.92806746,-87.66349442
2232 N SOUTHPORT AVE,"2232 N SOUTHPORT AVE Chicago, IL.",41.92222926,-87.66329499
2228 N SOUTHPORT AVE,"2228 N SOUTHPORT AVE Chicago, IL.",41.92216046,-87.66329253
1254 W LAKE ST,"1254 W LAKE ST Chicago, IL.",41.88554401,-87.65792856
2200 N HALSTED ST,"2200 N HALSTED ST Chicago, IL.",41.92187682,-87.64871086
1232 S HALSTED ST,"1232 S HALSTED ST Chicago, IL.",41.86671651,-87.64698469
1308 S HALSTED ST,"1308 S HALSTED ST Chicago, IL.",41.86546071,-87.64694279
1318 S HALSTED ST,"1318 S HALSTED ST Chicago, IL.",41.865014,-87.64692911
2130 S ARCHER AVE,"2130 S ARCHER AVE Chicago, IL.",41.85341809,-87.63380884
3335 N HALSTED ST,"3335 N HALSTED ST Chicago, IL.",41.94276849,-87.64928065
3246 N CLARK ST,"3246 N CLARK ST Chicago, IL.",41.94078535,-87.65143713
1522 W TAYLOR ST,"1522 W TAYLOR ST Chicago, IL.",41.86935445,-87.66437393
1348 W TAYLOR ST,"1348 W TAYLOR ST Chicago, IL.",41.8694087,-87.66086423
775 W TAYLOR ST,"775 W TAYLOR ST Chicago, IL.",41.8697833,-87.6458535
621 W ROOSEVELT RD,"621 W ROOSEVELT RD Chicago, IL.",41.86715276,-87.64327737
220 W ILLINOIS ST,"220 W ILLINOIS ST Chicago, IL.",41.89083633,-87.63470168
1859 N CLYBOURN AVE,"1859 N CLYBOURN AVE Chicago, IL.",41.91483595,-87.65487648
2179 N CLYBOURN AVE,"2179 N CLYBOURN AVE Chicago, IL.",41.92108433,-87.66355603
1421 W FULLERTON AVE,"1421 W FULLERTON AVE Chicago, IL.",41.92514794,-87.66431488
2723 N LINCOLN AVE,"2723 N LINCOLN AVE Chicago, IL.",41.93123266,-87.65674148
2861 N LINCOLN AVE,"2861 N LINCOLN AVE Chicago, IL.",41.93368313,-87.66016808
3027 N LINCOLN AVE,"3027 N LINCOLN AVE Chicago, IL.",41.93664242,-87.66432593
3261 N LINCOLN AVE,"3261 N LINCOLN AVE Chicago, IL.",41.94110542,-87.66956723
3321 N LINCOLN AVE,"3321 N LINCOLN AVE Chicago, IL.",41.94192998,-87.67014051
3327 N LINCOLN AVE,"3327 N LINCOLN AVE Chicago, IL.",41.94203456,-87.67021346
3343 N LINCOLN AVE,"3343 N LINCOLN AVE Chicago, IL.",41.94231344,-87.670408
3347 N LINCOLN AVE,"3347 N LINCOLN AVE Chicago, IL.",41.94238316,-87.67045664
3357 N LINCOLN AVE,"3357 N LINCOLN AVE Chicago, IL.",41.94255746,-87.67057823
838 W ROOSEVELT RD,"838 W ROOSEVELT RD Chicago, IL.",41.86719726,-87.6477129
1131 W ROOSEVELT RD,"1131 W ROOSEVELT RD Chicago, IL.",41.86694392,-87.65538534
1134 W 18TH ST,"1134 W 18TH ST Chicago, IL.",41.85803878,-87.65492659
1406 W 18TH ST,"1406 W 18TH ST Chicago, IL.",41.85792546,-87.66169949
1133 W 18TH ST,"1133 W 18TH ST Chicago, IL.",41.85792686,-87.65455638
1113 W 18TH ST,"1113 W 18TH ST Chicago, IL.",41.85793583,-87.65402199
2239 S HALSTED ST,"2239 S HALSTED ST Chicago, IL.",41.85152995,-87.64638478
2114 S WENTWORTH AVE,"2114 S WENTWORTH AVE Chicago, IL.",41.85413991,-87.63188738
1883 S WENTWORTH AVE,"1883 S WENTWORTH AVE Chicago, IL.",41.85654475,-87.63184712
1913 N CLARK ST,"1913 N CLARK ST Chicago, IL.",41.91589694,-87.63444456
2713 N CLARK ST,"2713 N CLARK ST Chicago, IL.",41.93168203,-87.64439187
2903 N BROADWAY ST,"2903 N BROADWAY ST Chicago, IL.",41.93526936,-87.64416302
2911 N BROADWAY ST,"2911 N BROADWAY ST Chicago, IL.",41.93536635,-87.64416639
3331 N BROADWAY,"3331 N BROADWAY Chicago, IL.",41.9428578,-87.64445936
3701 N BROADWAY ST,"3701 N BROADWAY ST Chicago, IL.",41.94924781,-87.64833628
2640 N HALSTED ST,"2640 N HALSTED ST Chicago, IL.",41.93009972,-87.64900074
1126 W FULLERTON AVE,"1126 W FULLERTON AVE Chicago, IL.",41.92537044,-87.65709575
927 W ARMITAGE AVE,"927 W ARMITAGE AVE Chicago, IL.",41.91807048,-87.65199671
655 W ARMITAGE AVE,"655 W ARMITAGE AVE Chicago, IL.",41.91816384,-87.64565175
509 W ARMITAGE AVE,"509 W ARMITAGE AVE Chicago, IL.",41.91822347,-87.64162108
435 W ARMITAGE AVE,"435 W ARMITAGE AVE Chicago, IL.",41.91824484,-87.64017168
724 W ARMITAGE AVE,"724 W ARMITAGE AVE Chicago, IL.",41.91825144,-87.64710918
910 W ARMITAGE AVE,"910 W ARMITAGE AVE Chicago, IL.",41.91819212,-87.6514052
912 W ARMITAGE AVE,"912 W ARMITAGE AVE Chicago, IL.",41.91819026,-87.65148227
1028 W ARMITAGE AVE,"1028 W ARMITAGE AVE Chicago, IL.",41.91814344,-87.65449924
1120 W ARMITAGE AVE,"1120 W ARMITAGE AVE Chicago, IL.",41.91812058,-87.65643259
2375 N SOUTHPORT AVE,"2375 N SOUTHPORT AVE Chicago, IL.",41.924534,-87.66322052
2629 N SOUTHPORT AVE,"2629 N SOUTHPORT AVE Chicago, IL.",41.92939833,-87.66338579
2809 N SOUTHPORT AVE,"2809 N SOUTHPORT AVE Chicago, IL.",41.93272749,-87.66350154
3019 N SOUTHPORT AVE,"3019 N SOUTHPORT AVE Chicago, IL.",41.93681468,-87.66363774
1234 W BELMONT AVE,"1234 W BELMONT AVE Chicago, IL.",41.9398726,-87.66023884
1057 W BELMONT AVE,"1057 W BELMONT AVE Chicago, IL.",41.93982276,-87.65609956
2854 N CLARK ST,"2854 N CLARK ST Chicago, IL.",41.9341804,-87.64608993
1229 W BELMONT AVE,"1229 W BELMONT AVE Chicago, IL.",41.93976985,-87.65960409
675 W ROSCOE ST,"675 W ROSCOE ST Chicago, IL.",41.94358884,-87.64741727
963 W BELMONT AVE,"963 W BELMONT AVE Chicago, IL.",41.93986284,-87.65367644
2344 N LINCOLN AVE,"2344 N LINCOLN AVE Chicago, IL.",41.92443227,-87.64745506
2170 N LINCOLN AVE,"2170 N LINCOLN AVE Chicago, IL.",41.92136687,-87.64317025
2167 N LINCOLN AVE,"2167 N LINCOLN AVE Chicago, IL.",41.92149912,-87.64313238
1306 N WELLS ST,"1306 N WELLS ST Chicago, IL.",41.90679995,-87.63465568
1411 N WELLS ST,"1411 N WELLS ST Chicago, IL.",41.90789053,-87.6345349
2702 N LINCOLN AVE,"2702 N LINCOLN AVE Chicago, IL.",41.93080045,-87.65635857
2937 N LINCOLN AVE,"2937 N LINCOLN AVE Chicago, IL.",41.93516216,-87.66224258
2218 N LINCOLN AVE,"2218 N LINCOLN AVE Chicago, IL.",41.9222695,-87.64443298
1147 W TAYLOR ST,"1147 W TAYLOR ST Chicago, IL.",41.86937485,-87.6555598
1333 N HALSTED ST,"1333 N HALSTED ST Chicago, IL.",41.9055375,-87.6480563
1381 W HUBBARD ST,"1381 W HUBBARD ST Chicago, IL.",41.88988585,-87.66175649
1225 W HUBBARD ST,"1225 W HUBBARD ST Chicago, IL.",41.88992856,-87.65773156
1211 W HUBBARD ST,"1211 W HUBBARD ST Chicago, IL.",41.88993085,-87.65756001
1205 W HUBBARD ST,"1205 W HUBBARD ST Chicago, IL.",41.88993085,-87.65748453
114 E GRAND AVE,"114 E GRAND AVE Chicago, IL.",41.89179144,-87.6238343
128 S CLINTON ST,"128 S CLINTON ST Chicago, IL.",41.88035393,-87.64122219
555 W WASHINGTON BLVD,"555 W WASHINGTON BLVD Chicago, IL.",41.88311785,-87.6416005
151 E RANDOLPH ST,"151 E RANDOLPH ST Chicago, IL.",41.88432088,-87.62413146
362 W ADAMS ST,"362 W ADAMS ST Chicago, IL.",41.87941917,-87.63614415
2343 S WENTWORTH AVE,"2343 S WENTWORTH AVE Chicago, IL.",41.84990976,-87.63186946
2037 S WENTWORTH AVE,"2037 S WENTWORTH AVE Chicago, IL.",41.85499055,-87.63176414
951 N ASHLAND AVE,"951 N ASHLAND AVE Chicago, IL.",41.89910709,-87.66730039
1041 N ASHLAND AVE,"1041 N ASHLAND AVE Chicago, IL.",41.9008962,-87.66734906
2638 N CLARK ST,"2638 N CLARK ST Chicago, IL.",41.93047056,-87.64384344
2622 N CLARK ST,"2622 N CLARK ST Chicago, IL.",41.93021747,-87.64369388
2508 N CLARK ST,"2508 N CLARK ST Chicago, IL.",41.9279811,-87.64198797
1509 N WELLS ST,"1509 N WELLS ST Chicago, IL.",41.90953524,-87.6345812
768 W ROOSEVELT RD,"768 W ROOSEVELT RD Chicago, IL.",41.86722144,-87.6460348
877 W ROOSEVELT RD,"877 W ROOSEVELT RD Chicago, IL.",41.86706185,-87.64903858
1222 S HALSTED ST,"1222 S HALSTED ST Chicago, IL.",41.86683523,-87.64698864
1226 S HALSTED ST,"1226 S HALSTED ST Chicago, IL.",41.86678774,-87.64698706
1334 S HALSTED ST,"1334 S HALSTED ST Chicago, IL.",41.86434186,-87.64691463
1577 W 18TH ST,"1577 W 18TH ST Chicago, IL.",41.85774686,-87.66585121
768 W JACKSON BLVD,"768 W JACKSON BLVD Chicago, IL.",41.87801244,-87.64676801
720 W JACKSON BLVD,"720 W JACKSON BLVD Chicago, IL.",41.87803206,-87.64501068
2021 S WABASH AVE,"2021 S WABASH AVE Chicago, IL.",41.85518706,-87.62547325
122 E ADAMS ST,"122 E ADAMS ST Chicago, IL.",41.87945164,-87.63266385
480 W 26TH ST,"480 W 26TH ST Chicago, IL.",41.84547764,-87.63960696
75 W JACKSON BLVD,"75 W JACKSON BLVD Chicago, IL.",41.87810095,-87.63020626
58 S DEARBORN ST,"58 S DEARBORN ST Chicago, IL",41.88162589,-87.62946932
13 S DEARBORN ST,"13 S DEARBORN ST Chicago, IL",41.88185389,-87.62932119
1019 W LAKE ST,"1019 W LAKE ST Chicago, IL",41.88551449,-87.65286775
201 S DEARBORN ST,"201 S DEARBORN ST Chicago, IL",41.87938439,-87.62927478
10 S CLINTON ST,"10 S CLINTON ST Chicago, IL",41.88175649,-87.64126674
1145 S WABASH AVE,"1145 S WABASH AVE Chicago, IL",41.86810245,-87.62576036
118 W ADAMS ST,"118 W ADAMS ST Chicago, IL",41.87945218,-87.63261043
43 E CHICAGO AVE,"43 E CHICAGO AVE Chicago, IL",41.89664485,-87.62631046
20 E CHICAGO AVE,"20 E CHICAGO AVE Chicago, IL",41.8967478,-87.62735553
1725 W HARRISON ST,"1725 W HARRISON ST Chicago, IL",41.874073,-87.6701809
600 S LOOMIS ST,"600 S LOOMIS ST Chicago, IL",41.87408968,-87.66186058
915 S LOOMIS ST,"915 S LOOMIS ST Chicago, IL",41.8698985,-87.66158157
1501 W ROOSEVELT RD,"1501 W ROOSEVELT RD Chicago, IL",41.86681885,-87.66408968
1101 S WABASH AVE,"1101 S WABASH AVE Chicago, IL",41.8685482,-87.62577404
1009 S WABASH AVE,"1009 S WABASH AVE Chicago, IL",41.86991537,-87.62581693
826 S WABASH AVE,"826 S WABASH AVE Chicago, IL",41.87147479,-87.62600819
97 N DEARBORN ST,"97 N DEARBORN ST Chicago, IL",41.88313944,-87.62936074
104 N DEARBORN ST,"104 N DEARBORN ST Chicago, IL",41.88456622,-87.62953731
1312 N WELLS ST,"1312 N WELLS ST Chicago, IL",41.90685243,-87.63465806
1349 W WASHINGTON BLVD,"1349 W WASHINGTON BLVD Chicago, IL",41.88286118,-87.66120933
101 N DEARBORN ST,"101 N DEARBORN ST Chicago, IL",41.88326709,-87.62935602
1400 N DEARBORN PKWY,"1400 N DEARBORN PKWY Chicago, IL",41.90790924,-87.63018381
1017 W WASHINGTON BLVD,"1017 W WASHINGTON BLVD Chicago, IL",41.88300076,-87.65231033
913 W WASHINGTON BLVD,"913 W WASHINGTON BLVD Chicago, IL",41.88303976,-87.65021258
111 N DEARBORN ST,"111 N DEARBORN ST Chicago, IL",41.8837135,-87.62935598
121 N DEARBORN ST,"121 N DEARBORN ST Chicago, IL",41.88415784,-87.62936576
2 N CLINTON ST,"2 N CLINTON ST Chicago, IL",41.88191695,-87.64127215
1122 S WABASH AVE,"1122 S WABASH AVE Chicago, IL",41.86877839,-87.62593469
21 W JACKSON BLVD,"21 W JACKSON BLVD Chicago, IL",41.87811385,-87.6288367
112 W KINZIE ST,"112 W KINZIE ST Chicago, IL",41.88926499,-87.63128663
1111 S WABASH AVE,"1111 S WABASH AVE Chicago, IL",41.86844693,-87.62577088
431 S DEARBORN ST,"431 S DEARBORN ST Chicago, IL",41.87651438,-87.62917495
417 S DEARBORN ST,"417 S DEARBORN ST Chicago, IL",41.87667005,-87.62917823
45 E CHICAGO AVE,"45 E CHICAGO AVE Chicago, IL",41.89664485,-87.62628834
851 W CHICAGO AVE,"851 W CHICAGO AVE Chicago, IL",41.89631122,-87.64924006
691 W CHICAGO AVE,"691 W CHICAGO AVE Chicago, IL",41.8964046,-87.64368358
685 W CHICAGO AVE,"685 W CHICAGO AVE Chicago, IL",41.89640595,-87.64362291
311 W CHICAGO AVE,"311 W CHICAGO AVE Chicago, IL",41.89651093,-87.6363422
233 W CHICAGO AVE,"233 W CHICAGO AVE Chicago, IL",41.89652785,-87.63500279
202 W CHICAGO AVE,"202 W CHICAGO AVE Chicago, IL",41.89664244,-87.63488594
1111 W CHICAGO AVE,"1111 W CHICAGO AVE Chicago, IL",41.89620385,-87.65565795
48 W CHICAGO AVE,"48 W CHICAGO AVE Chicago, IL",41.89670953,-87.62993798
943 W CHICAGO AVE,"943 W CHICAGO AVE Chicago, IL",41.89627879,-87.65102954
853 W CHICAGO AVE,"853 W CHICAGO AVE Chicago, IL",41.89631078,-87.64926018
845 W CHICAGO AVE,"845 W CHICAGO AVE Chicago, IL",41.89631185,-87.64918194
763 W CHICAGO AVE,"763 W CHICAGO AVE Chicago, IL",41.89634893,-87.64676755
657 W CHICAGO AVE,"657 W CHICAGO AVE Chicago, IL",41.89641228,-87.64333978
0 W CHICAGO AVE,"1 W CHICAGO AVE Chicago, IL",41.89661785,-87.62827422
530 W CHICAGO AVE,"530 W CHICAGO AVE Chicago, IL",41.89654344,-87.64199807
171 W CHICAGO AVE,"171 W CHICAGO AVE Chicago, IL",41.89654585,-87.63388168
869 N WELLS ST,"869 N WELLS ST Chicago, IL",41.89794494,-87.63417346
365 W CHICAGO AVE,"365 W CHICAGO AVE Chicago, IL",41.89648851,-87.63776535
341 W CHICAGO AVE,"341 W CHICAGO AVE Chicago, IL",41.89649185,-87.63724722
10 N DEARBORN ST,"10 N DEARBORN ST Chicago, IL",41.88209341,-87.62948021
132 N DEARBORN ST,"132 N DEARBORN ST Chicago, IL",41.8847785,-87.62954468
1422 W LAKE ST,"1422 W LAKE ST Chicago, IL",41.88545544,-87.66318142
537 W JACKSON BLVD,"537 W JACKSON BLVD Chicago, IL",41.87796814,-87.64150982
364 W JACKSON BLVD,"364 W JACKSON BLVD Chicago, IL",41.8781346,-87.63710907
174 W JACKSON BLVD,"174 W JACKSON BLVD Chicago, IL",41.87817571,-87.63344648
834 W CHICAGO AVE,"834 W CHICAGO AVE Chicago, IL",41.89642644,-87.64919402
1113 W HUBBARD ST,"1113 W HUBBARD ST Chicago, IL",41.88995138,-87.65507202
149 W ADAMS ST,"149 W ADAMS ST Chicago, IL",41.87933525,-87.63283774
501 W JACKSON BLVD,"501 W JACKSON BLVD Chicago, IL",41.87798785,-87.6396367
383 W JACKSON BLVD,"383 W JACKSON BLVD Chicago, IL",41.87801797,-87.63720969
367 W JACKSON BLVD,"367 W JACKSON BLVD Chicago, IL",41.87801981,-87.63711661
229 W JACKSON BLVD,"229 W JACKSON BLVD Chicago, IL",41.87805085,-87.63459857
120 W JACKSON BLVD,"120 W JACKSON BLVD Chicago, IL",41.87818267,-87.63298332
11 E JACKSON BLVD,"11 E JACKSON BLVD Chicago, IL",41.87816002,-87.62730737
400 W ADAMS ST,"400 W ADAMS ST Chicago, IL",41.87938836,-87.63854687
454 W ADAMS ST,"454 W ADAMS ST Chicago, IL",41.87937655,-87.63908505
1118 S WABASH AVE,"1118 S WABASH AVE Chicago, IL",41.86885718,-87.62593694
271 S DEARBORN ST,"271 S DEARBORN ST Chicago, IL",41.87856058,-87.62924187
138 N DEARBORN ST,"138 N DEARBORN ST Chicago, IL",41.88482398,-87.62954625
224 N DEARBORN ST,"224 N DEARBORN ST Chicago, IL",41.88605496,-87.6295843
35 W WACKER DR,"35 W WACKER DR Chicago, IL",41.88682188,-87.6291871
27 E HARRISON ST,"27 E HARRISON ST Chicago, IL",41.87433137,-87.62711849
632 S WABASH AVE,"632 S WABASH AVE Chicago, IL",41.87373892,-87.62605493
714 S WABASH AVE,"714 S WABASH AVE Chicago, IL",41.87289789,-87.6260382
1132 S WABASH AVE,"1132 S WABASH AVE Chicago, IL",41.86853372,-87.62592751
23 E JACKSON BLVD,"23 E JACKSON BLVD Chicago, IL",41.87816917,-87.62685407
1133 S WABASH AVE,"1133 S WABASH AVE Chicago, IL",41.86822413,-87.62576392
228 N DEARBORN ST,"228 N DEARBORN ST Chicago, IL",41.88609657,-87.62958536
1110 W HUBBARD ST,"1110 W HUBBARD ST Chicago, IL",41.89006344,-87.65540539
914 W HUBBARD ST,"914 W HUBBARD ST Chicago, IL",41.89011004,-87.65048571
124 N DEARBORN ST,"124 N DEARBORN ST Chicago, IL",41.88471786,-87.62954259
144 W KINZIE ST,"144 W KINZIE ST Chicago, IL",41.88925671,-87.63167913
140 N DEARBORN ST,"140 N DEARBORN ST Chicago, IL",41.88483914,-87.62954677
98 N DEARBORN ST,"98 N DEARBORN ST Chicago, IL",41.88253123,-87.62949597
900 W CHICAGO AVE,"900 W CHICAGO AVE Chicago, IL",41.89640366,-87.65022976
925 W CHICAGO AVE,"925 W CHICAGO AVE Chicago, IL",41.89628134,-87.65096841
932 W CHICAGO AVE,"932 W CHICAGO AVE Chicago, IL",41.89639944,-87.65049388
1128 W CHICAGO AVE,"1128 W CHICAGO AVE Chicago, IL",41.89630944,-87.65619745
1148 W CHICAGO AVE,"1148 W CHICAGO AVE Chicago, IL",41.89630445,-87.65647935
1129 S HALSTED ST,"1129 S HALSTED ST Chicago, IL",41.86684475,-87.64683504
1040 W ROOSEVELT RD,"1040 W ROOSEVELT RD Chicago, IL",41.86714045,-87.65119919
1050 W ROOSEVELT RD,"1050 W ROOSEVELT RD Chicago, IL",41.86714045,-87.65123283
522 W CHICAGO AVE,"522 W CHICAGO AVE Chicago, IL",41.89654344,-87.64189739
908 W CHICAGO AVE,"908 W CHICAGO AVE Chicago, IL",41.89640244,-87.65029626
1038 W CHICAGO AVE,"1038 W CHICAGO AVE Chicago, IL",41.89633558,-87.65484169
1136 W CHICAGO AVE,"1136 W CHICAGO AVE Chicago, IL",41.89630706,-87.65639328
1449 W TAYLOR ST,"1449 W TAYLOR ST Chicago, IL",41.86925643,-87.66323038
1132 W TAYLOR ST,"1132 W TAYLOR ST Chicago, IL",41.86948987,-87.65554021
800 S LOOMIS ST,"800 S LOOMIS ST Chicago, IL",41.87169558,-87.66178843
825 W CHICAGO AVE,"825 W CHICAGO AVE Chicago, IL",41.89632085,-87.64884727
102 N FRANKLIN ST,"102 N FRANKLIN ST Chicago, IL",41.88453306,-87.63545877
108 N FRANKLIN ST,"108 N FRANKLIN ST Chicago, IL",41.88457853,-87.63546039
114 N FRANKLIN ST,"114 N FRANKLIN ST Chicago, IL",41.88462452,-87.63546159
193 W CHICAGO AVE,"193 W CHICAGO AVE Chicago, IL",41.89654102,-87.63407182
137 N DEARBORN ST,"137 N DEARBORN ST Chicago, IL",41.88521556,-87.62940203
819 S WABASH AVE,"819 S WABASH AVE Chicago, IL",41.87157248,-87.62585655
737 N MICHIGAN AVE,"737 N MICHIGAN AVE Chicago, IL",41.89591934,-87.62419754
416 E GRAND AVE,"416 E GRAND AVE Chicago, IL",41.89190844,-87.61733377
1439 W HUBBARD ST,"1439 W HUBBARD ST Chicago, IL",41.88987685,-87.66387346
355 W JACKSON BLVD,"355 W JACKSON BLVD Chicago, IL",41.8780212,-87.6370468
870 S WABASH AVE,"870 S WABASH AVE Chicago, IL",41.87094838,-87.62599595
416 S DEARBORN ST,"416 S DEARBORN ST Chicago, IL",41.87667967,-87.62933263
729 S WABASH AVE,"729 S WABASH AVE Chicago, IL",41.87273344,-87.62588062
58 W ADAMS ST,"58 W ADAMS ST Chicago, IL",41.87948128,-87.63019812
147 W ADAMS ST,"147 W ADAMS ST Chicago, IL",41.87933559,-87.63280418
419 W JACKSON BLVD,"419 W JACKSON BLVD Chicago, IL",41.87799907,-87.63844397
152 W JACKSON BLVD,"152 W JACKSON BLVD Chicago, IL",41.87817854,-87.63325778
55 E JACKSON BLVD,"55 E JACKSON BLVD Chicago, IL",41.87818689,-87.62600249
407 S DEARBORN ST,"407 S DEARBORN ST Chicago, IL",41.87678046,-87.62918303
110 W MADISON ST,"110 W MADISON ST Chicago, IL",41.88202644,-87.63155921
120 W MADISON ST,"120 W MADISON ST Chicago, IL",41.88202644,-87.63167989
29 S CANAL ST,"29 S CANAL ST Chicago, IL",41.88141936,-87.63959314
5 N CANAL ST,"5 N CANAL ST Chicago, IL",41.88199447,-87.63961068
113 E CHICAGO AVE,"113 E CHICAGO AVE Chicago, IL",41.89666285,-87.62492172
1112 S WABASH AVE,"1112 S WABASH AVE Chicago, IL",41.86897492,-87.62594087
518 W CHICAGO AVE,"518 W CHICAGO AVE Chicago, IL",41.89654344,-87.64184705
469 W CHICAGO AVE,"469 W CHICAGO AVE Chicago, IL",41.89643785,-87.64105729
459 W CHICAGO AVE,"459 W CHICAGO AVE Chicago, IL",41.89644721,-87.64073444
273 S DEARBORN ST,"273 S DEARBORN ST Chicago, IL",41.87853703,-87.62924056
255 S DEARBORN ST,"255 S DEARBORN ST Chicago, IL",41.87874819,-87.62925141
59 W CHICAGO AVE,"59 W CHICAGO AVE Chicago, IL",41.89658595,-87.63061703
15 E CHICAGO AVE,"15 E CHICAGO AVE Chicago, IL",41.89664434,-87.62661643
0 W ROOSEVELT RD,"1 W ROOSEVELT RD Chicago, IL",41.867288,-87.6272548
207 N DEARBORN ST,"207 N DEARBORN ST Chicago, IL",41.88562372,-87.62941665
227 N DEARBORN ST,"227 N DEARBORN ST Chicago, IL",41.88588589,-87.62942601
65 N DEARBORN ST,"65 N DEARBORN ST Chicago, IL",41.88294016,-87.62935677
7 W MADISON ST,"7 W MADISON ST Chicago, IL",41.88195685,-87.62815387
102 N DEARBORN ST,"102 N DEARBORN ST Chicago, IL",41.88455106,-87.62953677
3 S DEARBORN ST,"3 S DEARBORN ST Chicago, IL",41.88192598,-87.62932376
29 S DEARBORN ST,"29 S DEARBORN ST Chicago, IL",41.88173702,-87.62931729
222 N DEARBORN ST,"222 N DEARBORN ST Chicago, IL",41.88603415,-87.62958376
310 W MADISON ST,"310 W MADISON ST Chicago, IL",41.88199018,-87.63563049
414 S DEARBORN ST,"414 S DEARBORN ST Chicago, IL",41.87670009,-87.62933352
1318 N WELLS ST,"1318 N WELLS ST Chicago, IL",41.90690555,-87.63466023
22 E CHICAGO AVE,"22 E CHICAGO AVE Chicago, IL",41.89674874,-87.6272704
1322 W LAKE ST,"1322 W LAKE ST Chicago, IL",41.88551954,-87.65974287
277 S DEARBORN ST,"277 S DEARBORN ST Chicago, IL",41.87848992,-87.62923794
170 N DEARBORN ST,"170 N DEARBORN ST Chicago, IL",41.8851659,-87.62955423
106 E CHICAGO AVE,"106 E CHICAGO AVE Chicago, IL",41.89676844,-87.62539817
3 E CHICAGO AVE,"3 E CHICAGO AVE Chicago, IL",41.89663951,-87.62674901
50 W CHICAGO AVE,"50 W CHICAGO AVE Chicago, IL",41.8967089,-87.62995827
458 W CHICAGO AVE,"458 W CHICAGO AVE Chicago, IL",41.89658275,-87.63937596
104 S CLINTON ST,"104 S CLINTON ST Chicago, IL",41.88048457,-87.64122685
85 S CANAL ST,"85 S CANAL ST Chicago, IL",41.88077323,-87.63957478
79 S CANAL ST,"79 S CANAL ST Chicago, IL",41.88082562,-87.6395767
35 N CANAL ST,"35 N CANAL ST Chicago, IL",41.88235713,-87.63962075
59 S DEARBORN ST,"59 S DEARBORN ST Chicago, IL",41.88152252,-87.62931102
9 S DEARBORN ST,"9 S DEARBORN ST Chicago, IL",41.88188272,-87.62932222
312 W RANDOLPH ST,"312 W RANDOLPH ST Chicago, IL",41.88451944,-87.63561479
437 S DEARBORN ST,"437 S DEARBORN ST Chicago, IL",41.8764481,-87.62917365
223 N DEARBORN ST,"223 N DEARBORN ST Chicago, IL",41.8858352,-87.62942383
221 N DEARBORN ST,"221 N DEARBORN ST Chicago, IL",41.88580908,-87.6294222
225 N DEARBORN ST,"225 N DEARBORN ST Chicago, IL",41.88585975,-87.62942534
257 S DEARBORN ST,"257 S DEARBORN ST Chicago, IL",41.87872462,-87.62925057
309 W CHICAGO AVE,"309 W CHICAGO AVE Chicago, IL",41.89651216,-87.63628872
487 W CHICAGO AVE,"487 W CHICAGO AVE Chicago, IL",41.89643785,-87.64118988
189 W CHICAGO AVE,"189 W CHICAGO AVE Chicago, IL",41.89654213,-87.63403666
165 W CHICAGO AVE,"165 W CHICAGO AVE Chicago, IL",41.89654585,-87.63382889
1130 S WABASH AVE,"1130 S WABASH AVE Chicago, IL",41.86854553,-87.62592788
555 S DEARBORN ST,"555 S DEARBORN ST Chicago, IL",41.87499845,-87.62914154
708 S WABASH AVE,"708 S WABASH AVE Chicago, IL",41.87296912,-87.62603947
912 S WABASH AVE,"912 S WABASH AVE Chicago, IL",41.87045254,-87.6259819
10 S DEARBORN ST,"10 S DEARBORN ST Chicago, IL",41.88189289,-87.62947655
247 S DEARBORN ST,"247 S DEARBORN ST Chicago, IL",41.87884396,-87.62925532
6 N DEARBORN ST,"6 N DEARBORN ST Chicago, IL",41.88207342,-87.62948021
8 N DEARBORN ST,"8 N DEARBORN ST Chicago, IL",41.88208342,-87.62948021
92 N DEARBORN ST,"92 N DEARBORN ST Chicago, IL",41.88250127,-87.62949482
53 N DEARBORN ST,"53 N DEARBORN ST Chicago, IL",41.88286419,-87.62935405
139 N DEARBORN ST,"139 N DEARBORN ST Chicago, IL",41.88522722,-87.62940244
141 N DEARBORN ST,"141 N DEARBORN ST Chicago, IL",41.88523887,-87.62940286
903 N WELLS ST,"903 N WELLS ST Chicago, IL",41.89909016,-87.63421937
230 S DEARBORN ST,"230 S DEARBORN ST Chicago, IL",41.87902824,-87.62941889
302 W ADAMS ST,"302 W ADAMS ST Chicago, IL",41.87942544,-87.63533901
850 S WABASH AVE,"850 S WABASH AVE Chicago, IL",41.87118766,-87.62600151
86 N DEARBORN ST,"86 N DEARBORN ST Chicago, IL",41.88247135,-87.62949367
28 E ROOSEVELT RD,"28 E ROOSEVELT RD Chicago, IL",41.86755444,-87.62631961
83 S CANAL ST,"83 S CANAL ST Chicago, IL",41.88079069,-87.63957542
2 E ROOSEVELT RD,"2 E ROOSEVELT RD Chicago, IL",41.86755444,-87.62647781
80 W CHICAGO AVE,"80 W CHICAGO AVE Chicago, IL",41.89670544,-87.63025954
836 W CHICAGO AVE,"836 W CHICAGO AVE Chicago, IL",41.89642576,-87.64924456
915 W WASHINGTON BLVD,"915 W WASHINGTON BLVD Chicago, IL",41.88303762,-87.65027999
956 W CHICAGO AVE,"956 W CHICAGO AVE Chicago, IL",41.89638148,-87.65170918
61 W WASHINGTON ST,"61 W WASHINGTON ST Chicago, IL",41.88315385,-87.62982793
844 W LAKE ST,"844 W LAKE ST Chicago, IL",41.88569748,-87.64895034
49 N DEARBORN ST,"49 N DEARBORN ST Chicago, IL",41.88283887,-87.62935315
261 S DEARBORN ST,"261 S DEARBORN ST Chicago, IL",41.87867835,-87.62924841
81 E MADISON ST,"81 E MADISON ST Chicago, IL",41.88204114,-87.62497409
413 S DEARBORN ST,"413 S DEARBORN ST Chicago, IL",41.87671421,-87.62918015
135 N DEARBORN ST,"135 N DEARBORN ST Chicago, IL",41.88520391,-87.62940161
263 N DEARBORN ST,"263 N DEARBORN ST Chicago, IL",41.88635695,-87.62944033
315 W CHICAGO AVE,"315 W CHICAGO AVE Chicago, IL",41.89650846,-87.63644916
423 W CHICAGO AVE,"423 W CHICAGO AVE Chicago, IL",41.89645877,-87.63980754
363 W CHICAGO AVE,"363 W CHICAGO AVE Chicago, IL",41.89648897,-87.63772208
843 W CHICAGO AVE,"843 W CHICAGO AVE Chicago, IL",41.89631185,-87.64916181
569 W CHICAGO AVE,"569 W CHICAGO AVE Chicago, IL",41.89641985,-87.64247571
551 W CHICAGO AVE,"551 W CHICAGO AVE Chicago, IL",41.89642885,-87.64224978
497 W CHICAGO AVE,"497 W CHICAGO AVE Chicago, IL",41.89643785,-87.64126354
361 W CHICAGO AVE,"361 W CHICAGO AVE Chicago, IL",41.89648943,-87.63767881
260 S DEARBORN ST,"260 S DEARBORN ST Chicago, IL",41.87867361,-87.62940218
555 W CHICAGO AVE,"555 W CHICAGO AVE Chicago, IL",41.89642885,-87.64230012
521 W CHICAGO AVE,"521 W CHICAGO AVE Chicago, IL",41.89642885,-87.64187222
27 S DEARBORN ST,"27 S DEARBORN ST Chicago, IL",41.88175296,-87.62931758
359 W CHICAGO AVE,"359 W CHICAGO AVE Chicago, IL",41.8964899,-87.63763555
285 S DEARBORN ST,"285 S DEARBORN ST Chicago, IL",41.8783957,-87.62923271
23 S DEARBORN ST,"23 S DEARBORN ST Chicago, IL",41.8817818,-87.62931861
48 N DEARBORN ST,"48 N DEARBORN ST Chicago, IL",41.88228158,-87.62948655
311 W ADAMS ST,"311 W ADAMS ST Chicago, IL",41.87931018,-87.63559666
473 W JACKSON BLVD,"473 W JACKSON BLVD Chicago, IL",41.8779896,-87.6391451
382 W JACKSON BLVD,"382 W JACKSON BLVD Chicago, IL",41.87813252,-87.63721378
361 W JACKSON BLVD,"361 W JACKSON BLVD Chicago, IL",41.8780205,-87.63708171
356 W JACKSON BLVD,"356 W JACKSON BLVD Chicago, IL",41.87813552,-87.63706253
235 W JACKSON BLVD,"235 W JACKSON BLVD Chicago, IL",41.87805085,-87.63464385
219 W JACKSON BLVD,"219 W JACKSON BLVD Chicago, IL",41.87805246,-87.6343822
542 W ADAMS ST,"542 W ADAMS ST Chicago, IL",41.87933738,-87.6420571
548 W ADAMS ST,"548 W ADAMS ST Chicago, IL",41.87933656,-87.64210498
469 W JACKSON BLVD,"469 W JACKSON BLVD Chicago, IL",41.87799019,-87.63909333
457 W JACKSON BLVD,"457 W JACKSON BLVD Chicago, IL",41.87799197,-87.63893803
283 S DEARBORN ST,"283 S DEARBORN ST Chicago, IL",41.87841926,-87.62923402
234 N DEARBORN ST,"234 N DEARBORN ST Chicago, IL",41.886159,-87.62958696
917 S WABASH AVE,"917 S WABASH AVE Chicago, IL",41.8704205,-87.62582745
831 S WABASH AVE,"831 S WABASH AVE Chicago, IL",41.87142892,-87.62585321
801 N DEARBORN ST,"801 N DEARBORN ST Chicago, IL",41.89671444,-87.62969977
271 N WELLS ST,"271 N WELLS ST Chicago, IL",41.88609934,-87.6338614
103 W JACKSON BLVD,"103 W JACKSON BLVD Chicago, IL",41.87808493,-87.63112372
399 W ADAMS ST,"399 W ADAMS ST Chicago, IL",41.87928385,-87.63766929
455 W ADAMS ST,"455 W ADAMS ST Chicago, IL",41.87926199,-87.63908182
483 W JACKSON BLVD,"483 W JACKSON BLVD Chicago, IL",41.87798812,-87.63927452
57 N DEARBORN ST,"57 N DEARBORN ST Chicago, IL",41.88288951,-87.62935496
243 N DEARBORN ST,"243 N DEARBORN ST Chicago, IL",41.88609503,-87.62943137
216 W JACKSON BLVD,"216 W JACKSON BLVD Chicago, IL",41.87816701,-87.63438646
46 S DEARBORN ST,"46 S DEARBORN ST Chicago, IL",41.88169435,-87.62947121
328 W CHICAGO AVE,"328 W CHICAGO AVE Chicago, IL",41.89661796,-87.63667231
1035 W CHICAGO AVE,"1035 W CHICAGO AVE Chicago, IL",41.89624629,-87.65299437
1033 W CHICAGO AVE,"1033 W CHICAGO AVE Chicago, IL",41.89624655,-87.65297777
945 W CHICAGO AVE,"945 W CHICAGO AVE Chicago, IL",41.89627851,-87.65103634
937 W CHICAGO AVE,"937 W CHICAGO AVE Chicago, IL",41.89627964,-87.65100917
929 W CHICAGO AVE,"929 W CHICAGO AVE Chicago, IL",41.89628077,-87.650982
463 W CHICAGO AVE,"463 W CHICAGO AVE Chicago, IL",41.89644126,-87.6410054
183 W CHICAGO AVE,"183 W CHICAGO AVE Chicago, IL",41.89654381,-87.63398392
959 W CHICAGO AVE,"959 W CHICAGO AVE Chicago, IL",41.89627652,-87.65108388
2 E CHICAGO AVE,"2 E CHICAGO AVE Chicago, IL",41.89673494,-87.6281238
150 W CHICAGO AVE,"150 W CHICAGO AVE Chicago, IL",41.89666044,-87.63370572
116 E CHICAGO AVE,"116 E CHICAGO AVE Chicago, IL",41.89676844,-87.62534632
112 E CHICAGO AVE,"112 E CHICAGO AVE Chicago, IL",41.89676844,-87.62536706
1031 W CHICAGO AVE,"1031 W CHICAGO AVE Chicago, IL",41.89624681,-87.65296117
1013 W CHICAGO AVE,"1013 W CHICAGO AVE Chicago, IL",41.89624885,-87.65281335
965 W CHICAGO AVE,"965 W CHICAGO AVE Chicago, IL",41.89626685,-87.65191722
390 N WELLS ST,"390 N WELLS ST Chicago, IL",41.88899413,-87.63406436
455 W CHICAGO AVE,"455 W CHICAGO AVE Chicago, IL",41.89645132,-87.64048727
187 W CHICAGO AVE,"187 W CHICAGO AVE Chicago, IL",41.89654269,-87.63401908
159 W CHICAGO AVE,"159 W CHICAGO AVE Chicago, IL",41.89654585,-87.63377611
37 W CHICAGO AVE,"37 W CHICAGO AVE Chicago, IL",41.89658683,-87.63059915
968 N DEARBORN ST,"968 N DEARBORN ST Chicago, IL",41.89953696,-87.62992589
1127 N DEARBORN ST,"1127 N DEARBORN ST Chicago, IL",41.90265242,-87.62987272
4 N DEARBORN ST,"4 N DEARBORN ST Chicago, IL",41.88206343,-87.62948021
62 N DEARBORN ST,"62 N DEARBORN ST Chicago, IL",41.8823515,-87.62948917
66 N DEARBORN ST,"66 N DEARBORN ST Chicago, IL",41.88237147,-87.62948992
80 N DEARBORN ST,"80 N DEARBORN ST Chicago, IL",41.88244139,-87.62949255
96 N DEARBORN ST,"96 N DEARBORN ST Chicago, IL",41.88252125,-87.62949559
477 W JACKSON BLVD,"477 W JACKSON BLVD Chicago, IL",41.87798901,-87.63919687
445 W JACKSON BLVD,"445 W JACKSON BLVD Chicago, IL",41.87799374,-87.63878273
215 W JACKSON BLVD,"215 W JACKSON BLVD Chicago, IL",41.87805511,-87.63425341
44 W JACKSON BLVD,"44 W JACKSON BLVD Chicago, IL",41.87823744,-87.62815948
310 W ADAMS ST,"310 W ADAMS ST Chicago, IL",41.87942544,-87.63544622
447 W JACKSON BLVD,"447 W JACKSON BLVD Chicago, IL",41.87799345,-87.63880861
437 W JACKSON BLVD,"437 W JACKSON BLVD Chicago, IL",41.87799493,-87.63867919
225 W JACKSON BLVD,"225 W JACKSON BLVD Chicago, IL",41.87805085,-87.63456838
61 N DEARBORN ST,"61 N DEARBORN ST Chicago, IL",41.88291484,-87.62935586
1124 S WABASH AVE,"1124 S WABASH AVE Chicago, IL",41.868739,-87.62593356
258 S DEARBORN ST,"258 S DEARBORN ST Chicago, IL",41.87869717,-87.62940349
7 S DEARBORN ST,"7 S DEARBORN ST Chicago, IL",41.88189714,-87.62932273
133 N DEARBORN ST,"133 N DEARBORN ST Chicago, IL",41.88519225,-87.62940119
1201 W WASHINGTON BLVD,"1201 W WASHINGTON BLVD Chicago, IL",41.88292531,-87.65677213
394 N WELLS ST,"394 N WELLS ST Chicago, IL",41.88905922,-87.63407418
112 S CLINTON ST,"112 S CLINTON ST Chicago, IL",41.88044103,-87.6412253
459 W JACKSON BLVD,"459 W JACKSON BLVD Chicago, IL",41.87799167,-87.63896391
431 W JACKSON BLVD,"431 W JACKSON BLVD Chicago, IL",41.87799581,-87.63860154
447 W WASHINGTON ST,"447 W WASHINGTON ST Chicago, IL",41.88319888,-87.63936457
62 W ADAMS ST,"62 W ADAMS ST Chicago, IL",41.87948057,-87.63025285
126 W ADAMS ST,"126 W ADAMS ST Chicago, IL",41.87945109,-87.63271727
724 S HALSTED ST,"724 S HALSTED ST Chicago, IL",41.87230956,-87.64722613
1216 W ROOSEVELT RD,"1216 W ROOSEVELT RD Chicago, IL",41.86704497,-87.65736955
550 W FULTON ST,"550 W FULTON ST Chicago, IL",41.88686844,-87.64190608
216 E GRAND AVE,"216 E GRAND AVE Chicago, IL",41.89182344,-87.6222199
210 W CHICAGO AVE,"210 W CHICAGO AVE Chicago, IL",41.89664244,-87.63501681
813 W CHICAGO AVE,"813 W CHICAGO AVE Chicago, IL",41.89634785,-87.64821822
777 W CHICAGO AVE,"777 W CHICAGO AVE Chicago, IL",41.89633683,-87.64711502
709 W CHICAGO AVE,"709 W CHICAGO AVE Chicago, IL",41.89638185,-87.645427
811 W CHICAGO AVE,"811 W CHICAGO AVE Chicago, IL",41.89640021,-87.64828417
621 W CHICAGO AVE,"621 W CHICAGO AVE Chicago, IL",41.89640718,-87.64356802
25 S DEARBORN ST,"25 S DEARBORN ST Chicago, IL",41.88176738,-87.6293181
348 W CHICAGO AVE,"348 W CHICAGO AVE Chicago, IL",41.89660819,-87.63709569
101 E CHICAGO AVE,"101 E CHICAGO AVE Chicago, IL",41.89665385,-87.62542928
563 W CHICAGO AVE,"563 W CHICAGO AVE Chicago, IL",41.89642271,-87.64239275
1173 N MILWAUKEE AVE,"1173 N MILWAUKEE AVE Chicago, IL",41.90309904,-87.66596075
1615 N DAMEN AVE,"1615 N DAMEN AVE Chicago, IL",41.9109127,-87.67739439
1464 N MILWAUKEE AVE,"1464 N MILWAUKEE AVE Chicago, IL",41.90846992,-87.67460122
1462 N MILWAUKEE AVE,"1462 N MILWAUKEE AVE Chicago, IL",41.90843706,-87.67455051
217 W JACKSON BLVD,"217 W JACKSON BLVD Chicago, IL",41.87805379,-87.6343178
184 W ADAMS ST,"184 W ADAMS ST Chicago, IL",41.87944344,-87.63349081
314 W ADAMS ST,"314 W ADAMS ST Chicago, IL",41.87942544,-87.63549983
396 W ADAMS ST,"396 W ADAMS ST Chicago, IL",41.87941058,-87.63660176
176 W JACKSON BLVD,"176 W JACKSON BLVD Chicago, IL",41.87817545,-87.63346363
487 W JACKSON BLVD,"487 W JACKSON BLVD Chicago, IL",41.87798785,-87.63932747
467 W JACKSON BLVD,"467 W JACKSON BLVD Chicago, IL",41.87799049,-87.63906745
461 W JACKSON BLVD,"461 W JACKSON BLVD Chicago, IL",41.87799138,-87.6389898
415 W JACKSON BLVD,"415 W JACKSON BLVD Chicago, IL",41.87800083,-87.63839225
15 S DEARBORN ST,"15 S DEARBORN ST Chicago, IL",41.88183947,-87.62932067
128 N DEARBORN ST,"128 N DEARBORN ST Chicago, IL",41.88474818,-87.62954363
521 W JACKSON BLVD,"521 W JACKSON BLVD Chicago, IL",41.87796991,-87.64076635
375 W JACKSON BLVD,"375 W JACKSON BLVD Chicago, IL",41.87801889,-87.63716315
1330 N WELLS ST,"1330 N WELLS ST Chicago, IL",41.90701054,-87.63466346
1205 N MILWAUKEE AVE,"1205 N MILWAUKEE AVE Chicago, IL",41.90352375,-87.66662713
1505 N MILWAUKEE AVE,"1505 N MILWAUKEE AVE Chicago, IL",41.90884598,-87.67495361
1549 N MILWAUKEE AVE,"1549 N MILWAUKEE AVE Chicago, IL",41.90963257,-87.67614679
1562 N MILWAUKEE AVE,"1562 N MILWAUKEE AVE Chicago, IL",41.90982267,-87.67664456
1519 N MILWAUKEE AVE,"1519 N MILWAUKEE AVE Chicago, IL",41.90913467,-87.67540097
1246 N MILWAUKEE AVE,"1246 N MILWAUKEE AVE Chicago, IL",41.90456745,-87.66847849
251 S DEARBORN ST,"251 S DEARBORN ST Chicago, IL",41.87879532,-87.6292531
245 S DEARBORN ST,"245 S DEARBORN ST Chicago, IL",41.8788675,-87.629257
1542 W CHICAGO AVE,"1542 W CHICAGO AVE Chicago, IL",41.89614563,-87.66618144
1707 W CHICAGO AVE,"1707 W CHICAGO AVE Chicago, IL",41.89596913,-87.67003356
233 N CANAL ST,"233 N CANAL ST Chicago, IL",41.88610191,-87.63977037
463 W JACKSON BLVD,"463 W JACKSON BLVD Chicago, IL",41.87799108,-87.63901568
223 W JACKSON BLVD,"223 W JACKSON BLVD Chicago, IL",41.87805085,-87.63455329
230 N DEARBORN ST,"230 N DEARBORN ST Chicago, IL",41.88611738,-87.6295859
36 W KINZIE ST,"36 W KINZIE ST Chicago, IL",41.88928703,-87.62966783
489 W JACKSON BLVD,"489 W JACKSON BLVD Chicago, IL",41.87798785,-87.63935336
443 W JACKSON BLVD,"443 W JACKSON BLVD Chicago, IL",41.87799404,-87.63875684
35 W CHICAGO AVE,"35 W CHICAGO AVE Chicago, IL",41.89658691,-87.63059753
145 E GRAND AVE,"145 E GRAND AVE Chicago, IL",41.8916878,-87.62344373
203 W CHICAGO AVE,"203 W CHICAGO AVE Chicago, IL",41.89652785,-87.63486257
207 W CHICAGO AVE,"207 W CHICAGO AVE Chicago, IL",41.89652785,-87.63488126
809 W CHICAGO AVE,"809 W CHICAGO AVE Chicago, IL",41.89632085,-87.64884727
352 W CHICAGO AVE,"352 W CHICAGO AVE Chicago, IL",41.89660644,-87.63729951
820 W CHICAGO AVE,"820 W CHICAGO AVE Chicago, IL",41.89643885,-87.64872902
1046 W CHICAGO AVE,"1046 W CHICAGO AVE Chicago, IL",41.89633073,-87.65488538
715 W CHICAGO AVE,"715 W CHICAGO AVE Chicago, IL",41.89637838,-87.64557635
799 N GREEN ST,"799 N GREEN ST Chicago, IL",41.89547702,-87.64883096
776 W CHICAGO AVE,"776 W CHICAGO AVE Chicago, IL",41.89645107,-87.64712715
1079 W CHICAGO AVE,"1079 W CHICAGO AVE Chicago, IL",41.89624063,-87.65335962
21 E CHICAGO AVE,"21 E CHICAGO AVE Chicago, IL",41.89664485,-87.62655383
42 E CHICAGO AVE,"42 E CHICAGO AVE Chicago, IL",41.89675913,-87.62661456
955 W CHICAGO AVE,"955 W CHICAGO AVE Chicago, IL",41.89627709,-87.6510703
902 W CHICAGO AVE,"902 W CHICAGO AVE Chicago, IL",41.89640335,-87.65024639
951 W CHICAGO AVE,"951 W CHICAGO AVE Chicago, IL",41.89627766,-87.65105671
964 W CHICAGO AVE,"964 W CHICAGO AVE Chicago, IL",41.89638144,-87.65198492
699 W CHICAGO AVE,"699 W CHICAGO AVE Chicago, IL",41.89640279,-87.64376448
549 W CHICAGO AVE,"549 W CHICAGO AVE Chicago, IL",41.89642885,-87.64222461
689 W CHICAGO AVE,"689 W CHICAGO AVE Chicago, IL",41.89640505,-87.64366336
683 W CHICAGO AVE,"683 W CHICAGO AVE Chicago, IL",41.8964064,-87.64360269
334 W CHICAGO AVE,"334 W CHICAGO AVE Chicago, IL",41.89661503,-87.63679932
356 W ADAMS ST,"356 W ADAMS ST Chicago, IL",41.87942,-87.63606374
485 W JACKSON BLVD,"485 W JACKSON BLVD Chicago, IL",41.87798785,-87.63930159
0 W JACKSON BLVD,"1 W JACKSON BLVD Chicago, IL",41.87812285,-87.6277522
953 W WASHINGTON BLVD,"953 W WASHINGTON BLVD Chicago, IL",41.88301693,-87.65128307
279 S DEARBORN ST,"279 S DEARBORN ST Chicago, IL",41.87846636,-87.62923663
255 N DEARBORN ST,"255 N DEARBORN ST Chicago, IL",41.88625255,-87.6294361
927 W CHICAGO AVE,"927 W CHICAGO AVE Chicago, IL",41.89628105,-87.65097521
65 W CHICAGO AVE,"65 W CHICAGO AVE Chicago, IL",41.89658572,-87.63062191
1001 N MILWAUKEE AVE,"1001 N MILWAUKEE AVE Chicago, IL",41.89990617,-87.66096229
12 E CHICAGO AVE,"12 E CHICAGO AVE Chicago, IL",41.89674401,-87.62769604
406 W HURON ST,"406 W HURON ST Chicago, IL",41.89478812,-87.63886703
617 W CHICAGO AVE,"617 W CHICAGO AVE Chicago, IL",41.89640937,-87.64346979
177 W CHICAGO AVE,"177 W CHICAGO AVE Chicago, IL",41.89654548,-87.63393118
17 E CHICAGO AVE,"17 E CHICAGO AVE Chicago, IL",41.89664485,-87.62659808
19 E CHICAGO AVE,"19 E CHICAGO AVE Chicago, IL",41.89664485,-87.62657595
720 N WELLS ST,"720 N WELLS ST Chicago, IL",41.89534054,-87.63424312
105 E JACKSON BLVD,"105 E JACKSON BLVD Chicago, IL",41.87822185,-87.62412842
1567 W TAYLOR ST,"1567 W TAYLOR ST Chicago, IL",41.86922185,-87.6654617
471 W JACKSON BLVD,"471 W JACKSON BLVD Chicago, IL",41.8779899,-87.63911922
423 W JACKSON BLVD,"423 W JACKSON BLVD Chicago, IL",41.87799732,-87.63849569
351 W JACKSON BLVD,"351 W JACKSON BLVD Chicago, IL",41.87802166,-87.63702353
51 N DEARBORN ST,"51 N DEARBORN ST Chicago, IL",41.88285153,-87.6293536
59 N DEARBORN ST,"59 N DEARBORN ST Chicago, IL",41.88290217,-87.62935541
55 S DEARBORN ST,"55 S DEARBORN ST Chicago, IL",41.88155135,-87.62931222
49 S DEARBORN ST,"49 S DEARBORN ST Chicago, IL",41.8815946,-87.62931403
1100 S CANAL ST,"1100 S CANAL ST Chicago, IL",41.86849089,-87.63930955
435 W JACKSON BLVD,"435 W JACKSON BLVD Chicago, IL",41.87799522,-87.63865331
901 S LOOMIS ST,"901 S LOOMIS ST Chicago, IL",41.87023088,-87.66158995
1129 W HARRISON ST,"1129 W HARRISON ST Chicago, IL",41.87419642,-87.65504536
408 S MORGAN ST,"408 S MORGAN ST Chicago, IL",41.87650648,-87.6519497
1074 W HARRISON ST,"1074 W HARRISON ST Chicago, IL",41.87433788,-87.65367871
847 W JACKSON BLVD,"847 W JACKSON BLVD Chicago, IL",41.87787085,-87.64858065
172 S FRANKLIN ST,"172 S FRANKLIN ST Chicago, IL",41.8797302,-87.63532511
67 N DEARBORN ST,"67 N DEARBORN ST Chicago, IL",41.88295282,-87.62935722
843 W TAYLOR ST,"843 W TAYLOR ST Chicago, IL",41.86943588,-87.64937337
535 W JACKSON BLVD,"535 W JACKSON BLVD Chicago, IL",41.87796985,-87.64143964
774 S MICHIGAN AVE,"774 S MICHIGAN AVE Chicago, IL",41.87222176,-87.62433701
1323 W TAYLOR ST,"1323 W TAYLOR ST Chicago, IL",41.86930285,-87.66018818
475 W JACKSON BLVD,"475 W JACKSON BLVD Chicago, IL",41.8779893,-87.63917099
77 S DEARBORN ST,"77 S DEARBORN ST Chicago, IL",41.88129187,-87.62930244
483 W CHICAGO AVE,"483 W CHICAGO AVE Chicago, IL",41.89643785,-87.64116042
267 S LA SALLE ST,"267 S LA SALLE ST Chicago, IL",41.8784067,-87.63218733
1200 N HALSTED ST,"1200 N HALSTED ST Chicago, IL",41.90369637,-87.6481759
593 W CHICAGO AVE,"593 W CHICAGO AVE Chicago, IL",41.89641985,-87.64277776
215 W CHICAGO AVE,"215 W CHICAGO AVE Chicago, IL",41.89652785,-87.63491866
19 S DEARBORN ST,"19 S DEARBORN ST Chicago, IL",41.88181063,-87.62931964
539 S DEARBORN ST,"539 S DEARBORN ST Chicago, IL",41.87514625,-87.62914573
282 S DEARBORN ST,"282 S DEARBORN ST Chicago, IL",41.87841452,-87.62938779
718 N WELLS ST,"718 N WELLS ST Chicago, IL",41.89529151,-87.63424173
1455 W HUBBARD ST,"1455 W HUBBARD ST Chicago, IL",41.88986832,-87.66427617
21 S DEARBORN ST,"21 S DEARBORN ST Chicago, IL",41.88179621,-87.62931913
95 N DEARBORN ST,"95 N DEARBORN ST Chicago, IL",41.88312678,-87.62936127
77 W WASHINGTON ST,"77 W WASHINGTON ST Chicago, IL",41.88315385,-87.63024955
13 E WACKER DR,"13 E WACKER DR Chicago, IL",41.88729925,-87.62616112
35 E WACKER PL,"35 E WACKER PL Chicago, IL",41.88676285,-87.62583463
753 N DEARBORN ST,"753 N DEARBORN ST Chicago, IL",41.89618567,-87.62968914
54 W CHICAGO AVE,"54 W CHICAGO AVE Chicago, IL",41.89670765,-87.62999884
119 N DEARBORN ST,"119 N DEARBORN ST Chicago, IL",41.88406902,-87.62936315
1555 N WELLS ST,"1555 N WELLS ST Chicago, IL",41.91030768,-87.63460425
1319 W LAKE ST,"1319 W LAKE ST Chicago, IL",41.88540727,-87.65959345
104 E CHICAGO AVE,"104 E CHICAGO AVE Chicago, IL",41.89676844,-87.62540854
1009 W LAKE ST,"1009 W LAKE ST Chicago, IL",41.88551916,-87.65250627
1551 N WELLS ST,"1551 N WELLS ST Chicago, IL",41.91024054,-87.63460222
213 N DEARBORN ST,"213 N DEARBORN ST Chicago, IL",41.88565868,-87.62941811
275 S DEARBORN ST,"275 S DEARBORN ST Chicago, IL",41.87851347,-87.62923925
51 S DEARBORN ST,"51 S DEARBORN ST Chicago, IL",41.88158018,-87.62931343
541 W CHICAGO AVE,"541 W CHICAGO AVE Chicago, IL",41.89642885,-87.64212393
0 W ADAMS ST,"1 W ADAMS ST Chicago, IL",41.87940085,-87.6277882
1249 W LAKE ST,"1249 W LAKE ST Chicago, IL",41.88543115,-87.65780877
19 E JACKSON BLVD,"19 E JACKSON BLVD Chicago, IL",41.87816502,-87.62706749
405 W MADISON ST,"405 W MADISON ST Chicago, IL",41.88183585,-87.63867202
520 W MADISON ST,"520 W MADISON ST Chicago, IL",41.88193404,-87.64056115
642 N HALSTED ST,"642 N HALSTED ST Chicago, IL",41.89443596,-87.64778528
7 E HARRISON ST,"7 E HARRISON ST Chicago, IL",41.87431689,-87.62737919
1152 S WABASH AVE,"1152 S WABASH AVE Chicago, IL",41.86841557,-87.62592382
1148 S WABASH AVE,"1148 S WABASH AVE Chicago, IL",41.8684392,-87.62592456
439 W JACKSON BLVD,"439 W JACKSON BLVD Chicago, IL",41.87799463,-87.63870507
335 W JACKSON BLVD,"335 W JACKSON BLVD Chicago, IL",41.87803321,-87.63634277
20 W WASHINGTON ST,"20 W WASHINGTON ST Chicago, IL",41.88327391,-87.62855188
1137 S WABASH AVE,"1137 S WABASH AVE Chicago, IL",41.86818362,-87.62576265
11 W WASHINGTON ST,"11 W WASHINGTON ST Chicago, IL",41.88316219,-87.6282517
1 W WASHINGTON ST,"1 W WASHINGTON ST Chicago, IL",41.88316285,-87.62794571
1035 W LAKE ST,"1035 W LAKE ST Chicago, IL",41.88550285,-87.65344373
1028 W ROOSEVELT RD,"1028 W ROOSEVELT RD Chicago, IL",41.86714045,-87.65115882
1102 W ROOSEVELT RD,"1102 W ROOSEVELT RD Chicago, IL",41.86707529,-87.65552394
1137 W HUBBARD ST,"1137 W HUBBARD ST Chicago, IL",41.88994885,-87.65598414
11 E WASHINGTON ST,"11 E WASHINGTON ST Chicago, IL",41.88316285,-87.62674541
23 E CHICAGO AVE,"23 E CHICAGO AVE Chicago, IL",41.89664485,-87.6265317
1104 S WABASH AVE,"1104 S WABASH AVE Chicago, IL",41.86913246,-87.62594693
25 E CHICAGO AVE,"25 E CHICAGO AVE Chicago, IL",41.89664485,-87.62650958
118 E CHICAGO AVE,"118 E CHICAGO AVE Chicago, IL",41.89676844,-87.62533595
1542 W LAKE ST,"1542 W LAKE ST Chicago, IL",41.88540613,-87.66610349
1311 W LAKE ST,"1311 W LAKE ST Chicago, IL",41.88541185,-87.65930109
1235 W LAKE ST,"1235 W LAKE ST Chicago, IL",41.88543512,-87.6575363
979 W TAYLOR ST,"979 W TAYLOR ST Chicago, IL",41.86943785,-87.65145604
893 W TAYLOR ST,"893 W TAYLOR ST Chicago, IL",41.86948741,-87.64738051
238 N DEARBORN ST,"238 N DEARBORN ST Chicago, IL",41.88620061,-87.62958803
269 S DEARBORN ST,"269 S DEARBORN ST Chicago, IL",41.87858413,-87.62924318
229 N DEARBORN ST,"229 N DEARBORN ST Chicago, IL",41.88591203,-87.62942668
855 W WASHINGTON ST,"855 W WASHINGTON ST Chicago, IL",41.88305747,-87.6489813
151 W KINZIE ST,"151 W KINZIE ST Chicago, IL",41.8891194,-87.63311218
461 W CHICAGO AVE,"461 W CHICAGO AVE Chicago, IL",41.89644685,-87.64085977
1000 S WABASH AVE,"1000 S WABASH AVE Chicago, IL",41.87000374,-87.62597317
8 E CHICAGO AVE,"8 E CHICAGO AVE Chicago, IL",41.89674212,-87.62786629
30 E ROOSEVELT RD,"30 E ROOSEVELT RD Chicago, IL",41.86755444,-87.62630744
24 S CLINTON ST,"24 S CLINTON ST Chicago, IL",41.88167604,-87.64126402
1159 S CANAL ST,"1159 S CANAL ST Chicago, IL",41.86779377,-87.63913322
889 W TAYLOR ST,"889 W TAYLOR ST Chicago, IL",41.86948516,-87.64754003
629 S WABASH AVE,"629 S WABASH AVE Chicago, IL",41.87380475,-87.62590266
220 N DEARBORN ST,"220 N DEARBORN ST Chicago, IL",41.88601335,-87.62958323
31 S DEARBORN ST,"31 S DEARBORN ST Chicago, IL",41.88172259,-87.62931729
90 N DEARBORN ST,"90 N DEARBORN ST Chicago, IL",41.88249128,-87.62949444
123 W KINZIE ST,"123 W KINZIE ST Chicago, IL",41.88912985,-87.63272021
0 W HADDOCK PL,"1 W HADDOCK PL Chicago, IL",41.88624085,-87.62787729
401 W MADISON ST,"401 W MADISON ST Chicago, IL",41.88183942,-87.63863281
545 N DEARBORN ST,"545 N DEARBORN ST Chicago, IL",41.89187465,-87.62958084
1088 W ROOSEVELT RD,"1088 W ROOSEVELT RD Chicago, IL",41.867167,-87.65472
1044 W ROOSEVELT RD,"1044 W ROOSEVELT RD Chicago, IL",41.86714045,-87.65121265
1048 W ROOSEVELT RD,"1048 W ROOSEVELT RD Chicago, IL",41.86714045,-87.6512261
547 W JACKSON BLVD,"547 W JACKSON BLVD Chicago, IL",41.8779595,-87.64187369
421 W JACKSON BLVD,"421 W JACKSON BLVD Chicago, IL",41.8779982,-87.63846983
79 E JACKSON BLVD,"79 E JACKSON BLVD Chicago, IL",41.87821285,-87.62516896
9 W WASHINGTON ST,"9 W WASHINGTON ST Chicago, IL",41.88316278,-87.62819031
1317 W LAKE ST,"1317 W LAKE ST Chicago, IL",41.88540841,-87.65952036
253 S DEARBORN ST,"253 S DEARBORN ST Chicago, IL",41.87877175,-87.62925226
17 S DEARBORN ST,"17 S DEARBORN ST Chicago, IL",41.88182505,-87.62932016
1128 S WABASH AVE,"1128 S WABASH AVE Chicago, IL",41.86866021,-87.62593131
311 N ORLEANS ST,"311 N ORLEANS ST Chicago, IL",41.88784728,-87.63613478
914 S WABASH AVE,"914 S WABASH AVE Chicago, IL",41.87044477,-87.62598176
505 E GRAND AVE,"505 E GRAND AVE Chicago, IL",41.89193505,-87.61148527
87 N DEARBORN ST,"87 N DEARBORN ST Chicago, IL",41.88307943,-87.62936174
909 S WABASH AVE,"909 S WABASH AVE Chicago, IL",41.87046055,-87.62582814
242 N DEARBORN ST,"242 N DEARBORN ST Chicago, IL",41.88624153,-87.62958964
384 N STATE ST,"384 N STATE ST Chicago, IL",41.88900517,-87.62813021
372 N STATE ST,"372 N STATE ST Chicago, IL",41.88883898,-87.62812694
362 N STATE ST,"362 N STATE ST Chicago, IL",41.88870487,-87.62812121
410 S DEARBORN ST,"410 S DEARBORN ST Chicago, IL",41.87674092,-87.6293353
817 W LAKE ST,"817 W LAKE ST Chicago, IL",41.8855979,-87.64793367
1094 W ROOSEVELT RD,"1094 W ROOSEVELT RD Chicago, IL",41.867161,-87.654903
368 W ADAMS ST,"368 W ADAMS ST Chicago, IL",41.87941835,-87.63622455
538 W ADAMS ST,"538 W ADAMS ST Chicago, IL",41.87933793,-87.64202518
550 W ADAMS ST,"550 W ADAMS ST Chicago, IL",41.87933629,-87.64212094
1371 W LAKE ST,"1371 W LAKE ST Chicago, IL",41.88537909,-87.6614693
1019 S WABASH AVE,"1019 S WABASH AVE Chicago, IL",41.86988517,-87.62581614
700 S WABASH AVE,"700 S WABASH AVE Chicago, IL",41.87306409,-87.62604117
1010 S CLINTON ST,"1010 S CLINTON ST Chicago, IL",41.86961775,-87.64087495
72 S CLINTON ST,"72 S CLINTON ST Chicago, IL",41.88140032,-87.64125462
140 S DEARBORN ST,"140 S DEARBORN ST Chicago, IL",41.87980734,-87.62943351
400 W MADISON ST,"400 W MADISON ST Chicago, IL",41.88195317,-87.63865146
47 E CHICAGO AVE,"47 E CHICAGO AVE Chicago, IL",41.89664485,-87.62626621
870 W TAYLOR ST,"870 W TAYLOR ST Chicago, IL",41.869693,-87.64852906
871 W TAYLOR ST,"871 W TAYLOR ST Chicago, IL",41.86945432,-87.64825584
1309 W LAKE ST,"1309 W LAKE ST Chicago, IL",41.88541285,-87.65922962
953 W LAKE ST,"953 W LAKE ST Chicago, IL",41.88553574,-87.65145099
164 W CHICAGO AVE,"164 W CHICAGO AVE Chicago, IL",41.8966587,-87.6339777
1007 S WABASH AVE,"1007 S WABASH AVE Chicago, IL",41.86992141,-87.62581709
601 W HARRISON ST,"601 W HARRISON ST Chicago, IL",41.8743135,-87.6424999
1 S DEARBORN ST,"1 S DEARBORN ST Chicago, IL",41.88194039,-87.62932428
181 S FRANKLIN ST,"181 S FRANKLIN ST Chicago, IL",41.87963897,-87.63516793
876 W TAYLOR ST,"876 W TAYLOR ST Chicago, IL",41.86969024,-87.64864774
917 W TAYLOR ST,"917 W TAYLOR ST Chicago, IL",41.86944157,-87.65124943
905 W TAYLOR ST,"905 W TAYLOR ST Chicago, IL",41.8694432,-87.65121031
534 W ROOSEVELT RD,"534 W ROOSEVELT RD Chicago, IL",41.86730244,-87.64044142
47 W DEARBORN ST,"47 W DEARBORN ST Chicago, IL",41.8816265,-87.6292805
230 W KINZIE ST,"230 W KINZIE ST Chicago, IL",41.88921488,-87.63456521
1307 W LAKE ST,"1307 W LAKE ST Chicago, IL",41.88541285,-87.65915652
42 S DEARBORN ST,"42 S DEARBORN ST Chicago, IL",41.88171658,-87.62947121
18 S DEARBORN ST,"18 S DEARBORN ST Chicago, IL",41.88184844,-87.62947496
205 N DEARBORN ST,"205 N DEARBORN ST Chicago, IL",41.88561182,-87.62941618
802 N WABASH AVE,"802 N WABASH AVE Chicago, IL",41.89760944,-87.62695319
418 W TAYLOR ST,"418 W TAYLOR ST Chicago, IL",41.8690502,-87.7289284
1080 W ROOSEVELT RD,"1080 W ROOSEVELT RD Chicago, IL",41.8675062,-87.6547217
873 W TAYLOR ST,"873 W TAYLOR ST Chicago, IL",41.86945577,-87.64817609
938 N DEARBORN ST,"938 N DEARBORN ST Chicago, IL",41.89932526,-87.62991899
942 N DEARBORN ST,"942 N DEARBORN ST Chicago, IL",41.89935348,-87.62991993
266 S DEARBORN ST,"266 S DEARBORN ST Chicago, IL",41.87860295,-87.62939826
1519 N DEARBORN ST,"1519 N DEARBORN ST Chicago, IL",41.90981339,-87.63008696
1352 N WELLS ST,"1352 N WELLS ST Chicago, IL",41.90720304,-87.63466938
186 N DEARBORN ST,"186 N DEARBORN ST Chicago, IL",41.88546559,-87.62956493
121 N FORT DEARBORN,"121 N FORT DEARBORN Chicago, IL",41.8388524,-87.6078434
1058 W ROOSEVELT RD,"1058 W ROOSEVELT RD Chicago, IL",41.86714045,-87.65125974
1098 W ROOSEVELT RD,"1098 W ROOSEVELT RD Chicago, IL",41.867167,-87.651332
1112 W ROOSEVELT RD,"1112 W ROOSEVELT RD Chicago, IL",41.86707287,-87.65563681
61 S DEARBORN ST,"61 S DEARBORN ST Chicago, IL",41.8815081,-87.62931042
806 N RUSH ST,"806 N RUSH ST Chicago, IL",41.89688562,-87.62576829
239 S DEARBORN ST,"239 S DEARBORN ST Chicago, IL",41.87893812,-87.62926204
57 S DEARBORN ST,"57 S DEARBORN ST Chicago, IL",41.88153694,-87.62931162
1427 W LAKE ST,"1427 W LAKE ST Chicago, IL",41.88534085,-87.6632356
1303 W HARRISON ST,"1303 W HARRISON ST Chicago, IL",41.87412874,-87.65942611
612 N WELLS ST,"612 N WELLS ST Chicago, IL",41.89313368,-87.63418561
143 N DEARBORN ST,"143 N DEARBORN ST Chicago, IL",41.88525053,-87.62940328
808 S WABASH AVE,"808 S WABASH AVE Chicago, IL",41.8716904,-87.62601255
908 S WABASH AVE,"908 S WABASH AVE Chicago, IL",41.87046806,-87.62598217
1510 N DEARBORN ST,"1510 N DEARBORN ST Chicago, IL",41.90967782,-87.63023746
910 S WABASH AVE,"910 S WABASH AVE Chicago, IL",41.8704603,-87.62598203
278 S DEARBORN ST,"278 S DEARBORN ST Chicago, IL",41.87846163,-87.62939041
272 S DEARBORN ST,"272 S DEARBORN ST Chicago, IL",41.87853229,-87.62939433
268 S DEARBORN ST,"268 S DEARBORN ST Chicago, IL",41.8785794,-87.62939695
244 S DEARBORN ST,"244 S DEARBORN ST Chicago, IL",41.87886141,-87.62941069
131 N DEARBORN ST,"131 N DEARBORN ST Chicago, IL",41.8851806,-87.62940078
1506 N DEARBORN ST,"1506 N DEARBORN ST Chicago, IL",41.90961123,-87.63023575
315 N DEARBORN ST,"315 N DEARBORN ST Chicago, IL",41.88803195,-87.62946572
125 W HUBBARD ST,"125 W HUBBARD ST Chicago, IL",41.88995721,-87.63145818
1347 N DEARBORN PKWY,"1347 N DEARBORN PKWY Chicago, IL",41.90684683,-87.62999764
169 W WASHINGTON ST,"169 W WASHINGTON ST Chicago, IL",41.88315385,-87.63320993
47 N DEARBORN ST,"47 N DEARBORN ST Chicago, IL",41.8828262,-87.6293527
71 N DEARBORN ST,"71 N DEARBORN ST Chicago, IL",41.88297814,-87.62935812
211 N DEARBORN ST,"211 N DEARBORN ST Chicago, IL",41.88564703,-87.62941762
215 N DEARBORN ST,"215 N DEARBORN ST Chicago, IL",41.88567033,-87.62941859
1206 N WELLS ST,"1206 N WELLS ST Chicago, IL",41.9040849,-87.63456566
1308 W LAKE ST,"1308 W LAKE ST Chicago, IL",41.88552744,-87.65922962
749 N SEDGWICK ST,"749 N SEDGWICK ST Chicago, IL",41.89627179,-87.6384955
NE2477 W CHICAGO AVE,"NE2477 W CHICAGO AVE Chicago, IL",41.89566509,-87.68871005
142 N DEARBORN ST,"142 N DEARBORN ST Chicago, IL",41.88485429,-87.62954729
37 S DEARBORN ST,"37 S DEARBORN ST Chicago, IL",41.88167932,-87.62931729
519 W JACKSON BLVD,"519 W JACKSON BLVD Chicago, IL",41.87797215,-87.64065319
70 S CLINTON ST,"70 S CLINTON ST Chicago, IL",41.88141181,-87.64125501
912 W CHICAGO AVE,"912 W CHICAGO AVE Chicago, IL",41.89640183,-87.65032951
1001 W CHICAGO AVE,"1001 W CHICAGO AVE Chicago, IL",41.89624885,-87.65271372
1028 W CHICAGO AVE,"1028 W CHICAGO AVE Chicago, IL",41.89633644,-87.65435631
410 W ADAMS ST,"410 W ADAMS ST Chicago, IL",41.87938033,-87.6386473
378 W ADAMS ST,"378 W ADAMS ST Chicago, IL",41.87941697,-87.63635856
394 W ADAMS ST,"394 W ADAMS ST Chicago, IL",41.87941141,-87.63657497
152 S CLINTON ST,"152 S CLINTON ST Chicago, IL",41.88022301,-87.64121998
25 W ADAMS ST,"25 W ADAMS ST Chicago, IL",41.87939879,-87.6281509
1115 W HUBBARD ST,"1115 W HUBBARD ST Chicago, IL",41.88994885,-87.65522921
66 W JACKSON BLVD,"66 W JACKSON BLVD Chicago, IL",41.87823744,-87.62837282
174 S CLINTON ST,"174 S CLINTON ST Chicago, IL",41.88010327,-87.64121499
541 W JACKSON BLVD,"541 W JACKSON BLVD Chicago, IL",41.87796459,-87.64165522
453 W JACKSON BLVD,"453 W JACKSON BLVD Chicago, IL",41.87799256,-87.63888626
479 W JACKSON BLVD,"479 W JACKSON BLVD Chicago, IL",41.87798871,-87.63922275
363 W JACKSON BLVD,"363 W JACKSON BLVD Chicago, IL",41.87802027,-87.63709334
359 W JACKSON BLVD,"359 W JACKSON BLVD Chicago, IL",41.87802074,-87.63707007
33 S DEARBORN ST,"33 S DEARBORN ST Chicago, IL",41.88170817,-87.62931729
134 W ROOSEVELT RD,"134 W ROOSEVELT RD Chicago, IL",41.8674807,-87.63190574
425 W JACKSON BLVD,"425 W JACKSON BLVD Chicago, IL",41.8779967,-87.63852389
32 W ADAMS ST,"32 W ADAMS ST Chicago, IL",41.8794859,-87.62984234
1518 N WELLS ST,"1518 N WELLS ST Chicago, IL",41.90970083,-87.63473988
469 W ADAMS ST,"469 W ADAMS ST Chicago, IL",41.87925978,-87.6392232
540 W ADAMS ST,"540 W ADAMS ST Chicago, IL",41.87933766,-87.64204114
809 W LAKE ST,"809 W LAKE ST Chicago, IL",41.88559912,-87.6478724
1666 W HARRISON ST,"1666 W HARRISON ST Chicago, IL",41.87422762,-87.66855638
608 S WABASH AVE,"608 S WABASH AVE Chicago, IL",41.87412129,-87.6260641
1672 N MILWAUKEE AVE,"1672 N MILWAUKEE AVE Chicago, IL",41.91161969,-87.67949927
0 W OGDEN AVE,"1 W OGDEN AVE Chicago, IL",41.88190783,-87.66551586
1429 N MILWAUKEE AVE,"1429 N MILWAUKEE AVE Chicago, IL",41.90785881,-87.67340985
1240 N MILWAUKEE AVE,"1240 N MILWAUKEE AVE Chicago, IL",41.9044948,-87.66836734
1034 N MILWAUKEE AVE,"1034 N MILWAUKEE AVE Chicago, IL",41.90061637,-87.66232116
1540 W CHICAGO AVE,"1540 W CHICAGO AVE Chicago, IL",41.89614597,-87.66614444
709 S LOOMIS ST,"709 S LOOMIS ST Chicago, IL",41.87301444,-87.66167595
431 W ADAMS ST,"431 W ADAMS ST Chicago, IL",41.87926577,-87.63883946
409 W WASHINGTON ST,"409 W WASHINGTON ST Chicago, IL",41.88316531,-87.63905314
973 N DEARBORN ST,"973 N DEARBORN ST Chicago, IL",41.8995481,-87.62977225
360 W ADAMS ST,"360 W ADAMS ST Chicago, IL",41.87941945,-87.63611734
254 S CLINTON ST,"254 S CLINTON ST Chicago, IL",41.87837367,-87.6411611
270 S CLINTON ST,"270 S CLINTON ST Chicago, IL",41.87826793,-87.64115733
46 W JACKSON BLVD,"46 W JACKSON BLVD Chicago, IL",41.87823744,-87.62817888
113 W JACKSON BLVD,"113 W JACKSON BLVD Chicago, IL",41.87807785,-87.6323332
25 E JACKSON BLVD,"25 E JACKSON BLVD Chicago, IL",41.87816996,-87.62680761
1708 W TAYLOR ST,"1708 W TAYLOR ST Chicago, IL",41.86926445,-87.67035974
1840 W TAYLOR ST,"1840 W TAYLOR ST Chicago, IL",41.8692341,-87.67236413
1950 W TAYLOR ST,"1950 W TAYLOR ST Chicago, IL",41.86917891,-87.67569532
306 W ADAMS ST,"306 W ADAMS ST Chicago, IL",41.87942544,-87.63539262
371 W JACKSON BLVD,"371 W JACKSON BLVD Chicago, IL",41.87801935,-87.63713988
76 W JACKSON BLVD,"76 W JACKSON BLVD Chicago, IL",41.87823744,-87.62846979
820 W TAYLOR ST,"820 W TAYLOR ST Chicago, IL",41.86971444,-87.64753791
565 W WASHINGTON BLVD,"565 W WASHINGTON BLVD Chicago, IL",41.88311785,-87.64180749
847 W CHICAGO AVE,"847 W CHICAGO AVE Chicago, IL",41.89631185,-87.64920207
697 W CHICAGO AVE,"697 W CHICAGO AVE Chicago, IL",41.89640324,-87.64374426
533 W CHICAGO AVE,"533 W CHICAGO AVE Chicago, IL",41.89642885,-87.64202324
449 W CHICAGO AVE,"449 W CHICAGO AVE Chicago, IL",41.89645585,-87.64011822
39 W JACKSON BLVD,"39 W JACKSON BLVD Chicago, IL",41.87811385,-87.62908491
428 W ADAMS ST,"428 W ADAMS ST Chicago, IL",41.87938044,-87.63882087
968 W CHICAGO AVE,"968 W CHICAGO AVE Chicago, IL",41.89638046,-87.65205457
347 W JACKSON BLVD,"347 W JACKSON BLVD Chicago, IL",41.87802212,-87.63700026
48 W MARBLE PL,"48 W MARBLE PL Chicago, IL",41.88015312,-87.62949254
5 E CHICAGO AVE,"5 E CHICAGO AVE Chicago, IL",41.89664032,-87.62672692
829 S WABASH AVE,"829 S WABASH AVE Chicago, IL",41.87145285,-87.62585377
1321 W TAYLOR ST,"1321 W TAYLOR ST Chicago, IL",41.86930672,-87.66002944
865 W TAYLOR ST,"865 W TAYLOR ST Chicago, IL",41.86944995,-87.6484951
969 N DEARBORN ST,"969 N DEARBORN ST Chicago, IL",41.89951683,-87.62977124
1108 N DEARBORN ST,"1108 N DEARBORN ST Chicago, IL",41.90214747,-87.63001204
34 S HALSTED ST,"34 S HALSTED ST Chicago, IL",41.88133078,-87.64742524
46 S HALSTED ST,"46 S HALSTED ST Chicago, IL",41.88118422,-87.64742098
1247 N DEARBORN PKWY,"1247 N DEARBORN PKWY Chicago, IL",41.9048078,-87.62993452
1414 N DEARBORN PKWY,"1414 N DEARBORN PKWY Chicago, IL",41.90812174,-87.63018971
144 S CLINTON ST,"144 S CLINTON ST Chicago, IL",41.88026834,-87.6412207
160 S CLINTON ST,"160 S CLINTON ST Chicago, IL",41.88017947,-87.64121817
550 W HARRISON ST,"550 W HARRISON ST Chicago, IL",41.87443669,-87.64151803
304 W ADAMS ST,"304 W ADAMS ST Chicago, IL",41.87942544,-87.63536581
457 W ADAMS ST,"457 W ADAMS ST Chicago, IL",41.87926167,-87.63910202
156 W JACKSON BLVD,"156 W JACKSON BLVD Chicago, IL",41.87817803,-87.63329209
559 W WASHINGTON BLVD,"559 W WASHINGTON BLVD Chicago, IL",41.88311785,-87.64168329
14 S CLINTON ST,"14 S CLINTON ST Chicago, IL",41.88173352,-87.64126597
722 W JACKSON BLVD,"722 W JACKSON BLVD Chicago, IL",41.8780311,-87.64510384
622 W JACKSON BLVD,"622 W JACKSON BLVD Chicago, IL",41.87805744,-87.64290602
520 N HALSTED ST,"520 N HALSTED ST Chicago, IL",41.89171153,-87.64771635
341 W JACKSON BLVD,"341 W JACKSON BLVD Chicago, IL",41.87802819,-87.63652818
207 W JACKSON BLVD,"207 W JACKSON BLVD Chicago, IL",41.87805985,-87.63399796
308 W ADAMS ST,"308 W ADAMS ST Chicago, IL",41.87942544,-87.63541942
129 N STATE ST,"129 N STATE ST Chicago, IL",41.88443365,-87.62782994
446 W ADAMS ST,"446 W ADAMS ST Chicago, IL",41.87937781,-87.63900426
1588 N MILWAUKEE AVE,"1588 N MILWAUKEE AVE Chicago, IL",41.91023325,-87.67723327
1550 N MILWAUKEE AVE,"1550 N MILWAUKEE AVE Chicago, IL",41.90963318,-87.67637284
950 S HALSTED ST,"950 S HALSTED ST Chicago, IL",41.87012768,-87.64714698
429 W JACKSON BLVD,"429 W JACKSON BLVD Chicago, IL",41.87799611,-87.63857565
839 S WABASH AVE,"839 S WABASH AVE Chicago, IL",41.87133321,-87.62585098
392 W ADAMS ST,"392 W ADAMS ST Chicago, IL",41.87941223,-87.63654819
508 W ADAMS ST,"508 W ADAMS ST Chicago, IL",41.87934202,-87.64178578
534 W ADAMS ST,"534 W ADAMS ST Chicago, IL",41.87933847,-87.64199326
395 W JACKSON BLVD,"395 W JACKSON BLVD Chicago, IL",41.87801659,-87.6372795
217 E ILLINOIS ST,"217 E ILLINOIS ST Chicago, IL",41.89092085,-87.62144563
10 E GRAND AVE,"10 E GRAND AVE Chicago, IL",41.89174644,-87.62679372
756 W CHICAGO AVE,"756 W CHICAGO AVE Chicago, IL",41.89647089,-87.64662906
124 W ADAMS ST,"124 W ADAMS ST Chicago, IL",41.87945136,-87.63269056
1129 W CHICAGO AVE,"1129 W CHICAGO AVE Chicago, IL",41.89620022,-87.65601152
1524 W TAYLOR ST,"1524 W TAYLOR ST Chicago, IL",41.86935445,-87.66439404
364 W CHICAGO AVE,"364 W CHICAGO AVE Chicago, IL",41.89660473,-87.63761432
612 W MADISON ST,"612 W MADISON ST Chicago, IL",41.88189144,-87.64289803
1212 W MADISON ST,"1212 W MADISON ST Chicago, IL",41.8817014,-87.65752238
947 W MADISON ST,"947 W MADISON ST Chicago, IL",41.88165168,-87.65141527
907 W MADISON ST,"907 W MADISON ST Chicago, IL",41.88165985,-87.65100688
545 W CHICAGO AVE,"545 W CHICAGO AVE Chicago, IL",41.89642885,-87.64217427
132 S CLINTON ST,"132 S CLINTON ST Chicago, IL",41.88033216,-87.64122141
75 W CHICAGO AVE,"75 W CHICAGO AVE Chicago, IL",41.89658185,-87.63087724
878 W TAYLOR ST,"878 W TAYLOR ST Chicago, IL",41.86968932,-87.6486873
387 W JACKSON BLVD,"387 W JACKSON BLVD Chicago, IL",41.87801751,-87.63723296
555 W JACKSON BLVD,"555 W JACKSON BLVD Chicago, IL",41.87795344,-87.64216452
455 W JACKSON BLVD,"455 W JACKSON BLVD Chicago, IL",41.87799226,-87.63891215
433 W JACKSON BLVD,"433 W JACKSON BLVD Chicago, IL",41.87799552,-87.63862742
413 W JACKSON BLVD,"413 W JACKSON BLVD Chicago, IL",41.8780017,-87.63836639
254 S DEARBORN ST,"254 S DEARBORN ST Chicago, IL",41.87874514,-87.62940527
213 W JACKSON BLVD,"213 W JACKSON BLVD Chicago, IL",41.87805644,-87.63418902
118 N CLARK ST,"118 N CLARK ST Chicago, IL",41.88347987,-87.63099241
108 W MADISON ST,"108 W MADISON ST Chicago, IL",41.88202866,-87.63140839
107 W JACKSON BLVD,"107 W JACKSON BLVD Chicago, IL",41.87807785,-87.63165221
1443 N MILWAUKEE AVE,"1443 N MILWAUKEE AVE Chicago, IL",41.9080953,-87.67378745
1543 N MILWAUKEE AVE,"1543 N MILWAUKEE AVE Chicago, IL",41.90953151,-87.67600187
1551 N MILWAUKEE AVE,"1551 N MILWAUKEE AVE Chicago, IL",41.90966626,-87.67619509
1466 N MILWAUKEE AVE,"1466 N MILWAUKEE AVE Chicago, IL",41.90850248,-87.67465164
177 S FRANKLIN ST,"177 S FRANKLIN ST Chicago, IL",41.87968609,-87.63516959
280 S DEARBORN ST,"280 S DEARBORN ST Chicago, IL",41.87843807,-87.6293891
262 S DEARBORN ST,"262 S DEARBORN ST Chicago, IL",41.87865006,-87.62940087
252 S DEARBORN ST,"252 S DEARBORN ST Chicago, IL",41.87876871,-87.62940611
1268 N MILWAUKEE AVE,"1268 N MILWAUKEE AVE Chicago, IL",41.9048274,-87.66889206
731 N MILWAUKEE AVE,"731 N MILWAUKEE AVE Chicago, IL",41.89477594,-87.65302293
1430 N ELSTON AVE,"1430 N ELSTON AVE Chicago, IL",41.90767416,-87.66038512
211 E CHICAGO AVE,"211 E CHICAGO AVE Chicago, IL",41.89669077,-87.62311667
213 E CHICAGO AVE,"213 E CHICAGO AVE Chicago, IL",41.8966912,-87.62308913
770 N LA SALLE ST,"770 N LA SALLE ST Chicago, IL",41.89637775,-87.63285931
746 N LA SALLE ST,"746 N LA SALLE ST Chicago, IL",41.89622635,-87.63285759
843 W VAN BUREN ST,"843 W VAN BUREN ST Chicago, IL",41.87657729,-87.64970486
417 W JACKSON BLVD,"417 W JACKSON BLVD Chicago, IL",41.87799995,-87.63841811
111 N FRANKLIN ST,"111 N FRANKLIN ST Chicago, IL",41.88520051,-87.63531411
403 E ILLINOIS ST,"403 E ILLINOIS ST Chicago, IL",41.89099511,-87.61754071
64 N DEARBORN ST,"64 N DEARBORN ST Chicago, IL",41.88236148,-87.62948955
1203 N DEARBORN PKWY,"1203 N DEARBORN PKWY Chicago, IL",41.9040145,-87.6299135
231 S JEFFERSON ST,"231 S JEFFERSON ST Chicago, IL",41.87842281,-87.64247212
109 E PEARSON ST,"109 E PEARSON ST Chicago, IL",41.89749985,-87.6251202
108 W CHICAGO AVE,"108 W CHICAGO AVE Chicago, IL",41.89668818,-87.63153015
613 W CHICAGO AVE,"613 W CHICAGO AVE Chicago, IL",41.89641157,-87.64337156
609 W CHICAGO AVE,"609 W CHICAGO AVE Chicago, IL",41.89641376,-87.64327333
245 S CLINTON ST,"245 S CLINTON ST Chicago, IL",41.87875964,-87.64102093
842 W TAYLOR ST,"842 W TAYLOR ST Chicago, IL",41.86970176,-87.64797402
904 W TAYLOR ST,"904 W TAYLOR ST Chicago, IL",41.8696778,-87.64920064
1074 W TAYLOR ST,"1074 W TAYLOR ST Chicago, IL",41.86952118,-87.65369696
862 W TAYLOR ST,"862 W TAYLOR ST Chicago, IL",41.86969658,-87.64836976
1017 N DEARBORN ST,"1017 N DEARBORN ST Chicago, IL",41.90082376,-87.62982092
541 W ADAMS ST,"541 W ADAMS ST Chicago, IL",41.87922985,-87.64144778
1415 N MILWAUKEE AVE,"1415 N MILWAUKEE AVE Chicago, IL",41.90762522,-87.67304433
256 S CLINTON ST,"256 S CLINTON ST Chicago, IL",41.87836045,-87.64116063
1454 N MILWAUKEE AVE,"1454 N MILWAUKEE AVE Chicago, IL",41.90830566,-87.67434769
1342 N MILWAUKEE AVE,"1342 N MILWAUKEE AVE Chicago, IL",41.90613826,-87.67095068
1232 N MILWAUKEE AVE,"1232 N MILWAUKEE AVE Chicago, IL",41.90439794,-87.66821914
0 N CANAL ST,"1 N CANAL ST Chicago, IL",41.8819462,-87.63960982
163 N CANAL ST,"163 N CANAL ST Chicago, IL",41.88517965,-87.63975233
539 N DEARBORN ST,"539 N DEARBORN ST Chicago, IL",41.89181745,-87.62957868
122 N HALSTED ST,"122 N HALSTED ST Chicago, IL",41.88380842,-87.64749642
1028 W TAYLOR ST,"1028 W TAYLOR ST Chicago, IL",41.86954344,-87.65256538
106 S HALSTED ST,"106 S HALSTED ST Chicago, IL",41.88036923,-87.64739497
67 W JACKSON BLVD,"67 W JACKSON BLVD Chicago, IL",41.8781033,-87.63003947
31 W JACKSON BLVD,"31 W JACKSON BLVD Chicago, IL",41.87811385,-87.62897459
111 N STATE ST,"111 N STATE ST Chicago, IL",41.88369109,-87.6278067
424 W ADAMS ST,"424 W ADAMS ST Chicago, IL",41.87938044,-87.63878047
142 S DEARBORN ST,"142 S DEARBORN ST Chicago, IL",41.87979663,-87.62943339
166 W MADISON ST,"166 W MADISON ST Chicago, IL",41.88201744,-87.63223452
640 N LA SALLE ST,"640 N LA SALLE ST Chicago, IL",41.89395268,-87.63281311
232 S HALSTED ST,"232 S HALSTED ST Chicago, IL",41.87845743,-87.64733646
320 S HALSTED ST,"320 S HALSTED ST Chicago, IL",41.87778276,-87.64731289
52 N DEARBORN ST,"52 N DEARBORN ST Chicago, IL",41.88230156,-87.6294873
364 W ADAMS ST,"364 W ADAMS ST Chicago, IL",41.8794189,-87.63617095
32 S HALSTED ST,"32 S HALSTED ST Chicago, IL",41.8813552,-87.64742595
509 W TAYLOR ST,"509 W TAYLOR ST Chicago, IL",41.86969885,-87.63946518
1028 S CANAL ST,"1028 S CANAL ST Chicago, IL",41.86935951,-87.63933905
360 W CHICAGO AVE,"360 W CHICAGO AVE Chicago, IL",41.89660585,-87.63750976
186 W MADISON ST,"186 W MADISON ST Chicago, IL",41.88201242,-87.63314254
559 W CHICAGO AVE,"559 W CHICAGO AVE Chicago, IL",41.89642642,-87.64234266
89 S DEARBORN ST,"89 S DEARBORN ST Chicago, IL",41.88101074,-87.62929575
178 N HALSTED ST,"178 N HALSTED ST Chicago, IL",41.88541592,-87.6475435
234 S HALSTED ST,"234 S HALSTED ST Chicago, IL",41.87844292,-87.64733589
306 S HALSTED ST,"306 S HALSTED ST Chicago, IL",41.8778558,-87.647315
529 W JACKSON BLVD,"529 W JACKSON BLVD Chicago, IL",41.87796985,-87.64122144
1291 W TAYLOR ST,"1291 W TAYLOR ST Chicago, IL",41.86932085,-87.65905948
613 W TAYLOR ST,"613 W TAYLOR ST Chicago, IL",41.86965559,-87.64250767
21 N DEARBORN ST,"21 N DEARBORN ST Chicago, IL",41.88266161,-87.62934682
260 S CLINTON ST,"260 S CLINTON ST Chicago, IL",41.87833402,-87.64115969
28 S HALSTED ST,"28 S HALSTED ST Chicago, IL",41.88140405,-87.64742737
210 S HALSTED ST,"210 S HALSTED ST Chicago, IL",41.87889865,-87.64734742
1105 W ROOSEVELT RD,"1105 W ROOSEVELT RD Chicago, IL",41.86690501,-87.6549669
402 W RANDOLPH ST,"402 W RANDOLPH ST Chicago, IL",41.88451044,-87.6383204
517 W JACKSON BLVD,"517 W JACKSON BLVD Chicago, IL",41.87797439,-87.64054002
381 W JACKSON BLVD,"381 W JACKSON BLVD Chicago, IL",41.8780182,-87.63719806
373 W JACKSON BLVD,"373 W JACKSON BLVD Chicago, IL",41.87801912,-87.63715152
230 S LA SALLE ST,"230 S LA SALLE ST Chicago, IL",41.87864404,-87.63234723
26 N CANAL ST,"26 N CANAL ST Chicago, IL",41.88223958,-87.63977066
38 N CANAL ST,"38 N CANAL ST Chicago, IL",41.88238737,-87.63977575
200 E RANDOLPH ST,"200 E RANDOLPH ST Chicago, IL",41.88458152,-87.62221057
1229 W LAKE ST,"1229 W LAKE ST Chicago, IL",41.88543683,-87.65741952
60 E MONROE ST,"60 E MONROE ST Chicago, IL",41.88085778,-87.62571374
847 S WABASH AVE,"847 S WABASH AVE Chicago, IL",41.8712375,-87.62584876
137 E RANDOLPH ST,"137 E RANDOLPH ST Chicago, IL",41.88434076,-87.62422324
55 N DEARBORN ST,"55 N DEARBORN ST Chicago, IL",41.88287685,-87.6293545
77 N DEARBORN ST,"77 N DEARBORN ST Chicago, IL",41.88301613,-87.62935948
41 S CLINTON ST,"41 S CLINTON ST Chicago, IL",41.88100673,-87.64108779
40 E HARRISON ST,"40 E HARRISON ST Chicago, IL",41.87444844,-87.62701068
723 S WABASH AVE,"723 S WABASH AVE Chicago, IL",41.87280467,-87.62588227
67 S DEARBORN ST,"67 S DEARBORN ST Chicago, IL",41.88146486,-87.62930862
365 N STATE ST,"365 N STATE ST Chicago, IL",41.88873219,-87.62796729
536 N MILWAUKEE AVE,"536 N MILWAUKEE AVE Chicago, IL",41.89199289,-87.64892497
139 S CLINTON ST,"139 S CLINTON ST Chicago, IL",41.88030101,-87.64106679
33 E ADAMS ST,"33 E ADAMS ST Chicago, IL",41.87945357,-87.62651694
960 W CHICAGO AVE,"960 W CHICAGO AVE Chicago, IL",41.89638144,-87.65191722
422 S DEARBORN ST,"422 S DEARBORN ST Chicago, IL",41.87661942,-87.62933093
1154 N DEARBORN ST,"1154 N DEARBORN ST Chicago, IL",41.90333164,-87.63004344
664 N MILWAUKEE AVE,"664 N MILWAUKEE AVE Chicago, IL",41.89391162,-87.6519375
22 W GRAND AVE,"22 W GRAND AVE Chicago, IL",41.89171888,-87.62844596
611 N HALSTED ST,"611 N HALSTED ST Chicago, IL",41.89230735,-87.64752514
615 N HALSTED ST,"615 N HALSTED ST Chicago, IL",41.89230746,-87.64752515
38 E GRAND AVE,"38 E GRAND AVE Chicago, IL",41.89175015,-87.62628173
4 E HUBBARD ST,"4 E HUBBARD ST Chicago, IL",41.89012644,-87.62790654
22 W ERIE ST,"22 W ERIE ST Chicago, IL",41.89411622,-87.62910589
57 E CHICAGO AVE,"57 E CHICAGO AVE Chicago, IL",41.89664512,-87.62615251
447 W CHICAGO AVE,"447 W CHICAGO AVE Chicago, IL",41.89645877,-87.63980754
688 W CHICAGO AVE,"688 W CHICAGO AVE Chicago, IL",41.8965189,-87.64369893
226 E GRAND AVE,"226 E GRAND AVE Chicago, IL",41.89182912,-87.6219872
1420 N DEARBORN PKWY,"1420 N DEARBORN PKWY Chicago, IL",41.9082126,-87.63019242
1525 N HALSTED ST,"1525 N HALSTED ST Chicago, IL",41.91025923,-87.64817858
349 E ILLINOIS ST,"349 E ILLINOIS ST Chicago, IL",41.89093787,-87.62054422
123 W MADISON ST,"123 W MADISON ST Chicago, IL",41.88191185,-87.63166782
412 W MONROE ST,"412 W MONROE ST Chicago, IL",41.88065844,-87.63874377
433 W MADISON ST,"433 W MADISON ST Chicago, IL",41.88183085,-87.63895753
68 W HARRISON ST,"68 W HARRISON ST Chicago, IL",41.87458344,-87.6303328
74 W HARRISON ST,"74 W HARRISON ST Chicago, IL",41.87458344,-87.6303862
78 W HARRISON ST,"78 W HARRISON ST Chicago, IL",41.87458344,-87.6304218
505 S FINANCIAL PL,"505 S FINANCIAL PL Chicago, IL",41.8746616,-87.6330435
526 W ADAMS ST,"526 W ADAMS ST Chicago, IL",41.87933957,-87.64192942
536 W ADAMS ST,"536 W ADAMS ST Chicago, IL",41.8793382,-87.64200922
109 W KINZIE ST,"109 W KINZIE ST Chicago, IL",41.88914327,-87.6316162
116 E GRAND AVE,"116 E GRAND AVE Chicago, IL",41.89179144,-87.6238083
228 S HALSTED ST,"228 S HALSTED ST Chicago, IL",41.87848504,-87.64733738
1153 W TAYLOR ST,"1153 W TAYLOR ST Chicago, IL",41.86937485,-87.65562801
1117 W TAYLOR ST,"1117 W TAYLOR ST Chicago, IL",41.86938842,-87.65491
231 S DEARBORN ST,"231 S DEARBORN ST Chicago, IL",41.87903043,-87.62926501
113 S FRANKLIN ST,"113 S FRANKLIN ST Chicago, IL",41.88044003,-87.63519623
10 S LA SALLE ST,"10 S LA SALLE ST Chicago, IL",41.881368,-87.63242509
762 S HALSTED ST,"762 S HALSTED ST Chicago, IL",41.87171216,-87.64720839
266 S CLINTON ST,"266 S CLINTON ST Chicago, IL",41.87829437,-87.64115827
614 W HARRISON ST,"614 W HARRISON ST Chicago, IL",41.87442215,-87.64269318
1150 N DEARBORN ST,"1150 N DEARBORN ST Chicago, IL",41.90328345,-87.63004202
281 S DEARBORN ST,"281 S DEARBORN ST Chicago, IL",41.87844281,-87.62923532
129 N DEARBORN ST,"129 N DEARBORN ST Chicago, IL",41.88516894,-87.62940036
86 W CHICAGO AVE,"86 W CHICAGO AVE Chicago, IL",41.89670544,-87.63032045
944 W CHICAGO AVE,"944 W CHICAGO AVE Chicago, IL",41.89638908,-87.65137084
774 W CHICAGO AVE,"774 W CHICAGO AVE Chicago, IL",41.89645377,-87.64707459
818 W CHICAGO AVE,"818 W CHICAGO AVE Chicago, IL",41.8964435,-87.64866628
38 E CHICAGO AVE,"38 E CHICAGO AVE Chicago, IL",41.89675675,-87.62668019
436 S DEARBORN ST,"436 S DEARBORN ST Chicago, IL",41.87647644,-87.62932813
355 E ILLINOIS ST,"355 E ILLINOIS ST Chicago, IL",41.89093838,-87.62050329
1356 N WELLS ST,"1356 N WELLS ST Chicago, IL",41.90723804,-87.63467046
112 N CLINTON ST,"112 N CLINTON ST Chicago, IL",41.88355841,-87.64132363
290 S CLINTON ST,"290 S CLINTON ST Chicago, IL",41.87813577,-87.64115261
924 S RACINE AVE,"924 S RACINE AVE Chicago, IL",41.8697201,-87.65684258
60 N DEARBORN ST,"60 N DEARBORN ST Chicago, IL",41.88234151,-87.6294888
123 N FRANKLIN ST,"123 N FRANKLIN ST Chicago, IL",41.88526474,-87.6353105
301 N ORLEANS ST,"301 N ORLEANS ST Chicago, IL",41.88782437,-87.63611627
319 N ORLEANS ST,"319 N ORLEANS ST Chicago, IL",41.88786068,-87.63614757
2504 W LAKE ST,"2504 W LAKE ST Chicago, IL",41.88457468,-87.6895936
268 S CLINTON ST,"268 S CLINTON ST Chicago, IL",41.87828115,-87.6411578
288 S CLINTON ST,"288 S CLINTON ST Chicago, IL",41.87814898,-87.64115308
116 W MADISON ST,"116 W MADISON ST Chicago, IL",41.88202644,-87.63163162
457 W TAYLOR ST,"457 W TAYLOR ST Chicago, IL",41.86976186,-87.63976861
828 W TAYLOR ST,"828 W TAYLOR ST Chicago, IL",41.86970538,-87.647697
1000 W VAN BUREN ST,"1000 W VAN BUREN ST Chicago, IL",41.87665625,-87.65196069
833 W WASHINGTON BLVD,"833 W WASHINGTON BLVD Chicago, IL",41.88306267,-87.64864409
627 W JACKSON BLVD,"627 W JACKSON BLVD Chicago, IL",41.87794285,-87.64295962
329 W JACKSON BLVD,"329 W JACKSON BLVD Chicago, IL",41.87803512,-87.63615512
1122 N DEARBORN ST,"1122 N DEARBORN ST Chicago, IL",41.90253828,-87.6300234
800 S HALSTED ST,"800 S HALSTED ST Chicago, IL",41.87139319,-87.64720765
1337 N WELLS ST,"1337 N WELLS ST Chicago, IL",41.90677813,-87.63450062
451 W TAYLOR ST,"451 W TAYLOR ST Chicago, IL",41.8690502,-87.7289284
1005 N WELLS ST,"1005 N WELLS ST Chicago, IL",41.90070691,-87.63428107
1019 N WELLS ST,"1019 N WELLS ST Chicago, IL",41.90106682,-87.63429492
1017 N WELLS ST,"1017 N WELLS ST Chicago, IL",41.9010154,-87.63429294
700 W CHICAGO AVE,"700 W CHICAGO AVE Chicago, IL",41.89649844,-87.64523022
962 W CHICAGO AVE,"962 W CHICAGO AVE Chicago, IL",41.89638144,-87.65195107
806 N CARPENTER ST,"806 N CARPENTER ST Chicago, IL",41.89644519,-87.65368831
467 W CHICAGO AVE,"467 W CHICAGO AVE Chicago, IL",41.89643901,-87.64103471
822 W CHICAGO AVE,"822 W CHICAGO AVE Chicago, IL",41.89643544,-87.64878421
1010 W CHICAGO AVE,"1010 W CHICAGO AVE Chicago, IL",41.89635444,-87.65352727
51 W CHICAGO AVE,"51 W CHICAGO AVE Chicago, IL",41.89658627,-87.63061053
1513 N WELLS ST,"1513 N WELLS ST Chicago, IL",41.90960271,-87.63458289
5 W CHICAGO AVE,"5 W CHICAGO AVE Chicago, IL",41.89661785,-87.62844146
211 W MADISON ST,"211 W MADISON ST Chicago, IL",41.8818611,-87.6341062
217 W MADISON ST,"217 W MADISON ST Chicago, IL",41.8818606,-87.6341771
6 E CHICAGO AVE,"6 E CHICAGO AVE Chicago, IL",41.89674061,-87.62795369
16 N CLINTON ST,"16 N CLINTON ST Chicago, IL",41.88191695,-87.64127215
7 S STATE ST,"7 S STATE ST Chicago, IL",41.88160023,-87.6276804
117 S CLINTON ST,"117 S CLINTON ST Chicago, IL",41.8804223,-87.64107066
453 W WASHINGTON BLVD,"453 W WASHINGTON BLVD Chicago, IL",41.88318778,-87.63940644
1037 W LAKE ST,"1037 W LAKE ST Chicago, IL",41.88550285,-87.6534735
1088 N WELLS ST,"1088 N WELLS ST Chicago, IL",41.9019763,-87.63448504
1030 N CLARK ST,"1030 N CLARK ST Chicago, IL",41.90096913,-87.63143772
804 N WELLS ST,"804 N WELLS ST Chicago, IL",41.89667937,-87.6342841
676 N WELLS ST,"676 N WELLS ST Chicago, IL",41.89437611,-87.63422062
1290 N CLARK ST,"1290 N CLARK ST Chicago, IL",41.90558015,-87.63157901
626 W JACKSON BLVD,"626 W JACKSON BLVD Chicago, IL",41.87805744,-87.64295962
1020 N ORLEANS ST,"1020 N ORLEANS ST Chicago, IL",41.90103588,-87.63741913
235 S DEARBORN ST,"235 S DEARBORN ST Chicago, IL",41.87898329,-87.6292638
1209 N MILWAUKEE AVE,"1209 N MILWAUKEE AVE Chicago, IL",41.90360606,-87.66675599
716 W JACKSON BLVD,"716 W JACKSON BLVD Chicago, IL",41.87803398,-87.64482435
804 N HUDSON AVE,"804 N HUDSON AVE Chicago, IL",41.89664946,-87.63996964
970 W CHICAGO AVE,"970 W CHICAGO AVE Chicago, IL",41.89637982,-87.65208841
65 S CLINTON ST,"65 S CLINTON ST Chicago, IL",41.88084812,-87.64108402
20 S CLINTON ST,"20 S CLINTON ST Chicago, IL",41.88169902,-87.6412648
23 N CANAL ST,"23 N CANAL ST Chicago, IL",41.88221236,-87.63961576
634 N WELLS ST,"634 N WELLS ST Chicago, IL",41.89359146,-87.63419858
158 N DESPLAINES ST,"158 N DESPLAINES ST Chicago, IL",41.88413194,-87.64427283
343 W JACKSON BLVD,"343 W JACKSON BLVD Chicago, IL",41.87802627,-87.63659068
150 W JACKSON BLVD,"150 W JACKSON BLVD Chicago, IL",41.8781788,-87.63324063
409 S DEARBORN ST,"409 S DEARBORN ST Chicago, IL",41.87675838,-87.62918207
120 S DESPLAINES ST,"120 S DESPLAINES ST Chicago, IL",41.8799549,-87.64414322
1240 N HALSTED ST,"1240 N HALSTED ST Chicago, IL",41.90419183,-87.64819157
949 N NOBLE ST,"949 N NOBLE ST Chicago, IL",41.89944768,-87.66241719
1361 N WELLS ST,"1361 N WELLS ST Chicago, IL",41.90709902,-87.63451217
111 E CHICAGO AVE,"111 E CHICAGO AVE Chicago, IL",41.89666101,-87.62499942
556 W TAYLOR ST,"556 W TAYLOR ST Chicago, IL",41.86978262,-87.64146907
493 W JACKSON BLVD,"493 W JACKSON BLVD Chicago, IL",41.87798785,-87.63940513
1359 N WELLS ST,"1359 N WELLS ST Chicago, IL",41.90707223,-87.63451134
169 E CHICAGO AVE,"169 E CHICAGO AVE Chicago, IL",41.89668184,-87.62369495
589 W CHICAGO AVE,"589 W CHICAGO AVE Chicago, IL",41.89641985,-87.64272742
539 W JACKSON BLVD,"539 W JACKSON BLVD Chicago, IL",41.87796636,-87.64158252
520 W TAYLOR ST,"520 W TAYLOR ST Chicago, IL",41.86979544,-87.64072481
408 S DEARBORN ST,"408 S DEARBORN ST Chicago, IL",41.87676134,-87.62933618
455 W TAYLOR ST,"455 W TAYLOR ST Chicago, IL",41.8690502,-87.7289284
59 E CHICAGO AVE,"59 E CHICAGO AVE Chicago, IL",41.89664578,-87.62613041
151 W CHICAGO AVE,"151 W CHICAGO AVE Chicago, IL",41.89654585,-87.63370572
901 W TAYLOR ST,"901 W TAYLOR ST Chicago, IL",41.86944374,-87.65119727
863 W TAYLOR ST,"863 W TAYLOR ST Chicago, IL",41.86944849,-87.64857485
148 W ADAMS ST,"148 W ADAMS ST Chicago, IL",41.87944807,-87.63301108
172 W CHICAGO AVE,"172 W CHICAGO AVE Chicago, IL",41.89665383,-87.63413112
224 E GRAND AVE,"224 E GRAND AVE Chicago, IL",41.89182798,-87.62203374
65 E WASHINGTON ST,"65 E WASHINGTON ST Chicago, IL",41.88316285,-87.62558051
227 S DEARBORN ST,"227 S DEARBORN ST Chicago, IL",41.87907757,-87.62926622
130 N DEARBORN ST,"130 N DEARBORN ST Chicago, IL",41.88476334,-87.62954415
407 E ILLINOIS ST,"407 E ILLINOIS ST Chicago, IL",41.89099683,-87.61744523
276 S DEARBORN ST,"276 S DEARBORN ST Chicago, IL",41.87848518,-87.62939171
740 W FULTON ST,"740 W FULTON ST Chicago, IL",41.88685641,-87.6469294
218 E GRAND AVE,"218 E GRAND AVE Chicago, IL",41.89182458,-87.62217336
1234 N DEARBORN PKWY,"1234 N DEARBORN PKWY Chicago, IL",41.90458911,-87.63008239
507 E GRAND AVE,"507 E GRAND AVE Chicago, IL",41.89193539,-87.6114804
919 N WELLS ST,"919 N WELLS ST Chicago, IL",41.89950079,-87.63423607
123 E GRAND AVE,"123 E GRAND AVE Chicago, IL",41.89167685,-87.62373031
161 W WASHINGTON ST,"161 W WASHINGTON ST Chicago, IL",41.88315385,-87.63305757
758 S HALSTED ST,"758 S HALSTED ST Chicago, IL",41.8717459,-87.64720877
28 W GRAND AVE,"28 W GRAND AVE Chicago, IL",41.89171803,-87.6285351
34 W GRAND AVE,"34 W GRAND AVE Chicago, IL",41.89171719,-87.62862423
117 N MICHIGAN AVE,"117 N MICHIGAN AVE Chicago, IL",41.88464385,-87.62438275
900 S WABASH AVE,"900 S WABASH AVE Chicago, IL",41.87049912,-87.6259827
39 W CHICAGO AVE,"39 W CHICAGO AVE Chicago, IL",41.89658675,-87.63060078
69 N DEARBORN ST,"69 N DEARBORN ST Chicago, IL",41.88296548,-87.62935767
44 W CHICAGO AVE,"44 W CHICAGO AVE Chicago, IL",41.89671078,-87.62989741
10 S CANAL ST,"10 S CANAL ST Chicago, IL",41.88178275,-87.63975921
459 S LOOMIS ST,"459 S LOOMIS ST Chicago, IL",41.8600958,-87.6614226
2 W MADISON ST,"2 W MADISON ST Chicago, IL",41.88206244,-87.62882771
252 N DEARBORN ST,"252 N DEARBORN ST Chicago, IL",41.88634567,-87.62959388
170 W CHICAGO AVE,"170 W CHICAGO AVE Chicago, IL",41.89665505,-87.63409277
55 E CHICAGO AVE,"55 E CHICAGO AVE Chicago, IL",41.89664485,-87.62617772
121 E CHICAGO AVE,"121 E CHICAGO AVE Chicago, IL",41.89667185,-87.62461829
1554 W LAKE ST,"1554 W LAKE ST Chicago, IL",41.88540412,-87.66627099
124 E RANDOLPH ST,"124 E RANDOLPH ST Chicago, IL",41.88452844,-87.62384575
628 W JACKSON BLVD,"628 W JACKSON BLVD Chicago, IL",41.87805744,-87.64298643
121 W WASHINGTON ST,"121 W WASHINGTON ST Chicago, IL",41.88315385,-87.63194684
123 N MICHIGAN AVE,"123 N MICHIGAN AVE Chicago, IL",41.88468627,-87.62438502
135 E RANDOLPH ST,"135 E RANDOLPH ST Chicago, IL",41.88434386,-87.62423364
249 S DEARBORN ST,"249 S DEARBORN ST Chicago, IL",41.87881889,-87.62925394
69 W RANDOLPH ST,"69 W RANDOLPH ST Chicago, IL",41.88442473,-87.62895252
213 W KINZIE ST,"213 W KINZIE ST Chicago, IL",41.8891067,-87.63407791
350 W CHICAGO AVE,"350 W CHICAGO AVE Chicago, IL",41.89660644,-87.63724722
221 N LA SALLE ST,"221 N LA SALLE ST Chicago, IL",41.88633906,-87.63238852
60 E ADAMS ST,"60 E ADAMS ST Chicago, IL",41.87957957,-87.62605423
1227 N WELLS ST,"1227 N WELLS ST Chicago, IL",41.90417439,-87.63441471
310 W DIVISION ST,"310 W DIVISION ST Chicago, IL",41.90388824,-87.63588271
428 W JACKSON BLVD,"428 W JACKSON BLVD Chicago, IL",41.87811069,-87.63857802
42 W CHICAGO AVE,"42 W CHICAGO AVE Chicago, IL",41.8967114,-87.62987712
106 W CHICAGO AVE,"106 W CHICAGO AVE Chicago, IL",41.89668968,-87.63147852
1140 W TAYLOR ST,"1140 W TAYLOR ST Chicago, IL",41.86948817,-87.6558118
604 S LOOMIS ST,"604 S LOOMIS ST Chicago, IL",41.8739819,-87.66185769
511 W ADAMS ST,"511 W ADAMS ST Chicago, IL",41.87923415,-87.64124695
411 W JACKSON BLVD,"411 W JACKSON BLVD Chicago, IL",41.87800258,-87.63834053
166 W JACKSON BLVD,"166 W JACKSON BLVD Chicago, IL",41.87817674,-87.63337786
1260 N DEARBORN PKWY,"1260 N DEARBORN PKWY Chicago, IL",41.90505776,-87.63009552
1164 N DEARBORN ST,"1164 N DEARBORN ST Chicago, IL",41.90345211,-87.63004698
1243 W LAKE ST,"1243 W LAKE ST Chicago, IL",41.88543285,-87.657692
182 N DEARBORN ST,"182 N DEARBORN ST Chicago, IL",41.88539066,-87.62956226
331 N MICHIGAN AVE,"331 N MICHIGAN AVE Chicago, IL",41.88770055,-87.62447863
180 N DEARBORN ST,"180 N DEARBORN ST Chicago, IL",41.8853532,-87.62956092
209 N DEARBORN ST,"209 N DEARBORN ST Chicago, IL",41.88563538,-87.62941714
119 E WACKER DR,"119 E WACKER DR Chicago, IL",41.88813985,-87.62369187
34 W KINZIE ST,"34 W KINZIE ST Chicago, IL",41.88928944,-87.62951078
1362 W ROOSEVELT RD,"1362 W ROOSEVELT RD Chicago, IL",41.86698636,-87.66065312
1358 W ROOSEVELT RD,"1358 W ROOSEVELT RD Chicago, IL",41.86698807,-87.66055966
135 S LA SALLE ST,"135 S LA SALLE ST Chicago, IL",41.87997839,-87.63223128
551 S STATE ST,"551 S STATE ST Chicago, IL",41.87468381,-87.62747052
379 W JACKSON BLVD,"379 W JACKSON BLVD Chicago, IL",41.87801843,-87.63718642
875 N DEARBORN ST,"875 N DEARBORN ST Chicago, IL",41.89881404,-87.62975743
442 N HALSTED ST,"442 N HALSTED ST Chicago, IL",41.89056506,-87.64768949
265 S DEARBORN ST,"265 S DEARBORN ST Chicago, IL",41.87863124,-87.62924579
958 W CHICAGO AVE,"958 W CHICAGO AVE Chicago, IL",41.89638144,-87.65176327
514 S STATE ST,"514 S STATE ST Chicago, IL",41.87546338,-87.62775271
63 W CHICAGO AVE,"63 W CHICAGO AVE Chicago, IL",41.8965858,-87.63062028
524 W HARRISON ST,"524 W HARRISON ST Chicago, IL",41.87444496,-87.64106946
927 N NOBLE ST,"927 N NOBLE ST Chicago, IL",41.89874922,-87.66239798
334 E RANDOLPH ST,"334 E RANDOLPH ST Chicago, IL",41.88457344,-87.6199124
1316 N HALSTED ST,"1316 N HALSTED ST Chicago, IL",41.90532497,-87.6482046
722 S RACINE AVE,"722 S RACINE AVE Chicago, IL",41.8724831,-87.6570179
1401 N WELLS ST,"1401 N WELLS ST Chicago, IL",41.90772268,-87.63452996
430 S DEARBORN ST,"430 S DEARBORN ST Chicago, IL",41.87653772,-87.62932933
412 S DEARBORN ST,"412 S DEARBORN ST Chicago, IL",41.87672051,-87.62933441
907 W TAYLOR ST,"907 W TAYLOR ST Chicago, IL",41.86944293,-87.65121683
513 W JACKSON BLVD,"513 W JACKSON BLVD Chicago, IL",41.87797887,-87.6403137
88 W CHICAGO AVE,"88 W CHICAGO AVE Chicago, IL",41.89670544,-87.63034076
741 N WELLS ST,"741 N WELLS ST Chicago, IL",41.89578438,-87.63410483
197 S LA SALLE ST,"197 S LA SALLE ST Chicago, IL",41.87947905,-87.63221794
1486 N HALSTED ST,"1486 N HALSTED ST Chicago, IL",41.90831826,-87.64828485
366 W CHICAGO AVE,"366 W CHICAGO AVE Chicago, IL",41.89660417,-87.6376666
1104 N DEARBORN ST,"1104 N DEARBORN ST Chicago, IL",41.90203554,-87.63000823
195 W CHICAGO AVE,"195 W CHICAGO AVE Chicago, IL",41.89654046,-87.6340894
191 W CHICAGO AVE,"191 W CHICAGO AVE Chicago, IL",41.89654157,-87.63405424
498 S HALSTED ST,"498 S HALSTED ST Chicago, IL",41.87615844,-87.64726419
597 W CHICAGO AVE,"597 W CHICAGO AVE Chicago, IL",41.89641985,-87.6428281
1053 W HARRISON ST,"1053 W HARRISON ST Chicago, IL",41.87423579,-87.65316794
34 N DEARBORN ST,"34 N DEARBORN ST Chicago, IL",41.88221167,-87.62948393
226 W HUBBARD ST,"226 W HUBBARD ST Chicago, IL",41.89002744,-87.63472245
46 N DEARBORN ST,"46 N DEARBORN ST Chicago, IL",41.8822716,-87.62948618
1108 N CLARK ST,"1108 N CLARK ST Chicago, IL",41.90205989,-87.6314723
1327 N HALSTED ST,"1327 N HALSTED ST Chicago, IL",41.90546626,-87.64805439
986 S HALSTED ST,"986 S HALSTED ST Chicago, IL",41.86982406,-87.64714276
1008 N CLARK ST,"1008 N CLARK ST Chicago, IL",41.90070642,-87.63143136
176 N DEARBORN ST,"176 N DEARBORN ST Chicago, IL",41.88527828,-87.62955824
520 W CHICAGO AVE,"520 W CHICAGO AVE Chicago, IL",41.89654344,-87.64187222
524 W CHICAGO AVE,"524 W CHICAGO AVE Chicago, IL",41.89654344,-87.64192256
774 S HALSTED ST,"774 S HALSTED ST Chicago, IL",41.87161096,-87.64720724
611 W CHICAGO AVE,"611 W CHICAGO AVE Chicago, IL",41.89641267,-87.64332245
1581 W WARREN BLVD,"1581 W WARREN BLVD Chicago, IL",41.88232585,-87.66612469
1507 W LAKE ST,"1507 W LAKE ST Chicago, IL",41.88530017,-87.6655968
1223 N MILWAUKEE AVE,"1223 N MILWAUKEE AVE Chicago, IL",41.90389856,-87.66721136
1482 N MILWAUKEE AVE,"1482 N MILWAUKEE AVE Chicago, IL",41.90874607,-87.67503452
1153 N DEARBORN ST,"1153 N DEARBORN ST Chicago, IL",41.90331006,-87.6298888
491 N MILWAUKEE AVE,"491 N MILWAUKEE AVE Chicago, IL",41.8910088,-87.64723098
35 S DEARBORN ST,"35 S DEARBORN ST Chicago, IL",41.88169375,-87.62931729
453 W TAYLOR ST,"453 W TAYLOR ST Chicago, IL",41.8690502,-87.7289284
506 W ADAMS ST,"506 W ADAMS ST Chicago, IL",41.87934229,-87.64176982
179 S CANAL ST,"179 S CANAL ST Chicago, IL",41.87959084,-87.63954186
404 W CHICAGO AVE,"404 W CHICAGO AVE Chicago, IL",41.89658844,-87.63878491
919 N DEARBORN ST,"919 N DEARBORN ST Chicago, IL",41.89964618,-87.62977541
836 W LAKE ST,"836 W LAKE ST Chicago, IL",41.88569844,-87.64883336
824 W TAYLOR ST,"824 W TAYLOR ST Chicago, IL",41.8697105,-87.64762418
561 S MORGAN ST,"561 S MORGAN ST Chicago, IL",41.87520771,-87.6517633
535 S MORGAN ST,"535 S MORGAN ST Chicago, IL",41.87523464,-87.6517633
560 W FULTON ST,"560 W FULTON ST Chicago, IL",41.88686844,-87.64213871
930 N WELLS ST,"930 N WELLS ST Chicago, IL",41.90002198,-87.63440807
4 N CLINTON ST,"4 N CLINTON ST Chicago, IL",41.88215709,-87.64128021
921 N WELLS ST,"921 N WELLS ST Chicago, IL",41.89955221,-87.63423805
26 W GRAND AVE,"26 W GRAND AVE Chicago, IL",41.89171832,-87.62850539
214 E GRAND AVE,"214 E GRAND AVE Chicago, IL",41.89182231,-87.62226644
4 W GRAND AVE,"4 W GRAND AVE Chicago, IL",41.8917236,-87.62818233
47 S DEARBORN ST,"47 S DEARBORN ST Chicago, IL",41.88160902,-87.62931463
892 S HALSTED ST,"892 S HALSTED ST Chicago, IL",41.87061278,-87.64717706
491 E ILLINOIS ST,"491 E ILLINOIS ST Chicago, IL",41.89103304,-87.61544028
1449 N DEARBORN PKWY,"1449 N DEARBORN PKWY Chicago, IL",41.90864036,-87.63005239
981 N DEARBORN ST,"981 N DEARBORN ST Chicago, IL",41.89961064,-87.62977426
417 W ADAMS ST,"417 W ADAMS ST Chicago, IL",41.87926585,-87.63869966
445 E ILLINOIS ST,"445 E ILLINOIS ST Chicago, IL",41.89101321,-87.61653823
548 N WELLS ST,"548 N WELLS ST Chicago, IL",41.89190405,-87.6341542
814 W TAYLOR ST,"814 W TAYLOR ST Chicago, IL",41.86971444,-87.64741917
1331 N WELLS ST,"1331 N WELLS ST Chicago, IL",41.90658283,-87.63449415
1109 W WASHINGTON BLVD,"1109 W WASHINGTON BLVD Chicago, IL",41.88296147,-87.6547609
832 W LAKE ST,"832 W LAKE ST Chicago, IL",41.88569844,-87.64877553
1263 N HALSTED ST,"1263 N HALSTED ST Chicago, IL",41.9044808,-87.64804257
1475 N HALSTED ST,"1475 N HALSTED ST Chicago, IL",41.90795478,-87.64812318
530 S MORGAN ST,"530 S MORGAN ST Chicago, IL",41.87523878,-87.65191719
989 W HARRISON ST,"989 W HARRISON ST Chicago, IL",41.87426519,-87.65147823
117 E CHICAGO AVE,"117 E CHICAGO AVE Chicago, IL",41.89667185,-87.62471835
913 W LAKE ST,"913 W LAKE ST Chicago, IL",41.88555428,-87.65049018
119 N FRANKLIN ST,"119 N FRANKLIN ST Chicago, IL",41.88524333,-87.6353117
534 S MORGAN ST,"534 S MORGAN ST Chicago, IL",41.87523464,-87.65191719
548 S MORGAN ST,"548 S MORGAN ST Chicago, IL",41.87522014,-87.65191719
291 S DEARBORN ST,"291 S DEARBORN ST Chicago, IL",41.87832504,-87.62922878
48 S CANAL ST,"48 S CANAL ST Chicago, IL",41.88156092,-87.63975182
1358 N WELLS ST,"1358 N WELLS ST Chicago, IL",41.90725554,-87.634671
1239 W LAKE ST,"1239 W LAKE ST Chicago, IL",41.88543399,-87.65761415
389 W JACKSON BLVD,"389 W JACKSON BLVD Chicago, IL",41.87801728,-87.6372446
553 S STATE ST,"553 S STATE ST Chicago, IL",41.87464757,-87.62746976
333 N ORLEANS ST,"333 N ORLEANS ST Chicago, IL",41.88788412,-87.63616994
1118 W CHICAGO AVE,"1118 W CHICAGO AVE Chicago, IL",41.89630944,-87.65613276
51 S CLINTON ST,"51 S CLINTON ST Chicago, IL",41.88094064,-87.64108622
755 N WELLS ST,"755 N WELLS ST Chicago, IL",41.89596551,-87.63410912
7 E CHICAGO AVE,"7 E CHICAGO AVE Chicago, IL",41.89664112,-87.62670482
595 W CHICAGO AVE,"595 W CHICAGO AVE Chicago, IL",41.89641985,-87.64280293
1009 N WELLS ST,"1009 N WELLS ST Chicago, IL",41.90080974,-87.63428503
561 W CHICAGO AVE,"561 W CHICAGO AVE Chicago, IL",41.89642457,-87.6423677
503 N KINGSBURY ST,"503 N KINGSBURY ST Chicago, IL",41.89113883,-87.63950575
108 E CHICAGO AVE,"108 E CHICAGO AVE Chicago, IL",41.89676844,-87.6253878
539 W CHICAGO AVE,"539 W CHICAGO AVE Chicago, IL",41.89642885,-87.64209875
335 E ILLINOIS ST,"335 E ILLINOIS ST Chicago, IL",41.89093669,-87.62063972
679 N MILWAUKEE AVE,"679 N MILWAUKEE AVE Chicago, IL",41.894142,-87.6516552
1200 W LAKE ST,"1200 W LAKE ST Chicago, IL",41.88556175,-87.65687842
114 W GRAND AVE,"114 W GRAND AVE Chicago, IL",41.89167375,-87.63150919
966 W CHICAGO AVE,"966 W CHICAGO AVE Chicago, IL",41.89638111,-87.65202073
615 W CHICAGO AVE,"615 W CHICAGO AVE Chicago, IL",41.89641047,-87.64342068
343 N ORLEANS ST,"343 N ORLEANS ST Chicago, IL",41.88790086,-87.63618593
1067 N WELLS ST,"1067 N WELLS ST Chicago, IL",41.90174499,-87.63432238
805 N MILWAUKEE AVE,"805 N MILWAUKEE AVE Chicago, IL",41.89642313,-87.65557882
1559 N MILWAUKEE AVE,"1559 N MILWAUKEE AVE Chicago, IL",41.90980101,-87.67638831
1030 N MILWAUKEE AVE,"1030 N MILWAUKEE AVE Chicago, IL",41.90055205,-87.66222066
834 N MILWAUKEE AVE,"834 N MILWAUKEE AVE Chicago, IL",41.89723237,-87.65706148
830 N MILWAUKEE AVE,"830 N MILWAUKEE AVE Chicago, IL",41.89718341,-87.65698693
1011 W LAKE ST,"1011 W LAKE ST Chicago, IL",41.88551823,-87.65257857
25 N DEARBORN ST,"25 N DEARBORN ST Chicago, IL",41.88268693,-87.62934772
1384 W LAKE ST,"1384 W LAKE ST Chicago, IL",41.88548572,-87.66191117
222 N LA SALLE ST,"222 N LA SALLE ST Chicago, IL",41.88635975,-87.6325433
653 W WASHINGTON BLVD,"653 W WASHINGTON BLVD Chicago, IL",41.88310394,-87.6447155
443 W CHICAGO AVE,"443 W CHICAGO AVE Chicago, IL",41.89646544,-87.63959622
246 N DEARBORN ST,"246 N DEARBORN ST Chicago, IL",41.88628313,-87.62959137
1162 N WELLS ST,"1162 N WELLS ST Chicago, IL",41.90347672,-87.63454024
1105 W CHICAGO AVE,"1105 W CHICAGO AVE Chicago, IL",41.89620385,-87.65558115
600 W CHICAGO AVE,"600 W CHICAGO AVE Chicago, IL",41.89653269,-87.64308149
587 W CHICAGO AVE,"587 W CHICAGO AVE Chicago, IL",41.89641985,-87.64270225
330 W NORTH AVE,"330 W NORTH AVE Chicago, IL",41.91124044,-87.63775859
1037 N MILWAUKEE AVE,"1037 N MILWAUKEE AVE Chicago, IL",41.90062878,-87.66210441
1049 N MILWAUKEE AVE,"1049 N MILWAUKEE AVE Chicago, IL",41.90083102,-87.66242377
837 S LOOMIS ST,"837 S LOOMIS ST Chicago, IL",41.87120145,-87.66162115
951 N WELLS ST,"951 N WELLS ST Chicago, IL",41.90003161,-87.63425449
1288 N CLARK ST,"1288 N CLARK ST Chicago, IL",41.9055441,-87.63157772
1053 W LAKE ST,"1053 W LAKE ST Chicago, IL",41.88550066,-87.65371025
153 E GRAND AVE,"153 E GRAND AVE Chicago, IL",41.8916894,-87.62333976
44 E GRAND AVE,"44 E GRAND AVE Chicago, IL",41.89175201,-87.6261986
311 W ILLINOIS ST,"311 W ILLINOIS ST Chicago, IL",41.89070485,-87.63576436
231 N DEARBORN ST,"231 N DEARBORN ST Chicago, IL",41.88593818,-87.62942735
858 W TAYLOR ST,"858 W TAYLOR ST Chicago, IL",41.86969762,-87.64829061
1583 W WARREN BLVD,"1583 W WARREN BLVD Chicago, IL",41.88232585,-87.66614598
93 S CANAL ST,"93 S CANAL ST Chicago, IL",41.88070334,-87.63957224
1360 N WELLS ST,"1360 N WELLS ST Chicago, IL",41.90727304,-87.63467153
66 E JACKSON BLVD,"66 E JACKSON BLVD Chicago, IL",41.87830804,-87.62576598
499 W CHICAGO AVE,"499 W CHICAGO AVE Chicago, IL",41.89643785,-87.64127827
188 N DEARBORN ST,"188 N DEARBORN ST Chicago, IL",41.88550305,-87.62956627
16 W ADAMS ST,"16 W ADAMS ST Chicago, IL",41.87948914,-87.62962525
54 N DEARBORN ST,"54 N DEARBORN ST Chicago, IL",41.88231155,-87.62948768
31 N DEARBORN ST,"31 N DEARBORN ST Chicago, IL",41.88272491,-87.62934908
50 N DEARBORN ST,"50 N DEARBORN ST Chicago, IL",41.88229157,-87.62948693
137 N FRANKLIN ST,"137 N FRANKLIN ST Chicago, IL",41.88533967,-87.63530628
521 S LOOMIS ST,"521 S LOOMIS ST Chicago, IL",41.8600989,-87.6613417
728 W JACKSON BLVD,"728 W JACKSON BLVD Chicago, IL",41.87803044,-87.64538229
894 W TAYLOR ST,"894 W TAYLOR ST Chicago, IL",41.86968196,-87.64900378
107 E WACKER DR,"107 E WACKER DR Chicago, IL",41.88813985,-87.62388115
251 S FRANKLIN ST,"251 S FRANKLIN ST Chicago, IL",41.87853717,-87.63513529
165 N CANAL ST,"165 N CANAL ST Chicago, IL",41.88520671,-87.63975347
1100 N LA SALLE ST,"1100 N LA SALLE ST Chicago, IL",41.90187895,-87.63301918
1298 N CLARK ST,"1298 N CLARK ST Chicago, IL",41.90572434,-87.63158416
126 E GRAND AVE,"126 E GRAND AVE Chicago, IL",41.89179144,-87.62367832
23 N FRANKLIN ST,"23 N FRANKLIN ST Chicago, IL",41.88210864,-87.63523986
979 N DEARBORN ST,"979 N DEARBORN ST Chicago, IL",41.89959501,-87.62977376
75 S FRANKLIN ST,"75 S FRANKLIN ST Chicago, IL",41.88146726,-87.63522256
124 W ROOSEVELT RD,"124 W ROOSEVELT RD Chicago, IL",41.86748244,-87.63182164
114 W ADAMS ST,"114 W ADAMS ST Chicago, IL",41.87945328,-87.63255914
822 W TAYLOR ST,"822 W TAYLOR ST Chicago, IL",41.86971331,-87.64758478
339 E ILLINOIS ST,"339 E ILLINOIS ST Chicago, IL",41.89093702,-87.62061243
281 S FRANKLIN ST,"281 S FRANKLIN ST Chicago, IL",41.87830515,-87.63513232
1546 W LAKE ST,"1546 W LAKE ST Chicago, IL",41.88540546,-87.66615932
519 W CHICAGO AVE,"519 W CHICAGO AVE Chicago, IL",41.89642885,-87.64184705
923 N WELLS ST,"923 N WELLS ST Chicago, IL",41.89960364,-87.63424003
1444 W LAKE ST,"1444 W LAKE ST Chicago, IL",41.88545544,-87.66347941
820 W LAKE ST,"820 W LAKE ST Chicago, IL",41.8857034,-87.64839264
1364 N DEARBORN PKWY,"1364 N DEARBORN PKWY Chicago, IL",41.907205,-87.63016284
143 N FRANKLIN ST,"143 N FRANKLIN ST Chicago, IL",41.88537178,-87.63530447
1187 W HUBBARD ST,"1187 W HUBBARD ST Chicago, IL",41.88993085,-87.65706685
406 W JACKSON BLVD,"406 W JACKSON BLVD Chicago, IL",41.8781188,-87.63829581
1506 W LAKE ST,"1506 W LAKE ST Chicago, IL",41.88541467,-87.66560287
256 N DEARBORN ST,"256 N DEARBORN ST Chicago, IL",41.88638728,-87.62959548
898 W TAYLOR ST,"898 W TAYLOR ST Chicago, IL",41.86968012,-87.64908291
749 N NOBLE ST,"749 N NOBLE ST Chicago, IL",41.89572758,-87.66231806
1438 N CLARK ST,"1438 N CLARK ST Chicago, IL",41.90859699,-87.6316664
279 S LA SALLE ST,"279 S LA SALLE ST Chicago, IL",41.87832673,-87.63218538
178 N DEARBORN ST,"178 N DEARBORN ST Chicago, IL",41.88531574,-87.62955958
615 W TAYLOR ST,"615 W TAYLOR ST Chicago, IL",41.86965477,-87.64253446
1475 W ERIE ST,"1475 W ERIE ST Chicago, IL",41.89332153,-87.6648932
377 W JACKSON BLVD,"377 W JACKSON BLVD Chicago, IL",41.87801866,-87.63717479
49 W CHICAGO AVE,"49 W CHICAGO AVE Chicago, IL",41.89658635,-87.6306089
525 S STATE ST,"525 S STATE ST Chicago, IL",41.87515499,-87.62748022
624 N ASHLAND AVE,"624 N ASHLAND AVE Chicago, IL",41.89319665,-87.66728471
808 N WELLS ST,"808 N WELLS ST Chicago, IL",41.89670849,-87.63428491
873 N WELLS ST,"873 N WELLS ST Chicago, IL",41.89797223,-87.63417451
48 S DEARBORN ST,"48 S DEARBORN ST Chicago, IL",41.88168323,-87.62947121
827 N WELLS ST,"827 N WELLS ST Chicago, IL",41.89765844,-87.63416244
240 E ILLINOIS ST,"240 E ILLINOIS ST Chicago, IL",41.89104627,-87.62104404
409 E ILLINOIS ST,"409 E ILLINOIS ST Chicago, IL",41.89099769,-87.6173975
1028 N DEARBORN ST,"1028 N DEARBORN ST Chicago, IL",41.90096585,-87.62997637
130 S CANAL ST,"130 S CANAL ST Chicago, IL",41.87989487,-87.63970286
756 S HALSTED ST,"756 S HALSTED ST Chicago, IL",41.87176277,-87.64720896
1290 W TAYLOR ST,"1290 W TAYLOR ST Chicago, IL",41.86945345,-87.65819789
289 S DEARBORN ST,"289 S DEARBORN ST Chicago, IL",41.87834859,-87.62923009
233 S FRANKLIN ST,"233 S FRANKLIN ST Chicago, IL",41.87879328,-87.63514331
402 W ADAMS ST,"402 W ADAMS ST Chicago, IL",41.87938676,-87.63856695
852 N WELLS ST,"852 N WELLS ST Chicago, IL",41.89702843,-87.63429615
1105 N CLARK ST,"1105 N CLARK ST Chicago, IL",41.90201239,-87.63131665
1361 N CLARK ST,"1361 N CLARK ST Chicago, IL",41.90618879,-87.63144417
406 W ADAMS ST,"406 W ADAMS ST Chicago, IL",41.87938354,-87.63860713
112 W ROOSEVELT RD,"112 W ROOSEVELT RD Chicago, IL",41.86748244,-87.63172417
128 W ROOSEVELT RD,"128 W ROOSEVELT RD Chicago, IL",41.86748207,-87.63185704
780 S HALSTED ST,"780 S HALSTED ST Chicago, IL",41.87156035,-87.64720666
63 N DEARBORN ST,"63 N DEARBORN ST Chicago, IL",41.8829275,-87.62935631
754 S HALSTED ST,"754 S HALSTED ST Chicago, IL",41.87177963,-87.64720915
1244 N CLYBOURN AVE,"1244 N CLYBOURN AVE Chicago, IL",41.90454713,-87.64075596
1483 N HALSTED ST,"1483 N HALSTED ST Chicago, IL",41.90814211,-87.64812714
184 N DEARBORN ST,"184 N DEARBORN ST Chicago, IL",41.88542812,-87.62956359
802 N CLEVELAND AVE,"802 N CLEVELAND AVE Chicago, IL",41.89661897,-87.64101454
73 N DEARBORN ST,"73 N DEARBORN ST Chicago, IL",41.8829908,-87.62935857
33 N CANAL ST,"33 N CANAL ST Chicago, IL",41.882333,-87.63961992
172 W MADISON ST,"172 W MADISON ST Chicago, IL",41.88201744,-87.63243671
1 N CANAL ST,"1 N CANAL ST Chicago, IL",41.8819462,-87.63960982
1200 N WELLS ST,"1200 N WELLS ST Chicago, IL",41.90391263,-87.63455858
67 W ILLINOIS ST,"67 W ILLINOIS ST Chicago, IL",41.89077344,-87.6302802
432 E GRAND AVE,"432 E GRAND AVE Chicago, IL",41.89191122,-87.61705231
917 N WELLS ST,"917 N WELLS ST Chicago, IL",41.89944937,-87.63423409
67 W CHICAGO AVE,"67 W CHICAGO AVE Chicago, IL",41.89658185,-87.63078072
90 W CHICAGO AVE,"90 W CHICAGO AVE Chicago, IL",41.89670544,-87.63036106
515 S DEARBORN ST,"515 S DEARBORN ST Chicago, IL",41.87536725,-87.62915223
805 N LA SALLE ST,"805 N LA SALLE ST Chicago, IL",41.89789706,-87.63260068
1301 N LA SALLE ST,"1301 N LA SALLE ST Chicago, IL",41.90581485,-87.63282921
850 W WASHINGTON BLVD,"850 W WASHINGTON BLVD Chicago, IL",41.88317455,-87.6488217
585 S MORGAN ST,"585 S MORGAN ST Chicago, IL",41.87518285,-87.6517633
556 S MORGAN ST,"556 S MORGAN ST Chicago, IL",41.87521185,-87.65191719
1409 N WELLS ST,"1409 N WELLS ST Chicago, IL",41.90785696,-87.63453391
858 W LAKE ST,"858 W LAKE ST Chicago, IL",41.88569486,-87.64915271
1310 N WELLS ST,"1310 N WELLS ST Chicago, IL",41.90683494,-87.63465727
1136 W TAYLOR ST,"1136 W TAYLOR ST Chicago, IL",41.86948944,-87.65567349
1427 N DEARBORN PKWY,"1427 N DEARBORN PKWY Chicago, IL",41.90830646,-87.63004147
205 E RANDOLPH ST,"205 E RANDOLPH ST Chicago, IL",41.88422538,-87.62276909
332 E RANDOLPH ST,"332 E RANDOLPH ST Chicago, IL",41.88457344,-87.61994575
441 W WASHINGTON BLVD,"441 W WASHINGTON BLVD Chicago, IL",41.88319362,-87.63926213
1165 N DEARBORN ST,"1165 N DEARBORN ST Chicago, IL",41.90345462,-87.62989306
772 W TAYLOR ST,"772 W TAYLOR ST Chicago, IL",41.86975995,-87.64569777
942 W TAYLOR ST,"942 W TAYLOR ST Chicago, IL",41.86966205,-87.64995583
49 S CLINTON ST,"49 S CLINTON ST Chicago, IL",41.88095386,-87.64108653
115 E CHICAGO AVE,"115 E CHICAGO AVE Chicago, IL",41.8966688,-87.62476053
540 S MORGAN ST,"540 S MORGAN ST Chicago, IL",41.87522842,-87.65191719
546 S MORGAN ST,"546 S MORGAN ST Chicago, IL",41.87522221,-87.65191719
1005 W HARRISON ST,"1005 W HARRISON ST Chicago, IL",41.87425285,-87.65198373
618 S DESPLAINES ST,"618 S DESPLAINES ST Chicago, IL",41.87416561,-87.64396035
1016 W HUBBARD ST,"1016 W HUBBARD ST Chicago, IL",41.89008767,-87.65327329
854 W TAYLOR ST,"854 W TAYLOR ST Chicago, IL",41.86969865,-87.64821146
892 W TAYLOR ST,"892 W TAYLOR ST Chicago, IL",41.86968288,-87.64896422
1106 N DEARBORN ST,"1106 N DEARBORN ST Chicago, IL",41.90209136,-87.63001023
105 W CHICAGO AVE,"105 W CHICAGO AVE Chicago, IL",41.89656381,-87.63198308
906 N DEARBORN ST,"906 N DEARBORN ST Chicago, IL",41.89941803,-87.62992205
1216 W HUBBARD ST,"1216 W HUBBARD ST Chicago, IL",41.89003644,-87.6582338
114 N STATE ST,"114 N STATE ST Chicago, IL",41.88385332,-87.6279658
1520 N DEARBORN ST,"1520 N DEARBORN ST Chicago, IL",41.90984411,-87.6302419
162 W CHICAGO AVE,"162 W CHICAGO AVE Chicago, IL",41.89665992,-87.63393934
166 W CHICAGO AVE,"166 W CHICAGO AVE Chicago, IL",41.89665748,-87.63401605
535 W CHICAGO AVE,"535 W CHICAGO AVE Chicago, IL",41.89642885,-87.64204841
19 S LA SALLE ST,"19 S LA SALLE ST Chicago, IL",41.88153505,-87.63227683
931 N WELLS ST,"931 N WELLS ST Chicago, IL",41.89983971,-87.63424691
170 E RANDOLPH ST,"170 E RANDOLPH ST Chicago, IL",41.88452844,-87.62384575
1244 N DEARBORN PKWY,"1244 N DEARBORN PKWY Chicago, IL",41.90476936,-87.63008744
372 E RANDOLPH ST,"372 E RANDOLPH ST Chicago, IL",41.88457581,-87.61889179
646 S WABASH AVE,"646 S WABASH AVE Chicago, IL",41.87362002,-87.62605196
633 S WABASH AVE,"633 S WABASH AVE Chicago, IL",41.87376908,-87.62590177
543 W CHICAGO AVE,"543 W CHICAGO AVE Chicago, IL",41.89642885,-87.6421491
69 S FRANKLIN ST,"69 S FRANKLIN ST Chicago, IL",41.88150047,-87.63522331
63 S FRANKLIN ST,"63 S FRANKLIN ST Chicago, IL",41.88153368,-87.63522407
46 W WELLS ST,"46 W WELLS ST Chicago, IL",41.8816354,-87.6339269
283 S FRANKLIN ST,"283 S FRANKLIN ST Chicago, IL",41.87828968,-87.63513212
227 S FRANKLIN ST,"227 S FRANKLIN ST Chicago, IL",41.87889062,-87.63514659
563 S MORGAN ST,"563 S MORGAN ST Chicago, IL",41.87520564,-87.6517633
557 W CHICAGO AVE,"557 W CHICAGO AVE Chicago, IL",41.89642828,-87.64231761
1420 W LAKE ST,"1420 W LAKE ST Chicago, IL",41.88545579,-87.66315768
1434 W LAKE ST,"1434 W LAKE ST Chicago, IL",41.88545544,-87.66334396
1229 W WASHINGTON BLVD,"1229 W WASHINGTON BLVD Chicago, IL",41.88291085,-87.65775431
766 S HALSTED ST,"766 S HALSTED ST Chicago, IL",41.87167843,-87.647208
857 W TAYLOR ST,"857 W TAYLOR ST Chicago, IL",41.86944412,-87.64881411
587 W TAYLOR ST,"587 W TAYLOR ST Chicago, IL",41.86968085,-87.64055681
495 W JACKSON BLVD,"495 W JACKSON BLVD Chicago, IL",41.87798785,-87.63943102
571 W CHICAGO AVE,"571 W CHICAGO AVE Chicago, IL",41.89641985,-87.64250088
1344 N DEARBORN PKWY,"1344 N DEARBORN PKWY Chicago, IL",41.90685822,-87.63015201
140 S CLINTON ST,"140 S CLINTON ST Chicago, IL",41.88029012,-87.6412207
978 W HARRISON ST,"978 W HARRISON ST Chicago, IL",41.87438142,-87.65139609
537 S MORGAN ST,"537 S MORGAN ST Chicago, IL",41.87523257,-87.6517633
975 W TAYLOR ST,"975 W TAYLOR ST Chicago, IL",41.86943785,-87.65144298
903 W TAYLOR ST,"903 W TAYLOR ST Chicago, IL",41.86944347,-87.65120379
252 S CLINTON ST,"252 S CLINTON ST Chicago, IL",41.87838688,-87.64116157
320 E RANDOLPH ST,"320 E RANDOLPH ST Chicago, IL",41.88457344,-87.62014583
230 W CHICAGO AVE,"230 W CHICAGO AVE Chicago, IL",41.89664013,-87.6354682
41 N CANAL ST,"41 N CANAL ST Chicago, IL",41.88242951,-87.63962324
69 W CHICAGO AVE,"69 W CHICAGO AVE Chicago, IL",41.89658185,-87.63080485
274 S DEARBORN ST,"274 S DEARBORN ST Chicago, IL",41.87850874,-87.62939302
53 S CANAL ST,"53 S CANAL ST Chicago, IL",41.88105265,-87.639585
27 N CANAL ST,"27 N CANAL ST Chicago, IL",41.88226062,-87.63961742
652 S DESPLAINES ST,"652 S DESPLAINES ST Chicago, IL",41.87391807,-87.64395334
713 W ROOSEVELT RD,"713 W ROOSEVELT RD Chicago, IL",41.86710685,-87.64537959
1454 N CLARK ST,"1454 N CLARK ST Chicago, IL",41.90880584,-87.63167055
327 N ORLEANS ST,"327 N ORLEANS ST Chicago, IL",41.88787407,-87.63616035
804 W LAKE ST,"804 W LAKE ST Chicago, IL",41.88571259,-87.64793072
500 W CHICAGO AVE,"500 W CHICAGO AVE Chicago, IL",41.89655007,-87.64163
1296 W TAYLOR ST,"1296 W TAYLOR ST Chicago, IL",41.86945345,-87.6582117
618 W DIVISION ST,"618 W DIVISION ST Chicago, IL",41.90376549,-87.64368369
620 W DIVISION ST,"620 W DIVISION ST Chicago, IL",41.90376447,-87.64372657
1540 W LAKE ST,"1540 W LAKE ST Chicago, IL",41.88540647,-87.66607557
1405 N DEARBORN PKWY,"1405 N DEARBORN PKWY Chicago, IL",41.90797232,-87.63003155
161 W HARRISON ST,"161 W HARRISON ST Chicago, IL",41.87443285,-87.63284606
733 N WELLS ST,"733 N WELLS ST Chicago, IL",41.89568035,-87.6341001
806 W TAYLOR ST,"806 W TAYLOR ST Chicago, IL",41.86971444,-87.64726085
1200 W HUBBARD ST,"1200 W HUBBARD ST Chicago, IL",41.8900111,-87.65766014
412 W ADAMS ST,"412 W ADAMS ST Chicago, IL",41.87938044,-87.63865926
1425 W ERIE ST,"1425 W ERIE ST Chicago, IL",41.89334454,-87.66333742
851 N NOBLE ST,"851 N NOBLE ST Chicago, IL",41.89706443,-87.66234924
1437 N DEARBORN PKWY,"1437 N DEARBORN PKWY Chicago, IL",41.90845823,-87.63004643
79 S CLINTON ST,"79 S CLINTON ST Chicago, IL",41.8807556,-87.64108181
169 S FRANKLIN ST,"169 S FRANKLIN ST Chicago, IL",41.87978033,-87.63517292
173 W QUINCY ST,"173 W QUINCY ST Chicago, IL",41.8786759,-87.63331929
810 W CHICAGO AVE,"810 W CHICAGO AVE Chicago, IL",41.89645811,-87.64841129
56 E CHICAGO AVE,"56 E CHICAGO AVE Chicago, IL",41.89675944,-87.62638086
948 W LAKE ST,"948 W LAKE ST Chicago, IL",41.88565201,-87.65132209
889 N WELLS ST,"889 N WELLS ST Chicago, IL",41.89808208,-87.63417937
1561 N MILWAUKEE AVE,"1561 N MILWAUKEE AVE Chicago, IL",41.9098347,-87.67643662
301 N HALSTED ST,"301 N HALSTED ST Chicago, IL",41.88685323,-87.64743372
494 N MILWAUKEE AVE,"494 N MILWAUKEE AVE Chicago, IL",41.89105649,-87.64754386
1016 S CANAL ST,"1016 S CANAL ST Chicago, IL",41.8695043,-87.63934422
566 S DEARBORN ST,"566 S DEARBORN ST Chicago, IL",41.87491255,-87.62929386
289 S CLINTON ST,"289 S CLINTON ST Chicago, IL",41.87819333,-87.6410007
229 S FRANKLIN ST,"229 S FRANKLIN ST Chicago, IL",41.87885819,-87.63514549
1530 N CLYBOURN AVE,"1530 N CLYBOURN AVE Chicago, IL",41.90920731,-87.64725687
520 W ADAMS ST,"520 W ADAMS ST Chicago, IL",41.87934038,-87.64188154
433 E ILLINOIS ST,"433 E ILLINOIS ST Chicago, IL",41.89100803,-87.61682465
47 W WASHINGTON ST,"47 W WASHINGTON ST Chicago, IL",41.88315385,-87.62935779
43 W WASHINGTON ST,"43 W WASHINGTON ST Chicago, IL",41.88315385,-87.629235
27 W WASHINGTON ST,"27 W WASHINGTON ST Chicago, IL",41.88315747,-87.62874285
1049 W TAYLOR ST,"1049 W TAYLOR ST Chicago, IL",41.86942027,-87.65299286
353 W CHICAGO AVE,"353 W CHICAGO AVE Chicago, IL",41.89649129,-87.63750574
168 W CHICAGO AVE,"168 W CHICAGO AVE Chicago, IL",41.89665626,-87.63405441
78 S CLINTON ST,"78 S CLINTON ST Chicago, IL",41.88136586,-87.64125344
1181 W HUBBARD ST,"1181 W HUBBARD ST Chicago, IL",41.88993358,-87.65695666
39 S CLINTON ST,"39 S CLINTON ST Chicago, IL",41.88101994,-87.64108811
363 E RANDOLPH ST,"363 E RANDOLPH ST Chicago, IL",41.88428012,-87.61892937
307 N ORLEANS ST,"307 N ORLEANS ST Chicago, IL",41.88783513,-87.63612434
313 N ORLEANS ST,"313 N ORLEANS ST Chicago, IL",41.88785063,-87.63613798
321 N ORLEANS ST,"321 N ORLEANS ST Chicago, IL",41.88786403,-87.63615076
53 S DEARBORN ST,"53 S DEARBORN ST Chicago, IL",41.88156577,-87.62931282
1411 W WASHINGTON BLVD,"1411 W WASHINGTON BLVD Chicago, IL",41.88283885,-87.66251767
1214 W TAYLOR ST,"1214 W TAYLOR ST Chicago, IL",41.86946141,-87.65740991
725 S LOOMIS ST,"725 S LOOMIS ST Chicago, IL",41.87258544,-87.6616633
447 S LOOMIS ST,"447 S LOOMIS ST Chicago, IL",41.8600989,-87.6613417
502 W ADAMS ST,"502 W ADAMS ST Chicago, IL",41.87934284,-87.64173791
41 S DEARBORN ST,"41 S DEARBORN ST Chicago, IL",41.88165226,-87.62931643
1126 W TAYLOR ST,"1126 W TAYLOR ST Chicago, IL",41.86949607,-87.65533575
20 W ADAMS ST,"20 W ADAMS ST Chicago, IL",41.87948804,-87.62967814
174 W CHICAGO AVE,"174 W CHICAGO AVE Chicago, IL",41.89666044,-87.63370572
403 W ADAMS ST,"403 W ADAMS ST Chicago, IL",41.87927282,-87.63855051
1419 W HUBBARD ST,"1419 W HUBBARD ST Chicago, IL",41.88988585,-87.66336236
1447 W HUBBARD ST,"1447 W HUBBARD ST Chicago, IL",41.88987685,-87.66407808
272 E RANDOLPH ST,"272 E RANDOLPH ST Chicago, IL",41.88457344,-87.62117106
825 W ERIE ST,"825 W ERIE ST Chicago, IL",41.89330585,-87.64822325
624 N HALSTED ST,"624 N HALSTED ST Chicago, IL",41.89422392,-87.64777939
622 N HALSTED ST,"622 N HALSTED ST Chicago, IL",41.89420037,-87.64777874
618 N HALSTED ST,"618 N HALSTED ST Chicago, IL",41.89415325,-87.64777743
613 N HALSTED ST,"613 N HALSTED ST Chicago, IL",41.89230741,-87.64752515
609 N HALSTED ST,"609 N HALSTED ST Chicago, IL",41.8923073,-87.64752514
509 N UNION AVE,"509 N UNION AVE Chicago, IL",41.89164573,-87.64576391
658 W GRAND AVE,"658 W GRAND AVE Chicago, IL",41.89127844,-87.6451995
526 N KINGSBURY ST,"526 N KINGSBURY ST Chicago, IL",41.89124053,-87.63977373
344 E RANDOLPH ST,"344 E RANDOLPH ST Chicago, IL",41.88457344,-87.61959171
274 E RANDOLPH ST,"274 E RANDOLPH ST Chicago, IL",41.88457344,-87.62114215
154 E RANDOLPH ST,"154 E RANDOLPH ST Chicago, IL",41.88452844,-87.62384575
809 N WELLS ST,"809 N WELLS ST Chicago, IL",41.89753526,-87.63415808
16 S DEARBORN ST,"16 S DEARBORN ST Chicago, IL",41.88185955,-87.62947536
429 W ADAMS ST,"429 W ADAMS ST Chicago, IL",41.87926585,-87.63882087
1454 N DEARBORN PKWY,"1454 N DEARBORN PKWY Chicago, IL",41.90872864,-87.6302093
527 W JACKSON BLVD,"527 W JACKSON BLVD Chicago, IL",41.87796985,-87.6411487
103 E CHICAGO AVE,"103 E CHICAGO AVE Chicago, IL",41.89665385,-87.62534459
208 W CHICAGO AVE,"208 W CHICAGO AVE Chicago, IL",41.89664244,-87.63498409
309 E RANDOLPH ST,"309 E RANDOLPH ST Chicago, IL",41.88425185,-87.62042995
379 E RANDOLPH ST,"379 E RANDOLPH ST Chicago, IL",41.88428115,-87.61876569
383 E RANDOLPH ST,"383 E RANDOLPH ST Chicago, IL",41.88428141,-87.61872476
389 E RANDOLPH ST,"389 E RANDOLPH ST Chicago, IL",41.8842818,-87.61866338
176 E RANDOLPH ST,"176 E RANDOLPH ST Chicago, IL",41.88452844,-87.62384575
1011 N DEARBORN ST,"1011 N DEARBORN ST Chicago, IL",41.90075143,-87.62981843
1450 N CLARK ST,"1450 N CLARK ST Chicago, IL",41.90875373,-87.63166959
1031 N ORLEANS ST,"1031 N ORLEANS ST Chicago, IL",41.90137882,-87.63728056
1240 N CLYBOURN AVE,"1240 N CLYBOURN AVE Chicago, IL",41.90447684,-87.64065629
557 W WASHINGTON BLVD,"557 W WASHINGTON BLVD Chicago, IL",41.88311785,-87.6416419
543 W JACKSON BLVD,"543 W JACKSON BLVD Chicago, IL",41.87796282,-87.64172792
11 E CHICAGO AVE,"11 E CHICAGO AVE Chicago, IL",41.89664273,-87.62666062
489 S HALSTED ST,"489 S HALSTED ST Chicago, IL",41.87620462,-87.6471103
459 S HALSTED ST,"459 S HALSTED ST Chicago, IL",41.87634385,-87.64711543
524 S MORGAN ST,"524 S MORGAN ST Chicago, IL",41.875245,-87.65191719
1004 S DESPLAINES ST,"1004 S DESPLAINES ST Chicago, IL",41.86958637,-87.64381357
1512 N HALSTED ST,"1512 N HALSTED ST Chicago, IL",41.90877502,-87.64829582
684 W CHICAGO AVE,"684 W CHICAGO AVE Chicago, IL",41.89651952,-87.64367087
928 N DEARBORN ST,"928 N DEARBORN ST Chicago, IL",41.89925613,-87.62991673
944 N DEARBORN ST,"944 N DEARBORN ST Chicago, IL",41.89936759,-87.6299204
1579 W HARRISON ST,"1579 W HARRISON ST Chicago, IL",41.87409148,-87.666087
1297 W HARRISON ST,"1297 W HARRISON ST Chicago, IL",41.87413249,-87.65928369
657 W FULTON ST,"657 W FULTON ST Chicago, IL",41.88674485,-87.64470601
331 W WASHINGTON ST,"331 W WASHINGTON ST Chicago, IL",41.88314485,-87.63581804
63 S DEARBORN ST,"63 S DEARBORN ST Chicago, IL",41.88149369,-87.62930982
1214 W ROOSEVELT RD,"1214 W ROOSEVELT RD Chicago, IL",41.86704591,-87.65729342
167 W CHICAGO AVE,"167 W CHICAGO AVE Chicago, IL",41.89654585,-87.63384649
172 N DEARBORN ST,"172 N DEARBORN ST Chicago, IL",41.88520336,-87.62955557
385 E RANDOLPH ST,"385 E RANDOLPH ST Chicago, IL",41.88428154,-87.6187043
13 E CHICAGO AVE,"13 E CHICAGO AVE Chicago, IL",41.89664353,-87.62663852
1432 N DEARBORN PKWY,"1432 N DEARBORN PKWY Chicago, IL",41.90839473,-87.63019838
203 N DEARBORN ST,"203 N DEARBORN ST Chicago, IL",41.88560016,-87.62941576
120 E GRAND AVE,"120 E GRAND AVE Chicago, IL",41.89179144,-87.62375631
276 N LA SALLE ST,"276 N LA SALLE ST Chicago, IL",41.88668335,-87.63255575
266 N LA SALLE ST,"266 N LA SALLE ST Chicago, IL",41.88662342,-87.63255344
1358 N DEARBORN PKWY,"1358 N DEARBORN PKWY Chicago, IL",41.90710096,-87.63015959
74 S CLINTON ST,"74 S CLINTON ST Chicago, IL",41.88138883,-87.64125423
1333 N WELLS ST,"1333 N WELLS ST Chicago, IL",41.90663587,-87.63449541
126 E RANDOLPH ST,"126 E RANDOLPH ST Chicago, IL",41.88452844,-87.62384575
307 E RANDOLPH ST,"307 E RANDOLPH ST Chicago, IL",41.88425185,-87.62044116
740 S HALSTED ST,"740 S HALSTED ST Chicago, IL",41.87205444,-87.64721687
437 S LOOMIS ST,"437 S LOOMIS ST Chicago, IL",41.8758493,-87.66183478
73 S FRANKLIN ST,"73 S FRANKLIN ST Chicago, IL",41.88147833,-87.63522281
19 N CANAL ST,"19 N CANAL ST Chicago, IL",41.88216411,-87.63961409
4 E CHICAGO AVE,"4 E CHICAGO AVE Chicago, IL",41.89673778,-87.62803874
601 S LOOMIS ST,"601 S LOOMIS ST Chicago, IL",41.87409205,-87.66170672
561 S LOOMIS ST,"561 S LOOMIS ST Chicago, IL",41.87392457,-87.6617435
543 S LOOMIS ST,"543 S LOOMIS ST Chicago, IL",41.8600958,-87.6614226
519 S LOOMIS ST,"519 S LOOMIS ST Chicago, IL",41.8600958,-87.6614226
508 W CHICAGO AVE,"508 W CHICAGO AVE Chicago, IL",41.89654344,-87.6417212
116 W WACKER DR,"116 W WACKER DR Chicago, IL",41.8869479,-87.6313601
531 W JACKSON BLVD,"531 W JACKSON BLVD Chicago, IL",41.87796985,-87.64129417
217 S FRANKLIN ST,"217 S FRANKLIN ST Chicago, IL",41.8790528,-87.63515212
277 S FRANKLIN ST,"277 S FRANKLIN ST Chicago, IL",41.87833609,-87.63513272
309 N ORLEANS ST,"309 N ORLEANS ST Chicago, IL",41.88784393,-87.63613158
363 N STATE ST,"363 N STATE ST Chicago, IL",41.88870487,-87.62796729
1356 W HUBBARD ST,"1356 W HUBBARD ST Chicago, IL",41.8900018,-87.66110709
1287 N MILWAUKEE AVE,"1287 N MILWAUKEE AVE Chicago, IL",41.90515121,-87.66916448
1293 N MILWAUKEE AVE,"1293 N MILWAUKEE AVE Chicago, IL",41.90527346,-87.66934895
1361 N MILWAUKEE AVE,"1361 N MILWAUKEE AVE Chicago, IL",41.90662954,-87.67148247
1451 N MILWAUKEE AVE,"1451 N MILWAUKEE AVE Chicago, IL",41.90817866,-87.67391815
1548 N MILWAUKEE AVE,"1548 N MILWAUKEE AVE Chicago, IL",41.90960159,-87.67632756
646 N WELLS ST,"646 N WELLS ST Chicago, IL",41.89379739,-87.6342043
1354 N DEARBORN PKWY,"1354 N DEARBORN PKWY Chicago, IL",41.90703161,-87.63015742
1043 W CHICAGO AVE,"1043 W CHICAGO AVE Chicago, IL",41.89624526,-87.65306078
961 W CHICAGO AVE,"961 W CHICAGO AVE Chicago, IL",41.89627624,-87.65109067
335 N ORLEANS ST,"335 N ORLEANS ST Chicago, IL",41.88788747,-87.63617314
786 S HALSTED ST,"786 S HALSTED ST Chicago, IL",41.87150975,-87.64720609
209 W CHICAGO AVE,"209 W CHICAGO AVE Chicago, IL",41.89652785,-87.63489061
374 W JACKSON BLVD,"374 W JACKSON BLVD Chicago, IL",41.87813344,-87.63716724
1609 N WELLS ST,"1609 N WELLS ST Chicago, IL",41.91139387,-87.63463825
418 W ADAMS ST,"418 W ADAMS ST Chicago, IL",41.87938044,-87.63871987
175 S CANAL ST,"175 S CANAL ST Chicago, IL",41.87963456,-87.63954287
571 S LOOMIS ST,"571 S LOOMIS ST Chicago, IL",41.87397542,-87.661751
551 S LOOMIS ST,"551 S LOOMIS ST Chicago, IL",41.8600989,-87.6613417
541 S LOOMIS ST,"541 S LOOMIS ST Chicago, IL",41.8742291,-87.66179052
533 S LOOMIS ST,"533 S LOOMIS ST Chicago, IL",41.8600989,-87.6613417
523 S LOOMIS ST,"523 S LOOMIS ST Chicago, IL",41.87421634,-87.66180528
221 S FRANKLIN ST,"221 S FRANKLIN ST Chicago, IL",41.87898793,-87.63514991
695 W CHICAGO AVE,"695 W CHICAGO AVE Chicago, IL",41.89640369,-87.64372403
1045 W HUBBARD ST,"1045 W HUBBARD ST Chicago, IL",41.88996685,-87.65369683
1279 N MILWAUKEE AVE,"1279 N MILWAUKEE AVE Chicago, IL",41.90499015,-87.66891104
1602 W DIVISION ST,"1602 W DIVISION ST Chicago, IL",41.90339244,-87.66822164
315 N ORLEANS ST,"315 N ORLEANS ST Chicago, IL",41.88785398,-87.63614117
1090 N WELLS ST,"1090 N WELLS ST Chicago, IL",41.90198976,-87.63448544
1228 N DEARBORN PKWY,"1228 N DEARBORN PKWY Chicago, IL",41.90448096,-87.63007937
881 N WELLS ST,"881 N WELLS ST Chicago, IL",41.8980268,-87.63417661
815 N WABASH AVE,"815 N WABASH AVE Chicago, IL",41.89685496,-87.62677478
886 W TAYLOR ST,"886 W TAYLOR ST Chicago, IL",41.86968564,-87.64884554
56 N DEARBORN ST,"56 N DEARBORN ST Chicago, IL",41.88232153,-87.62948805
1158 N MILWAUKEE AVE,"1158 N MILWAUKEE AVE Chicago, IL",41.90271413,-87.66559853
868 W TAYLOR ST,"868 W TAYLOR ST Chicago, IL",41.86969392,-87.6484895
600 W KINZIE ST,"600 W KINZIE ST Chicago, IL",41.88910699,-87.64295637
302 S CANAL ST,"302 S CANAL ST Chicago, IL",41.87797091,-87.63963543
1413 W HARRISON ST,"1413 W HARRISON ST Chicago, IL",41.8740815,-87.66228888
1095 N WELLS ST,"1095 N WELLS ST Chicago, IL",41.90200842,-87.63433199
376 E RANDOLPH ST,"376 E RANDOLPH ST Chicago, IL",41.88457642,-87.61879171
563 W MONROE ST,"563 W MONROE ST Chicago, IL",41.88049885,-87.64213133
848 W TAYLOR ST,"848 W TAYLOR ST Chicago, IL",41.86970021,-87.64809274
139 E RANDOLPH ST,"139 E RANDOLPH ST Chicago, IL",41.88433765,-87.62421284
319 E RANDOLPH ST,"319 E RANDOLPH ST Chicago, IL",41.88425185,-87.62037389
182 S FRANKLIN ST,"182 S FRANKLIN ST Chicago, IL",41.87961238,-87.63532095
1311 W TAYLOR ST,"1311 W TAYLOR ST Chicago, IL",41.86931633,-87.659653
850 W TAYLOR ST,"850 W TAYLOR ST Chicago, IL",41.86969969,-87.64813231
36 E ROOSEVELT RD,"36 E ROOSEVELT RD Chicago, IL",41.86755444,-87.62627094
1359 W WASHINGTON BLVD,"1359 W WASHINGTON BLVD Chicago, IL",41.88285758,-87.66141408
1162 S CANAL ST,"1162 S CANAL ST Chicago, IL",41.86774219,-87.63928542
548 S LOOMIS ST,"548 S LOOMIS ST Chicago, IL",41.8600989,-87.6613417
1530 W HARRISON ST,"1530 W HARRISON ST Chicago, IL",41.87419886,-87.66397443
1424 W LAKE ST,"1424 W LAKE ST Chicago, IL",41.88545544,-87.66320851
374 E RANDOLPH ST,"374 E RANDOLPH ST Chicago, IL",41.88457611,-87.61884175
1428 W LAKE ST,"1428 W LAKE ST Chicago, IL",41.88545544,-87.66326269
553 W CHICAGO AVE,"553 W CHICAGO AVE Chicago, IL",41.89642885,-87.64227495
191 S FRANKLIN ST,"191 S FRANKLIN ST Chicago, IL",41.87952119,-87.63516373
187 S FRANKLIN ST,"187 S FRANKLIN ST Chicago, IL",41.87956831,-87.63516542
562 S MORGAN ST,"562 S MORGAN ST Chicago, IL",41.87520564,-87.65191719
637 W ROOSEVELT RD,"637 W ROOSEVELT RD Chicago, IL",41.86714285,-87.64376806
1364 N CLYBOURN AVE,"1364 N CLYBOURN AVE Chicago, IL",41.9061248,-87.64295882
33 N FRANKLIN ST,"33 N FRANKLIN ST Chicago, IL",41.88216216,-87.63524049
63 N CANAL ST,"63 N CANAL ST Chicago, IL",41.88269492,-87.6396324
1042 W LAKE ST,"1042 W LAKE ST Chicago, IL",41.88561716,-87.65356412
419 W TAYLOR ST,"419 W TAYLOR ST Chicago, IL",41.8696991,-87.6457523
84 S FRANKLIN ST,"84 S FRANKLIN ST Chicago, IL",41.88079262,-87.6353622
650 W FULTON ST,"650 W FULTON ST Chicago, IL",41.88685944,-87.64463193
1036 S CANAL ST,"1036 S CANAL ST Chicago, IL",41.86926298,-87.6393356
84 W CHICAGO AVE,"84 W CHICAGO AVE Chicago, IL",41.89670544,-87.63030015
1020 S CANAL ST,"1020 S CANAL ST Chicago, IL",41.86945603,-87.6393425
297 S DEARBORN ST,"297 S DEARBORN ST Chicago, IL",41.87825351,-87.62922571
323 N ORLEANS ST,"323 N ORLEANS ST Chicago, IL",41.88786738,-87.63615396
168 N MICHIGAN AVE,"168 N MICHIGAN AVE Chicago, IL",41.88507845,-87.62455978
40 E MADISON ST,"40 E MADISON ST Chicago, IL",41.88213444,-87.62636178
961 N DEARBORN ST,"961 N DEARBORN ST Chicago, IL",41.89945428,-87.62976922
1224 N DEARBORN PKWY,"1224 N DEARBORN PKWY Chicago, IL",41.90440886,-87.63007735
1214 W HUBBARD ST,"1214 W HUBBARD ST Chicago, IL",41.89003644,-87.65819543
1018 N CLARK ST,"1018 N CLARK ST Chicago, IL",41.90082557,-87.63143355
516 W POLK ST,"516 W POLK ST Chicago, IL",41.87206344,-87.64116963
435 W WASHINGTON BLVD,"435 W WASHINGTON BLVD Chicago, IL",41.88317618,-87.63985458
72 S DEARBORN ST,"72 S DEARBORN ST Chicago, IL",41.8815481,-87.62946607
1365 N WELLS ST,"1365 N WELLS ST Chicago, IL",41.90715262,-87.63451382
1129 W HUBBARD ST,"1129 W HUBBARD ST Chicago, IL",41.88994885,-87.65584121
1119 W HUBBARD ST,"1119 W HUBBARD ST Chicago, IL",41.88994885,-87.6553819
1053 W HUBBARD ST,"1053 W HUBBARD ST Chicago, IL",41.88996685,-87.65380347
180 N LA SALLE ST,"180 N LA SALLE ST Chicago, IL",41.88517644,-87.63250421
823 W TAYLOR ST,"823 W TAYLOR ST Chicago, IL",41.86942836,-87.65017041
31 N CANAL ST,"31 N CANAL ST Chicago, IL",41.88230887,-87.63961908
43 N CANAL ST,"43 N CANAL ST Chicago, IL",41.88245364,-87.63962408
723 S DEARBORN ST,"723 S DEARBORN ST Chicago, IL",41.87309949,-87.62908328
1001 N CLARK ST,"1001 N CLARK ST Chicago, IL",41.90061217,-87.63127576
225 W WASHINGTON ST,"225 W WASHINGTON ST Chicago, IL",41.88315279,-87.63426015
410 N MILWAUKEE AVE,"410 N MILWAUKEE AVE Chicago, IL",41.89002527,-87.64590936
1286 N CLARK ST,"1286 N CLARK ST Chicago, IL",41.90550805,-87.63157643
1106 N CLARK ST,"1106 N CLARK ST Chicago, IL",41.90201915,-87.63147089
67 N CANAL ST,"67 N CANAL ST Chicago, IL",41.88274318,-87.63963406
350 N ORLEANS ST,"350 N ORLEANS ST Chicago, IL",41.88784788,-87.63632418
14 E GRAND AVE,"14 E GRAND AVE Chicago, IL",41.89174644,-87.62661206
644 S HALSTED ST,"644 S HALSTED ST Chicago, IL",41.87358516,-87.64727242
193 W HARRISON ST,"193 W HARRISON ST Chicago, IL",41.87443285,-87.63295911
525 W KINZIE ST,"525 W KINZIE ST Chicago, IL",41.88899485,-87.64179383
506 W KINZIE ST,"506 W KINZIE ST Chicago, IL",41.88910944,-87.64154926
888 W TAYLOR ST,"888 W TAYLOR ST Chicago, IL",41.86968472,-87.6488851
1332 N WELLS ST,"1332 N WELLS ST Chicago, IL",41.90702804,-87.634664
891 N WELLS ST,"891 N WELLS ST Chicago, IL",41.89809572,-87.63418013
930 N DEARBORN ST,"930 N DEARBORN ST Chicago, IL",41.89926882,-87.6299171
330 N CLINTON ST,"330 N CLINTON ST Chicago, IL",41.88720702,-87.64142245
121 N FRANKLIN ST,"121 N FRANKLIN ST Chicago, IL",41.88525403,-87.6353111
949 N DEARBORN ST,"949 N DEARBORN ST Chicago, IL",41.89936051,-87.62976616
325 S FRANKLIN ST,"325 S FRANKLIN ST Chicago, IL",41.87776667,-87.63512087
139 N FRANKLIN ST,"139 N FRANKLIN ST Chicago, IL",41.88535037,-87.63530567
525 W MONROE ST,"525 W MONROE ST Chicago, IL",41.88051596,-87.64087948
1145 N WELLS ST,"1145 N WELLS ST Chicago, IL",41.90326315,-87.634378
833 S LOOMIS ST,"833 S LOOMIS ST Chicago, IL",41.87125615,-87.66162292
321 S FRANKLIN ST,"321 S FRANKLIN ST Chicago, IL",41.87781416,-87.63512171
527 W CHICAGO AVE,"527 W CHICAGO AVE Chicago, IL",41.89642885,-87.64194773
1103 N CLARK ST,"1103 N CLARK ST Chicago, IL",41.90195614,-87.63131471
1308 N WELLS ST,"1308 N WELLS ST Chicago, IL",41.90681744,-87.63465647
21 N CANAL ST,"21 N CANAL ST Chicago, IL",41.88218823,-87.63961492
339 W JACKSON BLVD,"339 W JACKSON BLVD Chicago, IL",41.87803011,-87.63646568
1524 N DEARBORN ST,"1524 N DEARBORN ST Chicago, IL",41.9099107,-87.63024391
3 N CANAL ST,"3 N CANAL ST Chicago, IL",41.88197033,-87.63961025
303 W ILLINOIS ST,"303 W ILLINOIS ST Chicago, IL",41.89070485,-87.63565824
433 S FEDERAL ST,"433 S FEDERAL ST Chicago, IL",41.87648627,-87.62964206
1215 W HUBBARD ST,"1215 W HUBBARD ST Chicago, IL",41.88993085,-87.65761034
107 W KINZIE ST,"107 W KINZIE ST Chicago, IL",41.88914554,-87.63149567
1325 N WELLS ST,"1325 N WELLS ST Chicago, IL",41.90642437,-87.6344892
187 S CANAL ST,"187 S CANAL ST Chicago, IL",41.87950458,-87.63953816
715 S CLINTON ST,"715 S CLINTON ST Chicago, IL",41.8732919,-87.64084219
69 S DEARBORN ST,"69 S DEARBORN ST Chicago, IL",41.88145044,-87.62930802
1040 N ORLEANS ST,"1040 N ORLEANS ST Chicago, IL",41.90143714,-87.63743629
1479 N HALSTED ST,"1479 N HALSTED ST Chicago, IL",41.90804845,-87.64812516
848 N WELLS ST,"848 N WELLS ST Chicago, IL",41.89699931,-87.63429509
1017 W HUBBARD ST,"1017 W HUBBARD ST Chicago, IL",41.88997585,-87.65298298
43 S DEARBORN ST,"43 S DEARBORN ST Chicago, IL",41.88163785,-87.62931583
157 S CANAL ST,"157 S CANAL ST Chicago, IL",41.87983128,-87.63954745
259 S FRANKLIN ST,"259 S FRANKLIN ST Chicago, IL",41.8784753,-87.6351345
163 S FRANKLIN ST,"163 S FRANKLIN ST Chicago, IL",41.87985101,-87.63517542
261 S FRANKLIN ST,"261 S FRANKLIN ST Chicago, IL",41.87845983,-87.6351343
523 W JACKSON BLVD,"523 W JACKSON BLVD Chicago, IL",41.87796985,-87.64088159
360 W JACKSON BLVD,"360 W JACKSON BLVD Chicago, IL",41.87813506,-87.6370858
253 S FRANKLIN ST,"253 S FRANKLIN ST Chicago, IL",41.8785217,-87.63513509
153 N FRANKLIN ST,"153 N FRANKLIN ST Chicago, IL",41.8854253,-87.63530145
116 W GRAND AVE,"116 W GRAND AVE Chicago, IL",41.89167333,-87.63155272
1544 W LAKE ST,"1544 W LAKE ST Chicago, IL",41.8854058,-87.66613141
600 W JACKSON BLVD,"600 W JACKSON BLVD Chicago, IL",41.87805744,-87.6426112
107 N MICHIGAN AVE,"107 N MICHIGAN AVE Chicago, IL",41.88457228,-87.62437964
129 E RANDOLPH ST,"129 E RANDOLPH ST Chicago, IL",41.88435318,-87.62426485
59 S FRANKLIN ST,"59 S FRANKLIN ST Chicago, IL",41.88155582,-87.63522457
526 S LOOMIS ST,"526 S LOOMIS ST Chicago, IL",41.87469119,-87.66185429
550 S LOOMIS ST,"550 S LOOMIS ST Chicago, IL",41.8745753,-87.6618012
83 S FRANKLIN ST,"83 S FRANKLIN ST Chicago, IL",41.88142298,-87.63522155
107 N FRANKLIN ST,"107 N FRANKLIN ST Chicago, IL",41.8851791,-87.63531532
525 S LOOMIS ST,"525 S LOOMIS ST Chicago, IL",41.8600989,-87.6613417
915 N WELLS ST,"915 N WELLS ST Chicago, IL",41.89939795,-87.63423212
1201 W LAKE ST,"1201 W LAKE ST Chicago, IL",41.8854472,-87.65687392
77 S FRANKLIN ST,"77 S FRANKLIN ST Chicago, IL",41.88145619,-87.6352223
72 W HARRISON ST,"72 W HARRISON ST Chicago, IL",41.87458344,-87.6303684
896 N WELLS ST,"896 N WELLS ST Chicago, IL",41.89734917,-87.63430682
1121 N ORLEANS ST,"1121 N ORLEANS ST Chicago, IL",41.90226149,-87.63731536
1133 N ORLEANS ST,"1133 N ORLEANS ST Chicago, IL",41.90234333,-87.63731851
1033 W LAKE ST,"1033 W LAKE ST Chicago, IL",41.88550285,-87.65341397
168 E RANDOLPH ST,"168 E RANDOLPH ST Chicago, IL",41.88452844,-87.62384575
81 E JACKSON BLVD,"81 E JACKSON BLVD Chicago, IL",41.87821285,-87.62509919
934 N DEARBORN ST,"934 N DEARBORN ST Chicago, IL",41.89929704,-87.62991805
484 W ADAMS ST,"484 W ADAMS ST Chicago, IL",41.87937182,-87.639388
955 W HARRISON ST,"955 W HARRISON ST Chicago, IL",41.8742802,-87.65062263
275 S FRANKLIN ST,"275 S FRANKLIN ST Chicago, IL",41.87835156,-87.63513291
1123 W HUBBARD ST,"1123 W HUBBARD ST Chicago, IL",41.88994885,-87.65553459
97 S FRANKLIN ST,"97 S FRANKLIN ST Chicago, IL",41.88134451,-87.63522129
156 E RANDOLPH ST,"156 E RANDOLPH ST Chicago, IL",41.88452844,-87.62384575
111 E RANDOLPH ST,"111 E RANDOLPH ST Chicago, IL",41.88438112,-87.62435846
13 N CANAL ST,"13 N CANAL ST Chicago, IL",41.882091,-87.63961241
25 N CANAL ST,"25 N CANAL ST Chicago, IL",41.88223649,-87.63961659
55 N CANAL ST,"55 N CANAL ST Chicago, IL",41.88259841,-87.63962907
951 N DEARBORN ST,"951 N DEARBORN ST Chicago, IL",41.89937615,-87.62976668
3 W CHICAGO AVE,"3 W CHICAGO AVE Chicago, IL",41.89661785,-87.62835784
449 E GRAND AVE,"449 E GRAND AVE Chicago, IL",41.89182426,-87.61550324
819 S CLINTON ST,"819 S CLINTON ST Chicago, IL",41.87184567,-87.64079595
512 W CHICAGO AVE,"512 W CHICAGO AVE Chicago, IL",41.89654344,-87.64177154
294 S DEARBORN ST,"294 S DEARBORN ST Chicago, IL",41.87827403,-87.6293804
166 S FRANKLIN ST,"166 S FRANKLIN ST Chicago, IL",41.87980088,-87.63532761
128 S FRANKLIN ST,"128 S FRANKLIN ST Chicago, IL",41.88024852,-87.63534341
111 S FRANKLIN ST,"111 S FRANKLIN ST Chicago, IL",41.88046359,-87.63519707
1012 S CANAL ST,"1012 S CANAL ST Chicago, IL",41.86955256,-87.63934595
1507 N WELLS ST,"1507 N WELLS ST Chicago, IL",41.90950166,-87.63458044
455 E RANDOLPH ST,"455 E RANDOLPH ST Chicago, IL",41.88428607,-87.61798816
70 N DEARBORN ST,"70 N DEARBORN ST Chicago, IL",41.88239145,-87.62949067
75 E WALTON ST,"75 E WALTON ST Chicago, IL",41.89994785,-87.62423773
170 S CANAL ST,"170 S CANAL ST Chicago, IL",41.87958629,-87.63969568
1220 N DEARBORN PKWY,"1220 N DEARBORN PKWY Chicago, IL",41.90433676,-87.63007533
69 S CANAL ST,"69 S CANAL ST Chicago, IL",41.88091294,-87.63957989
820 N MICHIGAN AVE,"820 N MICHIGAN AVE Chicago, IL",41.89777854,-87.62417923
807 N WABASH AVE,"807 N WABASH AVE Chicago, IL",41.89679524,-87.62677478
814 N WABASH AVE,"814 N WABASH AVE Chicago, IL",41.8976946,-87.62695556
2 W CHICAGO AVE,"2 W CHICAGO AVE Chicago, IL",41.89673244,-87.62827422
399 N ORLEANS ST,"399 N ORLEANS ST Chicago, IL",41.88799463,-87.63627543
87 S CANAL ST,"87 S CANAL ST Chicago, IL",41.88075577,-87.63957414
57 N CANAL ST,"57 N CANAL ST Chicago, IL",41.88262254,-87.6396299
89 S FRANKLIN ST,"89 S FRANKLIN ST Chicago, IL",41.8813888,-87.63522129
2 E GRAND AVE,"2 E GRAND AVE Chicago, IL",41.8917329,-87.62800078
1327 W WASHINGTON BLVD,"1327 W WASHINGTON BLVD Chicago, IL",41.88286585,-87.66076062
909 S LOOMIS ST,"909 S LOOMIS ST Chicago, IL",41.87004114,-87.66158667
287 S FRANKLIN ST,"287 S FRANKLIN ST Chicago, IL",41.87825875,-87.63513172
283 S CLINTON ST,"283 S CLINTON ST Chicago, IL",41.87825776,-87.641003
975 N DEARBORN ST,"975 N DEARBORN ST Chicago, IL",41.89956373,-87.62977275
817 W HUBBARD ST,"817 W HUBBARD ST Chicago, IL",41.89002085,-87.64825752
58 W WALTON ST,"58 W WALTON ST Chicago, IL",41.8998605,-87.63034886
557 S LOOMIS ST,"557 S LOOMIS ST Chicago, IL",41.8444321,-87.6599445
529 S CLINTON ST,"529 S CLINTON ST Chicago, IL",41.87501701,-87.64089591
849 S CLINTON ST,"849 S CLINTON ST Chicago, IL",41.87167135,-87.64079027
954 W TAYLOR ST,"954 W TAYLOR ST Chicago, IL",41.86965082,-87.65019123
181 S CANAL ST,"181 S CANAL ST Chicago, IL",41.87956898,-87.63954135
670 N WELLS ST,"670 N WELLS ST Chicago, IL",41.89427805,-87.6342179
1116 W CHICAGO AVE,"1116 W CHICAGO AVE Chicago, IL",41.89630953,-87.65612487
293 S DEARBORN ST,"293 S DEARBORN ST Chicago, IL",41.87830149,-87.62922747
589 S LOOMIS ST,"589 S LOOMIS ST Chicago, IL",41.8444321,-87.6599445
585 S LOOMIS ST,"585 S LOOMIS ST Chicago, IL",41.8444321,-87.6599445
577 S LOOMIS ST,"577 S LOOMIS ST Chicago, IL",41.87397609,-87.66176582
563 S LOOMIS ST,"563 S LOOMIS ST Chicago, IL",41.87396816,-87.66179794
537 S LOOMIS ST,"537 S LOOMIS ST Chicago, IL",41.8600989,-87.6613417
529 S LOOMIS ST,"529 S LOOMIS ST Chicago, IL",41.87422033,-87.66180528
1289 N WELLS ST,"1289 N WELLS ST Chicago, IL",41.90479123,-87.63443627
9 E CHICAGO AVE,"9 E CHICAGO AVE Chicago, IL",41.89664193,-87.62668272
969 W HUBBARD ST,"969 W HUBBARD ST Chicago, IL",41.88998485,-87.65178215
986 W TAYLOR ST,"986 W TAYLOR ST Chicago, IL",41.86960951,-87.65083931
559 S LOOMIS ST,"559 S LOOMIS ST Chicago, IL",41.8600989,-87.6613417
493 S LOOMIS ST,"493 S LOOMIS ST Chicago, IL",41.8444321,-87.6599445
317 N ORLEANS ST,"317 N ORLEANS ST Chicago, IL",41.88785733,-87.63614437
701 W FULTON ST,"701 W FULTON ST Chicago, IL",41.886719,-87.645869
264 S DEARBORN ST,"264 S DEARBORN ST Chicago, IL",41.87862651,-87.62939957
205 E GRAND AVE,"205 E GRAND AVE Chicago, IL",41.89170385,-87.62249665
71 S CLINTON ST,"71 S CLINTON ST Chicago, IL",41.88080847,-87.64108307
50 W WASHINGTON ST,"50 W WASHINGTON ST Chicago, IL",41.88326844,-87.62961306
926 W TAYLOR ST,"926 W TAYLOR ST Chicago, IL",41.86967176,-87.64963594
569 S LOOMIS ST,"569 S LOOMIS ST Chicago, IL",41.87396982,-87.6617851
545 S LOOMIS ST,"545 S LOOMIS ST Chicago, IL",41.87421674,-87.66179616
491 S LOOMIS ST,"491 S LOOMIS ST Chicago, IL",41.8600989,-87.6613417
53 W CHICAGO AVE,"53 W CHICAGO AVE Chicago, IL",41.89658619,-87.63061215
301 W CHICAGO AVE,"301 W CHICAGO AVE Chicago, IL",41.8965171,-87.6360748
810 W HUBBARD ST,"810 W HUBBARD ST Chicago, IL",41.89014167,-87.64798403
1134 W HUBBARD ST,"1134 W HUBBARD ST Chicago, IL",41.89006344,-87.65600201
164 N WELLS ST,"164 N WELLS ST Chicago, IL",41.88539902,-87.63399781
414 E GRAND AVE,"414 E GRAND AVE Chicago, IL",41.89190844,-87.61736921
342 E ILLINOIS ST,"342 E ILLINOIS ST Chicago, IL",41.89107856,-87.61918607
352 E ILLINOIS ST,"352 E ILLINOIS ST Chicago, IL",41.89108118,-87.6190971
53 S CLINTON ST,"53 S CLINTON ST Chicago, IL",41.88092742,-87.6410859
1017 N CLARK ST,"1017 N CLARK ST Chicago, IL",41.90080361,-87.63127906
290 S DEARBORN ST,"290 S DEARBORN ST Chicago, IL",41.8783203,-87.62938256
256 S DEARBORN ST,"256 S DEARBORN ST Chicago, IL",41.87872158,-87.62940442
68 E MADISON ST,"68 E MADISON ST Chicago, IL",41.88215244,-87.62525829
172 E RANDOLPH ST,"172 E RANDOLPH ST Chicago, IL",41.88452844,-87.62384575
1540 N OGDEN AVE,"1540 N OGDEN AVE Chicago, IL",41.8892125,-87.6605847
270 E RANDOLPH ST,"270 E RANDOLPH ST Chicago, IL",41.88457344,-87.62119998
1561 W TAYLOR ST,"1561 W TAYLOR ST Chicago, IL",41.86922185,-87.66543478
719 N WELLS ST,"719 N WELLS ST Chicago, IL",41.89529392,-87.63408782
354 W ADAMS ST,"354 W ADAMS ST Chicago, IL",41.87942027,-87.63603694
182 E RANDOLPH ST,"182 E RANDOLPH ST Chicago, IL",41.88452844,-87.62384575
1329 N WELLS ST,"1329 N WELLS ST Chicago, IL",41.9065298,-87.63449288
1162 W HUBBARD ST,"1162 W HUBBARD ST Chicago, IL",41.89005173,-87.65685719
1220 W TAYLOR ST,"1220 W TAYLOR ST Chicago, IL",41.86945539,-87.65765682
372 W CHICAGO AVE,"372 W CHICAGO AVE Chicago, IL",41.89660249,-87.63782345
1264 W TAYLOR ST,"1264 W TAYLOR ST Chicago, IL",41.86945345,-87.65813804
1528 W TAYLOR ST,"1528 W TAYLOR ST Chicago, IL",41.86935445,-87.66443427
1360 W LAKE ST,"1360 W LAKE ST Chicago, IL",41.88549931,-87.66116009
1544 W TAYLOR ST,"1544 W TAYLOR ST Chicago, IL",41.86934973,-87.66460504
32 S DEARBORN ST,"32 S DEARBORN ST Chicago, IL",41.88177064,-87.62947218
545 S MORGAN ST,"545 S MORGAN ST Chicago, IL",41.87522428,-87.6517633
1500 N HALSTED ST,"1500 N HALSTED ST Chicago, IL",41.90862925,-87.64829179
1258 N WELLS ST,"1258 N WELLS ST Chicago, IL",41.90523938,-87.63460503
74 N DEARBORN ST,"74 N DEARBORN ST Chicago, IL",41.88241142,-87.62949142
333 E ILLINOIS ST,"333 E ILLINOIS ST Chicago, IL",41.89093652,-87.62065336
1254 W HARRISON ST,"1254 W HARRISON ST Chicago, IL",41.8742603,-87.65829009
551 S MORGAN ST,"551 S MORGAN ST Chicago, IL",41.87521807,-87.6517633
902 W TAYLOR ST,"902 W TAYLOR ST Chicago, IL",41.86967835,-87.64916106
518 W ADAMS ST,"518 W ADAMS ST Chicago, IL",41.87934066,-87.64186558
524 W ADAMS ST,"524 W ADAMS ST Chicago, IL",41.87933984,-87.64191346
763 W TAYLOR ST,"763 W TAYLOR ST Chicago, IL",41.869775,-87.644225
916 W TAYLOR ST,"916 W TAYLOR ST Chicago, IL",41.86967451,-87.64943807
32 W KINZIE ST,"32 W KINZIE ST Chicago, IL",41.88928944,-87.62942251
1131 W LAKE ST,"1131 W LAKE ST Chicago, IL",41.88546685,-87.65556128
930 W LAKE ST,"930 W LAKE ST Chicago, IL",41.88565941,-87.65105707
71 W ILLINOIS ST,"71 W ILLINOIS ST Chicago, IL",41.89077597,-87.63036397
1433 W HARRISON ST,"1433 W HARRISON ST Chicago, IL",41.87407285,-87.6630069
911 W WASHINGTON BLVD,"911 W WASHINGTON BLVD Chicago, IL",41.8830419,-87.65014517
1003 W HARRISON ST,"1003 W HARRISON ST Chicago, IL",41.87425285,-87.65193431
928 W HARRISON ST,"928 W HARRISON ST Chicago, IL",41.87439646,-87.65055227
356 W ROOSEVELT RD,"356 W ROOSEVELT RD Chicago, IL",41.86739244,-87.63750576
258 N DEARBORN ST,"258 N DEARBORN ST Chicago, IL",41.88640808,-87.62959628
199 W CHICAGO AVE,"199 W CHICAGO AVE Chicago, IL",41.89653934,-87.63412456
1262 W HARRISON ST,"1262 W HARRISON ST Chicago, IL",41.87425823,-87.65848022
1266 W HARRISON ST,"1266 W HARRISON ST Chicago, IL",41.87425714,-87.65857521
1270 W HARRISON ST,"1270 W HARRISON ST Chicago, IL",41.87425605,-87.6586702
279 S CLINTON ST,"279 S CLINTON ST Chicago, IL",41.87830072,-87.64100454
79 S DEARBORN ST,"79 S DEARBORN ST Chicago, IL",41.88124502,-87.62930133
206 W CHICAGO AVE,"206 W CHICAGO AVE Chicago, IL",41.89664244,-87.63495137
95 S DEARBORN ST,"95 S DEARBORN ST Chicago, IL",41.88086992,-87.629293
61 S CANAL ST,"61 S CANAL ST Chicago, IL",41.88098279,-87.63958245
240 S DEARBORN ST,"240 S DEARBORN ST Chicago, IL",41.87890849,-87.62941405
276 E RANDOLPH ST,"276 E RANDOLPH ST Chicago, IL",41.88457344,-87.62111324
1577 W WARREN BLVD,"1577 W WARREN BLVD Chicago, IL",41.88232585,-87.66608212
58 N DEARBORN ST,"58 N DEARBORN ST Chicago, IL",41.88233152,-87.62948843
1523 N DEARBORN ST,"1523 N DEARBORN ST Chicago, IL",41.90987998,-87.63008897
1174 N WELLS ST,"1174 N WELLS ST Chicago, IL",41.9035839,-87.63454437
507 W JACKSON BLVD,"507 W JACKSON BLVD Chicago, IL",41.87798559,-87.63997422
52 W WALTON ST,"52 W WALTON ST Chicago, IL",41.89986327,-87.63021305
829 N WABASH AVE,"829 N WABASH AVE Chicago, IL",41.89695949,-87.62677477
730 N DEARBORN ST,"730 N DEARBORN ST Chicago, IL",41.89571446,-87.62983251
280 S FRANKLIN ST,"280 S FRANKLIN ST Chicago, IL",41.87825292,-87.63528556
95 S FRANKLIN ST,"95 S FRANKLIN ST Chicago, IL",41.88135559,-87.63522129
44 S DEARBORN ST,"44 S DEARBORN ST Chicago, IL",41.88170547,-87.62947121
231 S FRANKLIN ST,"231 S FRANKLIN ST Chicago, IL",41.87882572,-87.63514439
81 S FRANKLIN ST,"81 S FRANKLIN ST Chicago, IL",41.88143405,-87.6352218
62 S FRANKLIN ST,"62 S FRANKLIN ST Chicago, IL",41.88094855,-87.63536592
48 W CALHOUN PL,"48 W CALHOUN PL Chicago, IL",41.88264743,-87.62972037
937 W WASHINGTON BLVD,"937 W WASHINGTON BLVD Chicago, IL",41.88302261,-87.65103415
14 N CANAL ST,"14 N CANAL ST Chicago, IL",41.88209249,-87.63976636
219 W KINZIE ST,"219 W KINZIE ST Chicago, IL",41.88910636,-87.63408277
326 W ILLINOIS ST,"326 W ILLINOIS ST Chicago, IL",41.89080337,-87.63662759
565 W CHICAGO AVE,"565 W CHICAGO AVE Chicago, IL",41.89642086,-87.6424178
36 S DEARBORN ST,"36 S DEARBORN ST Chicago, IL",41.88174841,-87.62947139
6 E ILLINOIS ST,"6 E ILLINOIS ST Chicago, IL",41.89092744,-87.62781319
490 S HALSTED ST,"490 S HALSTED ST Chicago, IL",41.87619539,-87.64726419
692 W CHICAGO AVE,"692 W CHICAGO AVE Chicago, IL",41.89651827,-87.643727
928 W TAYLOR ST,"928 W TAYLOR ST Chicago, IL",41.86967121,-87.64967551
800 S WELLS ST,"800 S WELLS ST Chicago, IL",41.87209161,-87.63364999
950 W TAYLOR ST,"950 W TAYLOR ST Chicago, IL",41.86965434,-87.65011381
1512 W LAKE ST,"1512 W LAKE ST Chicago, IL",41.88541221,-87.66568657
416 N HALSTED ST,"416 N HALSTED ST Chicago, IL",41.89030411,-87.64768405
616 W HARRISON ST,"616 W HARRISON ST Chicago, IL",41.87442141,-87.6427177
350 N LA SALLE ST,"350 N LA SALLE ST Chicago, IL",41.8885903,-87.63269217
120 E CHICAGO AVE,"120 E CHICAGO AVE Chicago, IL",41.89676844,-87.62532558
154 E CHICAGO AVE,"154 E CHICAGO AVE Chicago, IL",41.89676844,-87.62514931
1107 N ORLEANS ST,"1107 N ORLEANS ST Chicago, IL",41.90216561,-87.63731217
1446 W HUBBARD ST,"1446 W HUBBARD ST Chicago, IL",41.88999144,-87.66397308
956 W TAYLOR ST,"956 W TAYLOR ST Chicago, IL",41.8696495,-87.65023077
810 S LOOMIS ST,"810 S LOOMIS ST Chicago, IL",41.87140192,-87.66177999
1507 W POLK ST,"1507 W POLK ST Chicago, IL",41.87160292,-87.66435772
73 S DEARBORN ST,"73 S DEARBORN ST Chicago, IL",41.88142161,-87.62930682
711 W CHICAGO AVE,"711 W CHICAGO AVE Chicago, IL",41.89638069,-87.64547679
89 W MADISON ST,"89 W MADISON ST Chicago, IL",41.88195685,-87.62828326
806 W CHICAGO AVE,"806 W CHICAGO AVE Chicago, IL",41.89646244,-87.64828127
331 N LA SALLE ST,"331 N LA SALLE ST Chicago, IL",41.88836599,-87.63233741
228 W ILLINOIS ST,"228 W ILLINOIS ST Chicago, IL",41.89083519,-87.63478145
600 S CLARK ST,"600 S CLARK ST Chicago, IL",41.87446755,-87.6307519
71 W VAN BUREN ST,"71 W VAN BUREN ST Chicago, IL",41.87683492,-87.629992
92 W VAN BUREN ST,"92 W VAN BUREN ST Chicago, IL",41.87694144,-87.63061729
178 E RANDOLPH ST,"178 E RANDOLPH ST Chicago, IL",41.88452844,-87.62384575
377 E RANDOLPH ST,"377 E RANDOLPH ST Chicago, IL",41.88428102,-87.61878615
1112 W HUBBARD ST,"1112 W HUBBARD ST Chicago, IL",41.89006344,-87.65544062
326 N CLINTON ST,"326 N CLINTON ST Chicago, IL",41.88716174,-87.64142135
127 E CHICAGO AVE,"127 E CHICAGO AVE Chicago, IL",41.89667185,-87.62446821
193 S CANAL ST,"193 S CANAL ST Chicago, IL",41.87943929,-87.63953468
1432 W HUBBARD ST,"1432 W HUBBARD ST Chicago, IL",41.89000044,-87.66358717
1030 N DEARBORN ST,"1030 N DEARBORN ST Chicago, IL",41.90098997,-87.629977
491 W JACKSON BLVD,"491 W JACKSON BLVD Chicago, IL",41.87798785,-87.63937925
169 E WACKER DR,"169 E WACKER DR Chicago, IL",41.88812256,-87.6229162
547 W CHICAGO AVE,"547 W CHICAGO AVE Chicago, IL",41.89642885,-87.64219944
125 E CHICAGO AVE,"125 E CHICAGO AVE Chicago, IL",41.89667185,-87.62451824
119 E CHICAGO AVE,"119 E CHICAGO AVE Chicago, IL",41.89667185,-87.62466832
957 W CHICAGO AVE,"957 W CHICAGO AVE Chicago, IL",41.89627681,-87.65107709
10 E CHICAGO AVE,"10 E CHICAGO AVE Chicago, IL",41.89674307,-87.62778116
1220 N ASHLAND AVE,"1220 N ASHLAND AVE Chicago, IL",41.90438699,-87.66759873
354 N DESPLAINES ST,"354 N DESPLAINES ST Chicago, IL",41.8883543,-87.64439494
1006 W TAYLOR ST,"1006 W TAYLOR ST Chicago, IL",41.86955244,-87.65188237
151 N DEARBORN ST,"151 N DEARBORN ST Chicago, IL",41.88529714,-87.62940494
1234 N HALSTED ST,"1234 N HALSTED ST Chicago, IL",41.90411769,-87.64819029
122 E RANDOLPH ST,"122 E RANDOLPH ST Chicago, IL",41.88452844,-87.62384575
505 S HALSTED ST,"505 S HALSTED ST Chicago, IL",41.8749778,-87.64707376
1132 W ROOSEVELT RD,"1132 W ROOSEVELT RD Chicago, IL",41.86706803,-87.65586257
874 N LARRABEE ST,"874 N LARRABEE ST Chicago, IL",41.89744523,-87.64304148
45 S DEARBORN ST,"45 S DEARBORN ST Chicago, IL",41.88162343,-87.62931523
558 S MORGAN ST,"558 S MORGAN ST Chicago, IL",41.87520978,-87.65191719
566 S MORGAN ST,"566 S MORGAN ST Chicago, IL",41.8752015,-87.65191719
570 S MORGAN ST,"570 S MORGAN ST Chicago, IL",41.87519735,-87.65191719
578 S MORGAN ST,"578 S MORGAN ST Chicago, IL",41.87518907,-87.65191719
1352 W HUBBARD ST,"1352 W HUBBARD ST Chicago, IL",41.89000515,-87.66100674
350 E RANDOLPH ST,"350 E RANDOLPH ST Chicago, IL",41.88457344,-87.61944159
530 N WELLS ST,"530 N WELLS ST Chicago, IL",41.89174959,-87.63415134
287 S DEARBORN ST,"287 S DEARBORN ST Chicago, IL",41.87837215,-87.6292314
20 S DEARBORN ST,"20 S DEARBORN ST Chicago, IL",41.88183732,-87.62947456
835 N WELLS ST,"835 N WELLS ST Chicago, IL",41.89771301,-87.63416454
1250 N DEARBORN PKWY,"1250 N DEARBORN PKWY Chicago, IL",41.90487751,-87.63009047
1100 N CLARK ST,"1100 N CLARK ST Chicago, IL",41.90189695,-87.63146668
29 E CHICAGO AVE,"29 E CHICAGO AVE Chicago, IL",41.89664485,-87.62646533
50 S DEARBORN ST,"50 S DEARBORN ST Chicago, IL",41.88167034,-87.62947117
1038 N CLARK ST,"1038 N CLARK ST Chicago, IL",41.90106484,-87.6314405
324 N CLINTON ST,"324 N CLINTON ST Chicago, IL",41.8871391,-87.64142079
1433 N DEARBORN PKWY,"1433 N DEARBORN PKWY Chicago, IL",41.90839752,-87.63004444
943 N DEARBORN ST,"943 N DEARBORN ST Chicago, IL",41.89931361,-87.6297646
301 S FEDERAL ST,"301 S FEDERAL ST Chicago, IL",41.87810485,-87.6296368
216 S DEARBORN ST,"216 S DEARBORN ST Chicago, IL",41.87919323,-87.62942312
400 W CHICAGO AVE,"400 W CHICAGO AVE Chicago, IL",41.89658844,-87.63874122
52 S DEARBORN ST,"52 S DEARBORN ST Chicago, IL",41.88165922,-87.6294707
1033 N ORLEANS ST,"1033 N ORLEANS ST Chicago, IL",41.9013974,-87.63728111
1058 W CHICAGO AVE,"1058 W CHICAGO AVE Chicago, IL",41.89632744,-87.65493989
645 S WABASH AVE,"645 S WABASH AVE Chicago, IL",41.87366207,-87.62589909
117 W LAKE ST,"117 W LAKE ST Chicago, IL",41.88567399,-87.6327362
28 E HARRISON ST,"28 E HARRISON ST Chicago, IL",41.87444401,-87.62715941
339 N ORLEANS ST,"339 N ORLEANS ST Chicago, IL",41.88789417,-87.63617953
680 S FEDERAL ST,"680 S FEDERAL ST Chicago, IL",41.87386452,-87.6297247
740 S FEDERAL ST,"740 S FEDERAL ST Chicago, IL",41.87330698,-87.629704
847 S STATE ST,"847 S STATE ST Chicago, IL",41.87120179,-87.62736313
70 W WALTON ST,"70 W WALTON ST Chicago, IL",41.89985495,-87.63062049
31 S CLINTON ST,"31 S CLINTON ST Chicago, IL",41.88107332,-87.64108941
1063 W HUBBARD ST,"1063 W HUBBARD ST Chicago, IL",41.88996685,-87.65393678
973 W HUBBARD ST,"973 W HUBBARD ST Chicago, IL",41.88998485,-87.65183603
32 E GRAND AVE,"32 E GRAND AVE Chicago, IL",41.89174829,-87.62636487
22 E GRAND AVE,"22 E GRAND AVE Chicago, IL",41.89174644,-87.62650115
575 W CHICAGO AVE,"575 W CHICAGO AVE Chicago, IL",41.89641985,-87.64255122
834 W HARRISON ST,"834 W HARRISON ST Chicago, IL",41.87443044,-87.6484979
867 N WELLS ST,"867 N WELLS ST Chicago, IL",41.8979313,-87.63417294
1256 N DEARBORN PKWY,"1256 N DEARBORN PKWY Chicago, IL",41.90498566,-87.6300935
10 N FRANKLIN ST,"10 N FRANKLIN ST Chicago, IL",41.88267085,-87.63540576
506 S HALSTED ST,"506 S HALSTED ST Chicago, IL",41.87496013,-87.64722671
947 W ROOSEVELT RD,"947 W ROOSEVELT RD Chicago, IL",41.86704385,-87.65014757
550 S MORGAN ST,"550 S MORGAN ST Chicago, IL",41.87521807,-87.65191719
147 N DEARBORN ST,"147 N DEARBORN ST Chicago, IL",41.88527383,-87.62940411
509 W JACKSON BLVD,"509 W JACKSON BLVD Chicago, IL",41.87798335,-87.64008738
1204 W HUBBARD ST,"1204 W HUBBARD ST Chicago, IL",41.89003644,-87.65800358
901 W WASHINGTON BLVD,"901 W WASHINGTON BLVD Chicago, IL",41.88304585,-87.6498112
1546 W TAYLOR ST,"1546 W TAYLOR ST Chicago, IL",41.86934774,-87.66462497
1363 W WASHINGTON BLVD,"1363 W WASHINGTON BLVD Chicago, IL",41.88285615,-87.66149599
488 S HALSTED ST,"488 S HALSTED ST Chicago, IL",41.87620462,-87.64726419
22 S DEARBORN ST,"22 S DEARBORN ST Chicago, IL",41.88182621,-87.62947416
1344 N CLARK ST,"1344 N CLARK ST Chicago, IL",41.86311159,-87.63036465
519 W ADAMS ST,"519 W ADAMS ST Chicago, IL",41.8792324,-87.64129957
1259 W TAYLOR ST,"1259 W TAYLOR ST Chicago, IL",41.86932418,-87.65881253
525 W ADAMS ST,"525 W ADAMS ST Chicago, IL",41.87923108,-87.64133904
281 S LA SALLE ST,"281 S LA SALLE ST Chicago, IL",41.8783134,-87.63218506
271 S LA SALLE ST,"271 S LA SALLE ST Chicago, IL",41.87838005,-87.63218668
461 S LOOMIS ST,"461 S LOOMIS ST Chicago, IL",41.8600958,-87.6614226
337 W JACKSON BLVD,"337 W JACKSON BLVD Chicago, IL",41.87803204,-87.63640318
283 S LA SALLE ST,"283 S LA SALLE ST Chicago, IL",41.87830008,-87.63218473
99 S FRANKLIN ST,"99 S FRANKLIN ST Chicago, IL",41.88133344,-87.63522129
20 W ROOSEVELT RD,"20 W ROOSEVELT RD Chicago, IL",41.86752744,-87.62809909
1206 N CLARK ST,"1206 N CLARK ST Chicago, IL",41.90406658,-87.63152716
1133 W ROOSEVELT RD,"1133 W ROOSEVELT RD Chicago, IL",41.86696123,-87.65549694
156 E CHICAGO AVE,"156 E CHICAGO AVE Chicago, IL",41.89676844,-87.62513894
352 W JACKSON BLVD,"352 W JACKSON BLVD Chicago, IL",41.87813598,-87.63703926
182 N OGDEN AVE,"182 N OGDEN AVE Chicago, IL",41.88366258,-87.66391547
1276 W WASHINGTON BLVD,"1276 W WASHINGTON BLVD Chicago, IL",41.88300241,-87.65928005
591 S LOOMIS ST,"591 S LOOMIS ST Chicago, IL",41.8600958,-87.6614226
579 S LOOMIS ST,"579 S LOOMIS ST Chicago, IL",41.87415092,-87.66147034
573 S LOOMIS ST,"573 S LOOMIS ST Chicago, IL",41.8600989,-87.6613417
463 S LOOMIS ST,"463 S LOOMIS ST Chicago, IL",41.8600989,-87.6613417
457 S LOOMIS ST,"457 S LOOMIS ST Chicago, IL",41.8600989,-87.6613417
932 W TAYLOR ST,"932 W TAYLOR ST Chicago, IL",41.86967011,-87.64975466
1542 W TAYLOR ST,"1542 W TAYLOR ST Chicago, IL",41.86935172,-87.6645851
1554 W TAYLOR ST,"1554 W TAYLOR ST Chicago, IL",41.86934461,-87.66469655
1342 W TAYLOR ST,"1342 W TAYLOR ST Chicago, IL",41.86941035,-87.66077998
92 W CHICAGO AVE,"92 W CHICAGO AVE Chicago, IL",41.89670544,-87.63038136
2061 N LINCOLN AVE,"2061 N LINCOLN AVE Chicago, IL",41.91945147,-87.64027183
1301 W HARRISON ST,"1301 W HARRISON ST Chicago, IL",41.87412999,-87.65937863
1159 S LOOMIS ST,"1159 S LOOMIS ST Chicago, IL",41.86793728,-87.66151993
305 N ORLEANS ST,"305 N ORLEANS ST Chicago, IL",41.88783155,-87.63612165
1111 W LAKE ST,"1111 W LAKE ST Chicago, IL",41.88548024,-87.65488426
82 N DEARBORN ST,"82 N DEARBORN ST Chicago, IL",41.88245137,-87.62949292
64 W MARBLE PL,"64 W MARBLE PL Chicago, IL",41.880143,-87.62989645
88 N DEARBORN ST,"88 N DEARBORN ST Chicago, IL",41.8824813,-87.62949405
1378 N HALSTED ST,"1378 N HALSTED ST Chicago, IL",41.90607676,-87.64822403
1183 S HALSTED ST,"1183 S HALSTED ST Chicago, IL",41.86635413,-87.64681771
1173 S HALSTED ST,"1173 S HALSTED ST Chicago, IL",41.86644501,-87.6468211
530 N FRANKLIN ST,"530 N FRANKLIN ST Chicago, IL",41.89090716,-87.63563576
314 S FEDERAL ST,"314 S FEDERAL ST Chicago, IL",41.87793969,-87.6297907
84 W MONROE ST,"84 W MONROE ST Chicago, IL",41.88079344,-87.62862738
1501 N DEARBORN ST,"1501 N DEARBORN ST Chicago, IL",41.90951352,-87.63007924
865 N WELLS ST,"865 N WELLS ST Chicago, IL",41.89791765,-87.63417241
107 S FRANKLIN ST,"107 S FRANKLIN ST Chicago, IL",41.88051071,-87.63519875
755 N DEARBORN ST,"755 N DEARBORN ST Chicago, IL",41.89620372,-87.62968955
618 W HARRISON ST,"618 W HARRISON ST Chicago, IL",41.87442114,-87.64274441
821 W HUBBARD ST,"821 W HUBBARD ST Chicago, IL",41.89001919,-87.64839804
408 N WELLS ST,"408 N WELLS ST Chicago, IL",41.88945803,-87.63409721
1338 W HUBBARD ST,"1338 W HUBBARD ST Chicago, IL",41.89000944,-87.66065067
1431 W HUBBARD ST,"1431 W HUBBARD ST Chicago, IL",41.88988293,-87.66366356
1458 W HUBBARD ST,"1458 W HUBBARD ST Chicago, IL",41.8899821,-87.66430577
1464 W HUBBARD ST,"1464 W HUBBARD ST Chicago, IL",41.88997885,-87.66447129
810 W LAKE ST,"810 W LAKE ST Chicago, IL",41.88570914,-87.64810394
1155 N WELLS ST,"1155 N WELLS ST Chicago, IL",41.90336285,-87.63438184
393 W JACKSON BLVD,"393 W JACKSON BLVD Chicago, IL",41.87801682,-87.63726787
527 W ADAMS ST,"527 W ADAMS ST Chicago, IL",41.87923065,-87.64135219
530 N WABASH AVE,"530 N WABASH AVE Chicago, IL",41.89183292,-87.62680177
20 W GRAND AVE,"20 W GRAND AVE Chicago, IL",41.89171916,-87.62841625
1140 W ROOSEVELT RD,"1140 W ROOSEVELT RD Chicago, IL",41.8670661,-87.65595287
39 S DEARBORN ST,"39 S DEARBORN ST Chicago, IL",41.88166668,-87.62931703
295 S DEARBORN ST,"295 S DEARBORN ST Chicago, IL",41.87827708,-87.62922655
1416 N HALSTED ST,"1416 N HALSTED ST Chicago, IL",41.90687015,-87.64824999
196 N DEARBORN ST,"196 N DEARBORN ST Chicago, IL",41.88565263,-87.62957185
0 W QUINCY ST,"1 W QUINCY ST Chicago, IL",41.87883408,-87.6278286
102 S FRANKLIN ST,"102 S FRANKLIN ST Chicago, IL",41.88055479,-87.63535429
163 N LA SALLE ST,"163 N LA SALLE ST Chicago, IL",41.88360722,-87.63234183
46 W ADAMS ST,"46 W ADAMS ST Chicago, IL",41.87948342,-87.63003391
299 S DEARBORN ST,"299 S DEARBORN ST Chicago, IL",41.87822994,-87.62922487
100 E GRAND AVE,"100 E GRAND AVE Chicago, IL",41.89179144,-87.62401628
1022 W ROOSEVELT RD,"1022 W ROOSEVELT RD Chicago, IL",41.86714045,-87.65113864
1036 W ROOSEVELT RD,"1036 W ROOSEVELT RD Chicago, IL",41.86714045,-87.65118574
1118 N DEARBORN ST,"1118 N DEARBORN ST Chicago, IL",41.90242662,-87.63002016
2 N DEARBORN ST,"2 N DEARBORN ST Chicago, IL",41.88205344,-87.62948021
495 S LOOMIS ST,"495 S LOOMIS ST Chicago, IL",41.8744062,-87.66180949
731 S LOOMIS ST,"731 S LOOMIS ST Chicago, IL",41.87245664,-87.66165926
547 S LOOMIS ST,"547 S LOOMIS ST Chicago, IL",41.8444321,-87.6599445
451 S LOOMIS ST,"451 S LOOMIS ST Chicago, IL",41.8600989,-87.6613417
1131 W HARRISON ST,"1131 W HARRISON ST Chicago, IL",41.87419577,-87.65509478
1113 S LOOMIS ST,"1113 S LOOMIS ST Chicago, IL",41.86806516,-87.66152485
1110 N CLARK ST,"1110 N CLARK ST Chicago, IL",41.90210062,-87.6314737
1104 N CLARK ST,"1104 N CLARK ST Chicago, IL",41.90197842,-87.63146949
86 S CLINTON ST,"86 S CLINTON ST Chicago, IL",41.88131993,-87.64125189
402 S DEARBORN ST,"402 S DEARBORN ST Chicago, IL",41.87682259,-87.62933885
63 W ILLINOIS ST,"63 W ILLINOIS ST Chicago, IL",41.89076785,-87.63017752
850 S LOOMIS ST,"850 S LOOMIS ST Chicago, IL",41.87021657,-87.66174352
42 W HARRISON ST,"42 W HARRISON ST Chicago, IL",41.87458422,-87.63010547
244 S FRANKLIN ST,"244 S FRANKLIN ST Chicago, IL",41.87842906,-87.63528782
212 N FRANKLIN ST,"212 N FRANKLIN ST Chicago, IL",41.88590397,-87.63544892
1231 W ROOSEVELT RD,"1231 W ROOSEVELT RD Chicago, IL",41.8669306,-87.65735008
1366 N CLARK ST,"1366 N CLARK ST Chicago, IL",41.90599344,-87.63159244
111 S WELLS ST,"111 S WELLS ST Chicago, IL",41.87991572,-87.63369662
91 S DEARBORN ST,"91 S DEARBORN ST Chicago, IL",41.88096363,-87.62929467
1230 N CLYBOURN AVE,"1230 N CLYBOURN AVE Chicago, IL",41.90430112,-87.64040711
718 S LA SALLE ST,"718 S LA SALLE ST Chicago, IL",41.87313421,-87.63172434
716 S LA SALLE ST,"716 S LA SALLE ST Chicago, IL",41.87315651,-87.63172496
11 S LA SALLE ST,"11 S LA SALLE ST Chicago, IL",41.88169919,-87.63228256
170 E HUBBARD ST,"170 E HUBBARD ST Chicago, IL",41.89017719,-87.62515071
1155 W ROOSEVELT RD,"1155 W ROOSEVELT RD Chicago, IL",41.86695333,-87.65586567
310 S FEDERAL ST,"310 S FEDERAL ST Chicago, IL",41.87798688,-87.6297907
1115 W TAYLOR ST,"1115 W TAYLOR ST Chicago, IL",41.86939063,-87.65484369
361 W COUCH PL,"361 W COUCH PL Chicago, IL",41.8851062,-87.6470117
217 W WASHINGTON ST,"217 W WASHINGTON ST Chicago, IL",41.88315385,-87.63415254
215 W WASHINGTON ST,"215 W WASHINGTON ST Chicago, IL",41.88315385,-87.63412537
181 W WASHINGTON ST,"181 W WASHINGTON ST Chicago, IL",41.88315385,-87.63343847
309 W COUCH PL,"309 W COUCH PL Chicago, IL",41.8851062,-87.6470117
0 N ORLEANS ST,"1 N ORLEANS ST Chicago, IL",41.9030212,-87.6374265
1374 N CLARK ST,"1374 N CLARK ST Chicago, IL",41.90630199,-87.63160151
345 E ILLINOIS ST,"345 E ILLINOIS ST Chicago, IL",41.89093753,-87.6205715
146 W JACKSON BLVD,"146 W JACKSON BLVD Chicago, IL",41.87817932,-87.63320632
140 W JACKSON BLVD,"140 W JACKSON BLVD Chicago, IL",41.87818009,-87.63315486
26 N MICHIGAN AVE,"26 N MICHIGAN AVE Chicago, IL",41.88122477,-87.62452261
104 S MICHIGAN AVE,"104 S MICHIGAN AVE Chicago, IL",41.88055724,-87.62451671
146 S DEARBORN ST,"146 S DEARBORN ST Chicago, IL",41.87977523,-87.62943314
67 W CALHOUN PL,"67 W CALHOUN PL Chicago, IL",41.8825288,-87.63011623
76 N DEARBORN ST,"76 N DEARBORN ST Chicago, IL",41.88242141,-87.6294918
67 W WASHINGTON ST,"67 W WASHINGTON ST Chicago, IL",41.88315385,-87.62998604
65 W RANDOLPH ST,"65 W RANDOLPH ST Chicago, IL",41.88442528,-87.62889562
110 S MICHIGAN AVE,"110 S MICHIGAN AVE Chicago, IL",41.88033052,-87.62451419
116 S MICHIGAN AVE,"116 S MICHIGAN AVE Chicago, IL",41.88031656,-87.62451364
25 N MICHIGAN AVE,"25 N MICHIGAN AVE Chicago, IL",41.88345479,-87.62425273
573 W CHICAGO AVE,"573 W CHICAGO AVE Chicago, IL",41.89641985,-87.64252605
866 W TAYLOR ST,"866 W TAYLOR ST Chicago, IL",41.86969484,-87.64844993
1256 N WELLS ST,"1256 N WELLS ST Chicago, IL",41.90521782,-87.63460441
885 N WELLS ST,"885 N WELLS ST Chicago, IL",41.89805481,-87.63417785
437 E ILLINOIS ST,"437 E ILLINOIS ST Chicago, IL",41.89100976,-87.61672917
453 E ILLINOIS ST,"453 E ILLINOIS ST Chicago, IL",41.89101666,-87.61634728
904 S LOOMIS ST,"904 S LOOMIS ST Chicago, IL",41.86988471,-87.66173502
489 S LOOMIS ST,"489 S LOOMIS ST Chicago, IL",41.8600989,-87.6613417
1112 N CLARK ST,"1112 N CLARK ST Chicago, IL",41.90214184,-87.63147466
33 S CLINTON ST,"33 S CLINTON ST Chicago, IL",41.8810596,-87.64108905
0 N GARVEY CT,"1 N GARVEY CT Chicago, IL",41.8865038,-87.6302421
133 N FRANKLIN ST,"133 N FRANKLIN ST Chicago, IL",41.88531826,-87.63530748
188 W CHICAGO AVE,"188 W CHICAGO AVE Chicago, IL",41.89665941,-87.63395532
1428 W HUBBARD ST,"1428 W HUBBARD ST Chicago, IL",41.89000044,-87.66347678
305 E RANDOLPH ST,"305 E RANDOLPH ST Chicago, IL",41.88425185,-87.62045237
1107 W HUBBARD ST,"1107 W HUBBARD ST Chicago, IL",41.88995783,-87.65487229
100 E ONTARIO ST,"100 E ONTARIO ST Chicago, IL",41.89337544,-87.62534378
427 W CHICAGO AVE,"427 W CHICAGO AVE Chicago, IL",41.89647385,-87.63874122
172 N CANAL ST,"172 N CANAL ST Chicago, IL",41.88510289,-87.63990308
1015 W TAYLOR ST,"1015 W TAYLOR ST Chicago, IL",41.86943785,-87.65157359
34 E HARRISON ST,"34 E HARRISON ST Chicago, IL",41.87444798,-87.627088
1436 W ERIE ST,"1436 W ERIE ST Chicago, IL",41.89345164,-87.66380704
56 S DEARBORN ST,"56 S DEARBORN ST Chicago, IL",41.881637,-87.62946978
29 E ILLINOIS ST,"29 E ILLINOIS ST Chicago, IL",41.89081285,-87.62762085
72 N DEARBORN ST,"72 N DEARBORN ST Chicago, IL",41.88240144,-87.62949105
2 W ROOSEVELT RD,"2 W ROOSEVELT RD Chicago, IL",41.86752744,-87.62757669
38 W ROOSEVELT RD,"38 W ROOSEVELT RD Chicago, IL",41.86752744,-87.62862149
1327 W LAKE ST,"1327 W LAKE ST Chicago, IL",41.88540268,-87.6598858
1302 W HUBBARD ST,"1302 W HUBBARD ST Chicago, IL",41.89001844,-87.66011621
647 W WASHINGTON BLVD,"647 W WASHINGTON BLVD Chicago, IL",41.88310472,-87.64466101
638 S WABASH AVE,"638 S WABASH AVE Chicago, IL",41.87368796,-87.62605366
945 W WASHINGTON BLVD,"945 W WASHINGTON BLVD Chicago, IL",41.88301851,-87.65115988
1328 W HUBBARD ST,"1328 W HUBBARD ST Chicago, IL",41.89000944,-87.66050207
1417 W HUBBARD ST,"1417 W HUBBARD ST Chicago, IL",41.88988585,-87.66331121
881 N NOBLE ST,"881 N NOBLE ST Chicago, IL",41.8976267,-87.66236585
410 S HALSTED ST,"410 S HALSTED ST Chicago, IL",41.87656295,-87.64727335
1234 N MILWAUKEE AVE,"1234 N MILWAUKEE AVE Chicago, IL",41.90442215,-87.66825619
499 S HALSTED ST,"499 S HALSTED ST Chicago, IL",41.87615844,-87.6471103
341 N CLINTON ST,"341 N CLINTON ST Chicago, IL",41.8879262,-87.64128649
570 W FULTON ST,"570 W FULTON ST Chicago, IL",41.88686844,-87.6422936
10 E HARRISON ST,"10 E HARRISON ST Chicago, IL",41.87443211,-87.62737364
557 W POLK ST,"557 W POLK ST Chicago, IL",41.87193796,-87.64170342
322 N ORLEANS ST,"322 N ORLEANS ST Chicago, IL",41.887801,-87.63627943
729 W ROOSEVELT RD,"729 W ROOSEVELT RD Chicago, IL",41.86710685,-87.64556679
680 S HALSTED ST,"680 S HALSTED ST Chicago, IL",41.87301114,-87.64725159
81 S CANAL ST,"81 S CANAL ST Chicago, IL",41.88080816,-87.63957606
94 N DEARBORN ST,"94 N DEARBORN ST Chicago, IL",41.88251126,-87.6294952
71 W RANDOLPH ST,"71 W RANDOLPH ST Chicago, IL",41.88442445,-87.62898097
1410 W HUBBARD ST,"1410 W HUBBARD ST Chicago, IL",41.89000044,-87.66297669
1540 N CLYBOURN AVE,"1540 N CLYBOURN AVE Chicago, IL",41.91000248,-87.6483581
522 W ROOSEVELT RD,"522 W ROOSEVELT RD Chicago, IL",41.86730823,-87.64003829
335 S FRANKLIN ST,"335 S FRANKLIN ST Chicago, IL",41.87764795,-87.63511878
912 W LAKE ST,"912 W LAKE ST Chicago, IL",41.88567327,-87.65032133
1467 N ELSTON AVE,"1467 N ELSTON AVE Chicago, IL",41.90840939,-87.66066155
1242 N CLYBOURN AVE,"1242 N CLYBOURN AVE Chicago, IL",41.90451199,-87.64070613
159 E GRAND AVE,"159 E GRAND AVE Chicago, IL",41.8916906,-87.62326179
303 W JACKSON BLVD,"303 W JACKSON BLVD Chicago, IL",41.87804661,-87.63533996
72 N CANAL ST,"72 N CANAL ST Chicago, IL",41.88280609,-87.63979019
82 S CLINTON ST,"82 S CLINTON ST Chicago, IL",41.88134288,-87.64125266
90 S CLINTON ST,"90 S CLINTON ST Chicago, IL",41.88129696,-87.64125112
96 S CLINTON ST,"96 S CLINTON ST Chicago, IL",41.88126249,-87.64124997
310 S CANAL ST,"310 S CANAL ST Chicago, IL",41.87790605,-87.63963431
796 S HALSTED ST,"796 S HALSTED ST Chicago, IL",41.87142692,-87.64720685
174 N DEARBORN ST,"174 N DEARBORN ST Chicago, IL",41.88524082,-87.6295569
867 W HARRISON ST,"867 W HARRISON ST Chicago, IL",41.87431585,-87.64848535
1563 N WELLS ST,"1563 N WELLS ST Chicago, IL",41.91044196,-87.63460832
152 W GRAND AVE,"152 W GRAND AVE Chicago, IL",41.8916658,-87.63233621
1404 W TAYLOR ST,"1404 W TAYLOR ST Chicago, IL",41.86939096,-87.66187652
1477 N HALSTED ST,"1477 N HALSTED ST Chicago, IL",41.90800161,-87.64812417
1421 N ELSTON AVE,"1421 N ELSTON AVE Chicago, IL",41.90753505,-87.6601276
1137 N ORLEANS ST,"1137 N ORLEANS ST Chicago, IL",41.90237061,-87.63731956
385 W JACKSON BLVD,"385 W JACKSON BLVD Chicago, IL",41.87801774,-87.63722133
80 W HARRISON ST,"80 W HARRISON ST Chicago, IL",41.87458344,-87.6304396
865 W HARRISON ST,"865 W HARRISON ST Chicago, IL",41.87431585,-87.64844613
849 W HARRISON ST,"849 W HARRISON ST Chicago, IL",41.87429661,-87.6481421
915 W ROOSEVELT RD,"915 W ROOSEVELT RD Chicago, IL",41.8670546,-87.64963922
0 N COLUMBUS DR,"1 N COLUMBUS DR Chicago, IL",41.8908553,-87.6202164
168 E ILLINOIS ST,"168 E ILLINOIS ST Chicago, IL",41.89100558,-87.62311439
55 E GRAND AVE,"55 E GRAND AVE Chicago, IL",41.89164224,-87.62598076
1534 W LAKE ST,"1534 W LAKE ST Chicago, IL",41.88540748,-87.66599182
1544 N ELSTON AVE,"1544 N ELSTON AVE Chicago, IL",41.90995826,-87.66176916
1522 W LAKE ST,"1522 W LAKE ST Chicago, IL",41.8854095,-87.66582432
1301 W WASHINGTON BLVD,"1301 W WASHINGTON BLVD Chicago, IL",41.88288014,-87.65976887
805 N ELSTON AVE,"805 N ELSTON AVE Chicago, IL",41.8977672,-87.65649931
587 S LOOMIS ST,"587 S LOOMIS ST Chicago, IL",41.8600989,-87.6613417
897 W HARRISON ST,"897 W HARRISON ST Chicago, IL",41.87430841,-87.64907222
1212 W HARRISON ST,"1212 W HARRISON ST Chicago, IL",41.87427155,-87.6572933
945 W ROOSEVELT RD,"945 W ROOSEVELT RD Chicago, IL",41.86704385,-87.65011587
620 W HARRISON ST,"620 W HARRISON ST Chicago, IL",41.87442087,-87.64277112
1180 N MILWAUKEE AVE,"1180 N MILWAUKEE AVE Chicago, IL",41.90304552,-87.66611338
950 N NOBLE ST,"950 N NOBLE ST Chicago, IL",41.89940481,-87.66257033
948 N NOBLE ST,"948 N NOBLE ST Chicago, IL",41.89939121,-87.66257007
47 S CLINTON ST,"47 S CLINTON ST Chicago, IL",41.88096707,-87.64108685
153 S CANAL ST,"153 S CANAL ST Chicago, IL",41.87987499,-87.63954846
575 S LOOMIS ST,"575 S LOOMIS ST Chicago, IL",41.8600989,-87.6613417
1408 W HARRISON ST,"1408 W HARRISON ST Chicago, IL",41.87420166,-87.66199255
26 E ADAMS ST,"26 E ADAMS ST Chicago, IL",41.87956676,-87.62660136
544 W ROOSEVELT RD,"544 W ROOSEVELT RD Chicago, IL",41.86729859,-87.64084768
776 S HALSTED ST,"776 S HALSTED ST Chicago, IL",41.87159409,-87.64720704
38 W ILLINOIS ST,"38 W ILLINOIS ST Chicago, IL",41.89088244,-87.63020115
508 W HARRISON ST,"508 W HARRISON ST Chicago, IL",41.87445425,-87.64022889
614 S DESPLAINES ST,"614 S DESPLAINES ST Chicago, IL",41.87419473,-87.64396117
683 N MILWAUKEE AVE,"683 N MILWAUKEE AVE Chicago, IL",41.8941628,-87.6517234
1441 W HUBBARD ST,"1441 W HUBBARD ST Chicago, IL",41.88987685,-87.66392461
826 N WELLS ST,"826 N WELLS ST Chicago, IL",41.89683916,-87.63428927
810 W TAYLOR ST,"810 W TAYLOR ST Chicago, IL",41.86971444,-87.64734001
1100 S CLINTON ST,"1100 S CLINTON ST Chicago, IL",41.86813995,-87.64082654
0 N FRANKLIN ST,"1 N FRANKLIN ST Chicago, IL",41.88199194,-87.63523686
280 N FRANKLIN ST,"280 N FRANKLIN ST Chicago, IL",41.88657886,-87.63545994
907 S LOOMIS ST,"907 S LOOMIS ST Chicago, IL",41.87008719,-87.6615868
865 W ROOSEVELT RD,"865 W ROOSEVELT RD Chicago, IL",41.86706185,-87.64884838
1345 N CLARK ST,"1345 N CLARK ST Chicago, IL",41.9066936,-87.63161303
744 W ROOSEVELT RD,"744 W ROOSEVELT RD Chicago, IL",41.86722144,-87.645754
957 S HALSTED ST,"957 S HALSTED ST Chicago, IL",41.8701648,-87.64693587
101 N FRANKLIN ST,"101 N FRANKLIN ST Chicago, IL",41.88514699,-87.63531713
103 E GRAND AVE,"103 E GRAND AVE Chicago, IL",41.89167685,-87.62399029
1166 W HARRISON ST,"1166 W HARRISON ST Chicago, IL",41.87429704,-87.65590484
542 S LOOMIS ST,"542 S LOOMIS ST Chicago, IL",41.87469656,-87.66181347
1056 W ROOSEVELT RD,"1056 W ROOSEVELT RD Chicago, IL",41.86714045,-87.65125302
533 S MORGAN ST,"533 S MORGAN ST Chicago, IL",41.87523671,-87.6517633
239 S FRANKLIN ST,"239 S FRANKLIN ST Chicago, IL",41.87863093,-87.63513773
1119 S HALSTED ST,"1119 S HALSTED ST Chicago, IL",41.86693555,-87.64683792
887 N WELLS ST,"887 N WELLS ST Chicago, IL",41.89806844,-87.63417861
41 E HARRISON ST,"41 E HARRISON ST Chicago, IL",41.87433385,-87.62694134
654 S DESPLAINES ST,"654 S DESPLAINES ST Chicago, IL",41.8739035,-87.64395293
538 S MORGAN ST,"538 S MORGAN ST Chicago, IL",41.8752305,-87.65191719
560 S MORGAN ST,"560 S MORGAN ST Chicago, IL",41.87520771,-87.65191719
568 S MORGAN ST,"568 S MORGAN ST Chicago, IL",41.87519943,-87.65191719
820 S LOOMIS ST,"820 S LOOMIS ST Chicago, IL",41.87110741,-87.66177195
906 S LOOMIS ST,"906 S LOOMIS ST Chicago, IL",41.86987244,-87.66173458
1019 W ROOSEVELT RD,"1019 W ROOSEVELT RD Chicago, IL",41.8670027,-87.6511999
845 W ROOSEVELT RD,"845 W ROOSEVELT RD Chicago, IL",41.86706852,-87.64852848
1147 S LOOMIS ST,"1147 S LOOMIS ST Chicago, IL",41.86797064,-87.66152121
1102 N CLARK ST,"1102 N CLARK ST Chicago, IL",41.90193768,-87.63146808
1020 N CLARK ST,"1020 N CLARK ST Chicago, IL",41.9008495,-87.63143424
181 N FRANKLIN ST,"181 N FRANKLIN ST Chicago, IL",41.88557516,-87.63529301
880 W ROOSEVELT RD,"880 W ROOSEVELT RD Chicago, IL",41.86718032,-87.64862496
1448 W ROOSEVELT RD,"1448 W ROOSEVELT RD Chicago, IL",41.86695577,-87.66276877
119 W VAN BUREN ST,"119 W VAN BUREN ST Chicago, IL",41.87682055,-87.63138193
987 W ROOSEVELT RD,"987 W ROOSEVELT RD Chicago, IL",41.8670355,-87.65078003
1407 W ROOSEVELT RD,"1407 W ROOSEVELT RD Chicago, IL",41.86685485,-87.66178641
1245 S HALSTED ST,"1245 S HALSTED ST Chicago, IL",41.86565756,-87.64679615
1107 S LOOMIS ST,"1107 S LOOMIS ST Chicago, IL",41.86808184,-87.66152549
893 W HARRISON ST,"893 W HARRISON ST Chicago, IL",41.87430946,-87.64899378
9 W GRAND AVE,"9 W GRAND AVE Chicago, IL",41.89160454,-87.62841854
607 W ROOSEVELT RD,"607 W ROOSEVELT RD Chicago, IL",41.86715996,-87.64256777
517 W CHICAGO AVE,"517 W CHICAGO AVE Chicago, IL",41.89642885,-87.64182188
620 W CHICAGO AVE,"620 W CHICAGO AVE Chicago, IL",41.89652956,-87.64322182
1443 W HUBBARD ST,"1443 W HUBBARD ST Chicago, IL",41.88987685,-87.66397577
1507 N MILWAUKEE AVE,"1507 N MILWAUKEE AVE Chicago, IL",41.90888966,-87.67501912
1509 N MILWAUKEE AVE,"1509 N MILWAUKEE AVE Chicago, IL",41.90893333,-87.67508462
1429 W ERIE ST,"1429 W ERIE ST Chicago, IL",41.89334311,-87.66349274
1515 N ELSTON AVE,"1515 N ELSTON AVE Chicago, IL",41.90928584,-87.66119156
1111 W HUBBARD ST,"1111 W HUBBARD ST Chicago, IL",41.88995353,-87.65500544
440 N HALSTED ST,"440 N HALSTED ST Chicago, IL",41.89054498,-87.64768907
672 N NOBLE ST,"672 N NOBLE ST Chicago, IL",41.89407785,-87.66242396
949 W CHICAGO AVE,"949 W CHICAGO AVE Chicago, IL",41.89627794,-87.65104992
988 S HALSTED ST,"988 S HALSTED ST Chicago, IL",41.86980779,-87.64714269
1300 N ELSTON AVE,"1300 N ELSTON AVE Chicago, IL",41.90541936,-87.65968818
508 W ROOSEVELT RD,"508 W ROOSEVELT RD Chicago, IL",41.86731144,-87.63956454
1436 W HUBBARD ST,"1436 W HUBBARD ST Chicago, IL",41.88999569,-87.6637029
1184 N MILWAUKEE AVE,"1184 N MILWAUKEE AVE Chicago, IL",41.9030973,-87.66619446
625 S LOOMIS ST,"625 S LOOMIS ST Chicago, IL",41.87341469,-87.6616875
927 S LYTLE ST,"927 S LYTLE ST Chicago, IL",41.86971128,-87.65822753
526 W CHICAGO AVE,"526 W CHICAGO AVE Chicago, IL",41.89654344,-87.64194773
821 N ELSTON AVE,"821 N ELSTON AVE Chicago, IL",41.89779699,-87.65650024
1517 W ERIE ST,"1517 W ERIE ST Chicago, IL",41.89330605,-87.66589426
1427 W ERIE ST,"1427 W ERIE ST Chicago, IL",41.89334383,-87.66341508
1343 W HUBBARD ST,"1343 W HUBBARD ST Chicago, IL",41.88989485,-87.66079927
1213 W HUBBARD ST,"1213 W HUBBARD ST Chicago, IL",41.88993085,-87.65758518
1108 N ORLEANS ST,"1108 N ORLEANS ST Chicago, IL",41.90297354,-87.63749436
1344 N ELSTON AVE,"1344 N ELSTON AVE Chicago, IL",41.90641118,-87.65986967
830 N NOBLE ST,"830 N NOBLE ST Chicago, IL",41.89700924,-87.66250165
1414 W ERIE ST,"1414 W ERIE ST Chicago, IL",41.89346271,-87.66295105
1478 W ERIE ST,"1478 W ERIE ST Chicago, IL",41.89343421,-87.66499812
346 E RANDOLPH ST,"346 E RANDOLPH ST Chicago, IL",41.88457344,-87.61954167
475 E ILLINOIS ST,"475 E ILLINOIS ST Chicago, IL",41.89102615,-87.61582217
615 S LOOMIS ST,"615 S LOOMIS ST Chicago, IL",41.87370574,-87.66169685
751 N STATE ST,"751 N STATE ST Chicago, IL",41.8960292,-87.62810572
850 N NOBLE ST,"850 N NOBLE ST Chicago, IL",41.89734888,-87.66251229
738 S HALSTED ST,"738 S HALSTED ST Chicago, IL",41.87208633,-87.64721803
1326 N DEARBORN PKWY,"1326 N DEARBORN PKWY Chicago, IL",41.90654612,-87.63014225
911 S LOOMIS ST,"911 S LOOMIS ST Chicago, IL",41.8699936,-87.66158497
104 S DESPLAINES ST,"104 S DESPLAINES ST Chicago, IL",41.88036777,-87.64415387
1346 W HUBBARD ST,"1346 W HUBBARD ST Chicago, IL",41.89000944,-87.66076955
851 N ELSTON AVE,"851 N ELSTON AVE Chicago, IL",41.89785276,-87.65650197
1152 W LAKE ST,"1152 W LAKE ST Chicago, IL",41.88558961,-87.65508912
1435 W ROOSEVELT RD,"1435 W ROOSEVELT RD Chicago, IL",41.86684444,-87.66243953
815 W ROOSEVELT RD,"815 W ROOSEVELT RD Chicago, IL",41.86707985,-87.64805638
1507 N DEARBORN ST,"1507 N DEARBORN ST Chicago, IL",41.90961341,-87.6300818
278 S FRANKLIN ST,"278 S FRANKLIN ST Chicago, IL",41.87826271,-87.63528569
316 W MADISON ST,"316 W MADISON ST Chicago, IL",41.88198869,-87.63577492
706 S WABASH AVE,"706 S WABASH AVE Chicago, IL",41.87299286,-87.6260399
134 S DEARBORN ST,"134 S DEARBORN ST Chicago, IL",41.87983944,-87.62943388
263 S FRANKLIN ST,"263 S FRANKLIN ST Chicago, IL",41.87844436,-87.6351341
1417 W ERIE ST,"1417 W ERIE ST Chicago, IL",41.89334741,-87.6630268
1093 W HUBBARD ST,"1093 W HUBBARD ST Chicago, IL",41.88995785,-87.65444566
529 S MORGAN ST,"529 S MORGAN ST Chicago, IL",41.87524085,-87.6517633
930 W CHICAGO AVE,"930 W CHICAGO AVE Chicago, IL",41.89639944,-87.65047725
71 W CHICAGO AVE,"71 W CHICAGO AVE Chicago, IL",41.89658185,-87.63082898
806 W HUBBARD ST,"806 W HUBBARD ST Chicago, IL",41.89014444,-87.64786341
657 S CANAL ST,"657 S CANAL ST Chicago, IL",41.87371915,-87.63933515
236 S DEARBORN ST,"236 S DEARBORN ST Chicago, IL",41.87895863,-87.6294172
331 N ORLEANS ST,"331 N ORLEANS ST Chicago, IL",41.88788077,-87.63616675
920 N NOBLE ST,"920 N NOBLE ST Chicago, IL",41.89873108,-87.6625515
1432 W ERIE ST,"1432 W ERIE ST Chicago, IL",41.89345589,-87.66365182
1460 W ERIE ST,"1460 W ERIE ST Chicago, IL",41.89344264,-87.66454318
8 N CANAL ST,"8 N CANAL ST Chicago, IL",41.88201859,-87.63976504
1131 N ORLEANS ST,"1131 N ORLEANS ST Chicago, IL",41.90232969,-87.63731799
11 W ILLINOIS ST,"11 W ILLINOIS ST Chicago, IL",41.89080159,-87.62847333
750 N NOBLE ST,"750 N NOBLE ST Chicago, IL",41.89583142,-87.66247556
1437 W ERIE ST,"1437 W ERIE ST Chicago, IL",41.89333712,-87.66380138
1464 W ERIE ST,"1464 W ERIE ST Chicago, IL",41.89344076,-87.66464428
273 S LA SALLE ST,"273 S LA SALLE ST Chicago, IL",41.87836672,-87.63218636
954 N NOBLE ST,"954 N NOBLE ST Chicago, IL",41.89943201,-87.66257086
1035 N ORLEANS ST,"1035 N ORLEANS ST Chicago, IL",41.90141597,-87.63728165
448 N HALSTED ST,"448 N HALSTED ST Chicago, IL",41.89062527,-87.64769074
1368 W HUBBARD ST,"1368 W HUBBARD ST Chicago, IL",41.89000044,-87.66140494
1420 W ERIE ST,"1420 W ERIE ST Chicago, IL",41.89346056,-87.66318402
1463 W ERIE ST,"1463 W ERIE ST Chicago, IL",41.89332714,-87.6645899
727 N NOBLE ST,"727 N NOBLE ST Chicago, IL",41.89513699,-87.6622998
1173 W HUBBARD ST,"1173 W HUBBARD ST Chicago, IL",41.88993985,-87.65669978
445 N HALSTED ST,"445 N HALSTED ST Chicago, IL",41.8903619,-87.6473442
22 W MONROE ST,"22 W MONROE ST Chicago, IL",41.88079344,-87.62848161
1461 W ERIE ST,"1461 W ERIE ST Chicago, IL",41.89332808,-87.66453936
57 W CHICAGO AVE,"57 W CHICAGO AVE Chicago, IL",41.89658603,-87.6306154
1538 W HARRISON ST,"1538 W HARRISON ST Chicago, IL",41.87420141,-87.66407761
1067 W ROOSEVELT RD,"1067 W ROOSEVELT RD Chicago, IL",41.867002,-87.6512774
1511 W LAKE ST,"1511 W LAKE ST Chicago, IL",41.88529853,-87.6656526
434 E ILLINOIS ST,"434 E ILLINOIS ST Chicago, IL",41.89112345,-87.61678065
1448 W ERIE ST,"1448 W ERIE ST Chicago, IL",41.89344744,-87.66423797
1479 W ERIE ST,"1479 W ERIE ST Chicago, IL",41.89331966,-87.66499429
148 N DEARBORN ST,"148 N DEARBORN ST Chicago, IL",41.8848996,-87.62954899
700 W FULTON ST,"700 W FULTON ST Chicago, IL",41.88685944,-87.64578371
812 W LAKE ST,"812 W LAKE ST Chicago, IL",41.885708,-87.64816168
1034 W LAKE ST,"1034 W LAKE ST Chicago, IL",41.88561744,-87.65344373
401 N DEARBORN ST,"401 N DEARBORN ST Chicago, IL",41.88969522,-87.62952085
85 W HARRISON ST,"85 W HARRISON ST Chicago, IL",41.87446885,-87.63047774
956 N NOBLE ST,"956 N NOBLE ST Chicago, IL",41.8994456,-87.66257112
923 N NOBLE ST,"923 N NOBLE ST Chicago, IL",41.89871186,-87.66239704
934 N NOBLE ST,"934 N NOBLE ST Chicago, IL",41.89902967,-87.66255897
1027 N WELLS ST,"1027 N WELLS ST Chicago, IL",41.90127204,-87.63430169
907 N WELLS ST,"907 N WELLS ST Chicago, IL",41.89919225,-87.6342242
8 E MADISON ST,"8 E MADISON ST Chicago, IL",41.88211796,-87.62751629
1206 W HARRISON ST,"1206 W HARRISON ST Chicago, IL",41.87427386,-87.65715082
659 W WASHINGTON BLVD,"659 W WASHINGTON BLVD Chicago, IL",41.88310315,-87.64477
734 S LOOMIS ST,"734 S LOOMIS ST Chicago, IL",41.87234958,-87.66180923
730 S LOOMIS ST,"730 S LOOMIS ST Chicago, IL",41.87240949,-87.66181137
423 S MORGAN ST,"423 S MORGAN ST Chicago, IL",41.87632509,-87.65179083
188 S FRANKLIN ST,"188 S FRANKLIN ST Chicago, IL",41.8795417,-87.63531843
250 E RANDOLPH ST,"250 E RANDOLPH ST Chicago, IL",41.88457344,-87.62148909
217 N OGDEN AVE,"217 N OGDEN AVE Chicago, IL",41.88604918,-87.66236815
232 N DEARBORN ST,"232 N DEARBORN ST Chicago, IL",41.88613819,-87.62958643
124 E GRAND AVE,"124 E GRAND AVE Chicago, IL",41.89179144,-87.62370432
318 N STATE ST,"318 N STATE ST Chicago, IL",41.88810283,-87.62810153
280 S CLINTON ST,"280 S CLINTON ST Chicago, IL",41.87820185,-87.64115497
497 W JACKSON BLVD,"497 W JACKSON BLVD Chicago, IL",41.87798785,-87.63945691
1147 S WABASH AVE,"1147 S WABASH AVE Chicago, IL",41.86808219,-87.6257598
846 W ROOSEVELT RD,"846 W ROOSEVELT RD Chicago, IL",41.86719444,-87.64783739
1272 W TAYLOR ST,"1272 W TAYLOR ST Chicago, IL",41.86945345,-87.65815646
481 S LOOMIS ST,"481 S LOOMIS ST Chicago, IL",41.8600958,-87.6614226
14 E JACKSON BLVD,"14 E JACKSON BLVD Chicago, IL",41.87827665,-87.62721173
282 E RANDOLPH ST,"282 E RANDOLPH ST Chicago, IL",41.88457344,-87.62102651
621 W HARRISON ST,"621 W HARRISON ST Chicago, IL",41.87430629,-87.64276901
1173 S LOOMIS ST,"1173 S LOOMIS ST Chicago, IL",41.86789671,-87.6615193
1093 S LOOMIS ST,"1093 S LOOMIS ST Chicago, IL",41.86864274,-87.66154451
1025 S LOOMIS ST,"1025 S LOOMIS ST Chicago, IL",41.86913961,-87.6615598
479 S LOOMIS ST,"479 S LOOMIS ST Chicago, IL",41.87512327,-87.6618214
431 S MORGAN ST,"431 S MORGAN ST Chicago, IL",41.87624368,-87.65178874
1443 W ROOSEVELT RD,"1443 W ROOSEVELT RD Chicago, IL",41.86684258,-87.66262649
1075 W ROOSEVELT RD,"1075 W ROOSEVELT RD Chicago, IL",41.8666891,-87.6539712
1193 W TAYLOR ST,"1193 W TAYLOR ST Chicago, IL",41.86936856,-87.65608072
122 S MICHIGAN AVE,"122 S MICHIGAN AVE Chicago, IL",41.88030259,-87.62451308
370 W CHICAGO AVE,"370 W CHICAGO AVE Chicago, IL",41.89660305,-87.63777117
1056 W CHICAGO AVE,"1056 W CHICAGO AVE Chicago, IL",41.89632744,-87.65492884
99 S CANAL ST,"99 S CANAL ST Chicago, IL",41.88065094,-87.63957036
1418 W HUBBARD ST,"1418 W HUBBARD ST Chicago, IL",41.89000044,-87.66312116
1528 W HUBBARD ST,"1528 W HUBBARD ST Chicago, IL",41.88995544,-87.66598252
48 W JACKSON BLVD,"48 W JACKSON BLVD Chicago, IL",41.87823744,-87.62819827
1510 W JACKSON BLVD,"1510 W JACKSON BLVD Chicago, IL",41.87771902,-87.66461964
1508 W JACKSON BLVD,"1508 W JACKSON BLVD Chicago, IL",41.87771982,-87.66457613
450 S LOOMIS ST,"450 S LOOMIS ST Chicago, IL",41.87547947,-87.66183531
1333 W ROOSEVELT RD,"1333 W ROOSEVELT RD Chicago, IL",41.86688466,-87.65994841
1211 W ROOSEVELT RD,"1211 W ROOSEVELT RD Chicago, IL",41.86693548,-87.65695531
1276 N CLYBOURN AVE,"1276 N CLYBOURN AVE Chicago, IL",41.90520269,-87.64167545
73 W ILLINOIS ST,"73 W ILLINOIS ST Chicago, IL",41.89077511,-87.63041121
1178 N MILWAUKEE AVE,"1178 N MILWAUKEE AVE Chicago, IL",41.90301963,-87.66607284
1193 W HUBBARD ST,"1193 W HUBBARD ST Chicago, IL",41.88993085,-87.65717356
158 W ONTARIO ST,"158 W ONTARIO ST Chicago, IL",41.89325844,-87.63306591
205 W ONTARIO ST,"205 W ONTARIO ST Chicago, IL",41.8931243,-87.63479759
306 N ORLEANS ST,"306 N ORLEANS ST Chicago, IL",41.88777927,-87.63625874
330 N ORLEANS ST,"330 N ORLEANS ST Chicago, IL",41.88781439,-87.63629222
1551 N DEARBORN ST,"1551 N DEARBORN ST Chicago, IL",41.91034611,-87.63010303
361 E RANDOLPH ST,"361 E RANDOLPH ST Chicago, IL",41.88427999,-87.61894984
862 N NOBLE ST,"862 N NOBLE ST Chicago, IL",41.89748975,-87.66251699
979 W HUBBARD ST,"979 W HUBBARD ST Chicago, IL",41.88998485,-87.65191686
1114 W LAKE ST,"1114 W LAKE ST Chicago, IL",41.88559944,-87.65469427
839 W LAKE ST,"839 W LAKE ST Chicago, IL",41.88559455,-87.64810218
678 S HALSTED ST,"678 S HALSTED ST Chicago, IL",41.87304303,-87.64725275
525 W CHICAGO AVE,"525 W CHICAGO AVE Chicago, IL",41.89642885,-87.64192256
314 N HALSTED ST,"314 N HALSTED ST Chicago, IL",41.8869657,-87.6476284
53 E ILLINOIS ST,"53 E ILLINOIS ST Chicago, IL",41.89081436,-87.62732569
92 E ILLINOIS ST,"92 E ILLINOIS ST Chicago, IL",41.89096588,-87.62554399
1279 W WASHINGTON BLVD,"1279 W WASHINGTON BLVD Chicago, IL",41.88289602,-87.65844153
1532 W WASHINGTON BLVD,"1532 W WASHINGTON BLVD Chicago, IL",41.88319525,-87.66546408
264 E RANDOLPH ST,"264 E RANDOLPH ST Chicago, IL",41.88457344,-87.62128671
271 S FRANKLIN ST,"271 S FRANKLIN ST Chicago, IL",41.87838249,-87.63513331
246 S WELLS ST,"246 S WELLS ST Chicago, IL",41.87852269,-87.63381796
1424 N HALSTED ST,"1424 N HALSTED ST Chicago, IL",41.90708877,-87.64825727
900 N ELSTON AVE,"900 N ELSTON AVE Chicago, IL",41.89843072,-87.65667721
31 N OGDEN AVE,"31 N OGDEN AVE Chicago, IL",41.88197875,-87.66544297
18 W GRAND AVE,"18 W GRAND AVE Chicago, IL",41.89171944,-87.62838556
15 W WASHINGTON ST,"15 W WASHINGTON ST Chicago, IL",41.88316101,-87.62837449
1458 W ERIE ST,"1458 W ERIE ST Chicago, IL",41.89344357,-87.66449264
89 S CANAL ST,"89 S CANAL ST Chicago, IL",41.8807383,-87.6395735
225 N CANAL ST,"225 N CANAL ST Chicago, IL",41.88602153,-87.63976836
102 E CHICAGO AVE,"102 E CHICAGO AVE Chicago, IL",41.89676844,-87.62541891
1046 W LAKE ST,"1046 W LAKE ST Chicago, IL",41.88561639,-87.65362364
1557 W WARREN BLVD,"1557 W WARREN BLVD Chicago, IL",41.88232585,-87.66586925
1456 W HUBBARD ST,"1456 W HUBBARD ST Chicago, IL",41.88998453,-87.66425474
1512 W HUBBARD ST,"1512 W HUBBARD ST Chicago, IL",41.88995544,-87.66574161
1538 W WARREN BLVD,"1538 W WARREN BLVD Chicago, IL",41.8822984,-87.6656883
897 W LAKE ST,"897 W LAKE ST Chicago, IL",41.88558571,-87.64854644
1575 W TAYLOR ST,"1575 W TAYLOR ST Chicago, IL",41.86922185,-87.6654976
959 N DEARBORN ST,"959 N DEARBORN ST Chicago, IL",41.89943865,-87.62976872
1459 N HALSTED ST,"1459 N HALSTED ST Chicago, IL",41.90757996,-87.64811399
1461 N HALSTED ST,"1461 N HALSTED ST Chicago, IL",41.90762679,-87.64811474
1516 N ELSTON AVE,"1516 N ELSTON AVE Chicago, IL",41.90939825,-87.66142912
222 S FRANKLIN ST,"222 S FRANKLIN ST Chicago, IL",41.8785367,-87.6352892
190 S FRANKLIN ST,"190 S FRANKLIN ST Chicago, IL",41.87951814,-87.63531759
57 S CANAL ST,"57 S CANAL ST Chicago, IL",41.88101772,-87.63958372
1418 W ERIE ST,"1418 W ERIE ST Chicago, IL",41.89346127,-87.66310636
419 W ADAMS ST,"419 W ADAMS ST Chicago, IL",41.87926585,-87.63871987
1559 N CLARK ST,"1559 N CLARK ST Chicago, IL",41.90953508,-87.63153334
83 N DEARBORN ST,"83 N DEARBORN ST Chicago, IL",41.88305411,-87.62936084
240 N DEARBORN ST,"240 N DEARBORN ST Chicago, IL",41.88622073,-87.62958877
408 W ADAMS ST,"408 W ADAMS ST Chicago, IL",41.87938194,-87.63862721
405 W ADAMS ST,"405 W ADAMS ST Chicago, IL",41.87927121,-87.6385706
430 W ADAMS ST,"430 W ADAMS ST Chicago, IL",41.87938034,-87.63884269
452 W ADAMS ST,"452 W ADAMS ST Chicago, IL",41.87937687,-87.63906485
9 W ILLINOIS ST,"9 W ILLINOIS ST Chicago, IL",41.89080295,-87.62840159
1332 W HUBBARD ST,"1332 W HUBBARD ST Chicago, IL",41.89000944,-87.66056151
469 S LOOMIS ST,"469 S LOOMIS ST Chicago, IL",41.8444321,-87.6599445
852 N ELSTON AVE,"852 N ELSTON AVE Chicago, IL",41.89792074,-87.65665796
701 W ROOSEVELT RD,"701 W ROOSEVELT RD Chicago, IL",41.86710685,-87.64523919
951 S CANAL ST,"951 S CANAL ST Chicago, IL",41.87050782,-87.63922642
309 W HARRISON ST,"309 W HARRISON ST Chicago, IL",41.87438547,-87.63656043
285 W HARRISON ST,"285 W HARRISON ST Chicago, IL",41.87440911,-87.63482223
1573 W WARREN BLVD,"1573 W WARREN BLVD Chicago, IL",41.88232585,-87.66603955
63 S CANAL ST,"63 S CANAL ST Chicago, IL",41.88096533,-87.63958181
185 N CANAL ST,"185 N CANAL ST Chicago, IL",41.88547728,-87.6397649
732 N STATE ST,"732 N STATE ST Chicago, IL",41.89519796,-87.62824007
897 W ROOSEVELT RD,"897 W ROOSEVELT RD Chicago, IL",41.86705885,-87.64935399
100 E CHICAGO AVE,"100 E CHICAGO AVE Chicago, IL",41.89676844,-87.62542928
1187 W TAYLOR ST,"1187 W TAYLOR ST Chicago, IL",41.86936982,-87.65601254
1424 W ERIE ST,"1424 W ERIE ST Chicago, IL",41.89345913,-87.66333933
413 W MADISON ST,"413 W MADISON ST Chicago, IL",41.88183085,-87.63875999
909 N DEARBORN ST,"909 N DEARBORN ST Chicago, IL",41.89938326,-87.62976692
936 N WELLS ST,"936 N WELLS ST Chicago, IL",41.9000629,-87.63441008
441 W WASHINGTON ST,"441 W WASHINGTON ST Chicago, IL",41.88318785,-87.63943301
341 N DESPLAINES ST,"341 N DESPLAINES ST Chicago, IL",41.88818472,-87.64423599
1015 N CLARK ST,"1015 N CLARK ST Chicago, IL",41.90077968,-87.63127865
839 N NOBLE ST,"839 N NOBLE ST Chicago, IL",41.89687451,-87.66234381
1229 N CLARK ST,"1229 N CLARK ST Chicago, IL",41.86674719,-87.63034146
913 W HUBBARD ST,"913 W HUBBARD ST Chicago, IL",41.88999385,-87.65076395
814 W HUBBARD ST,"814 W HUBBARD ST Chicago, IL",41.890138,-87.6481014
500 W GRAND AVE,"500 W GRAND AVE Chicago, IL",41.89155112,-87.63996385
435 W CHICAGO AVE,"435 W CHICAGO AVE Chicago, IL",41.89647069,-87.6391681
30 E GRAND AVE,"30 E GRAND AVE Chicago, IL",41.89174768,-87.62639259
587 S MORGAN ST,"587 S MORGAN ST Chicago, IL",41.87518078,-87.6517633
640 N WELLS ST,"640 N WELLS ST Chicago, IL",41.89369442,-87.63420144
1501 W LAKE ST,"1501 W LAKE ST Chicago, IL",41.88530263,-87.6655131
502 S HALSTED ST,"502 S HALSTED ST Chicago, IL",41.87498749,-87.64722819
1408 W ERIE ST,"1408 W ERIE ST Chicago, IL",41.89346485,-87.66271808
855 W TAYLOR ST,"855 W TAYLOR ST Chicago, IL",41.86944266,-87.64889386
64 E GRAND AVE,"64 E GRAND AVE Chicago, IL",41.8917582,-87.62592147
1155 W HUBBARD ST,"1155 W HUBBARD ST Chicago, IL",41.88993985,-87.65642171
1139 W HUBBARD ST,"1139 W HUBBARD ST Chicago, IL",41.88994885,-87.65601988
813 S LOOMIS ST,"813 S LOOMIS ST Chicago, IL",41.87153255,-87.66162956
1300 N WELLS ST,"1300 N WELLS ST Chicago, IL",41.90674747,-87.63465329
23 E WASHINGTON ST,"23 E WASHINGTON ST Chicago, IL",41.88316285,-87.62652656
1500 N ELSTON AVE,"1500 N ELSTON AVE Chicago, IL",41.90907872,-87.66123462
460 E GRAND AVE,"460 E GRAND AVE Chicago, IL",41.89192086,-87.61655632
1300 W CHICAGO AVE,"1300 W CHICAGO AVE Chicago, IL",41.89623744,-87.66050321
780 N KINGSBURY ST,"780 N KINGSBURY ST Chicago, IL",41.89620856,-87.64160829
1232 W CHICAGO AVE,"1232 W CHICAGO AVE Chicago, IL",41.89625544,-87.65935208
600 W ROOSEVELT RD,"600 W ROOSEVELT RD Chicago, IL",41.86727544,-87.64226469
614 S HALSTED ST,"614 S HALSTED ST Chicago, IL",41.87406351,-87.64728978
944 N NOBLE ST,"944 N NOBLE ST Chicago, IL",41.899263,-87.66256756
955 N DEARBORN ST,"955 N DEARBORN ST Chicago, IL",41.89940738,-87.62976771
88 E GRAND AVE,"88 E GRAND AVE Chicago, IL",41.8917662,-87.62559007
1419 W ERIE ST,"1419 W ERIE ST Chicago, IL",41.89334669,-87.66310446
1149 W HUBBARD ST,"1149 W HUBBARD ST Chicago, IL",41.88993985,-87.65619631
953 W HUBBARD ST,"953 W HUBBARD ST Chicago, IL",41.88999225,-87.65143988
289 E RANDOLPH ST,"289 E RANDOLPH ST Chicago, IL",41.88424558,-87.62099489
348 E RANDOLPH ST,"348 E RANDOLPH ST Chicago, IL",41.88457344,-87.61949163
330 E RANDOLPH ST,"330 E RANDOLPH ST Chicago, IL",41.88457344,-87.6199791
192 E RANDOLPH ST,"192 E RANDOLPH ST Chicago, IL",41.88452844,-87.62384575
34 E 8TH ST,"34 E 8TH ST Chicago, IL",41.87186796,-87.62720764
736 S DEARBORN ST,"736 S DEARBORN ST Chicago, IL",41.87295747,-87.62923256
318 S DEARBORN ST,"318 S DEARBORN ST Chicago, IL",41.8778545,-87.6293994
118 N MORGAN ST,"118 N MORGAN ST Chicago, IL",41.88491726,-87.65219559
8 S MORGAN ST,"8 S MORGAN ST Chicago, IL",41.88115663,-87.65208816
6 S MORGAN ST,"6 S MORGAN ST Chicago, IL",41.88116028,-87.65208835
10 S MORGAN ST,"10 S MORGAN ST Chicago, IL",41.88115114,-87.65208805
14 S MORGAN ST,"14 S MORGAN ST Chicago, IL",41.88114016,-87.65208784
813 W MONROE ST,"813 W MONROE ST Chicago, IL",41.88042236,-87.64819815
167 W ILLINOIS ST,"167 W ILLINOIS ST Chicago, IL",41.89074085,-87.63284869
660 N WELLS ST,"660 N WELLS ST Chicago, IL",41.89411455,-87.63421331
496 S HALSTED ST,"496 S HALSTED ST Chicago, IL",41.87616768,-87.64726419
778 S HALSTED ST,"778 S HALSTED ST Chicago, IL",41.87157722,-87.64720685
941 N NOBLE ST,"941 N NOBLE ST Chicago, IL",41.89940206,-87.66241631
1459 W HUBBARD ST,"1459 W HUBBARD ST Chicago, IL",41.88986596,-87.66438246
424 N MILWAUKEE AVE,"424 N MILWAUKEE AVE Chicago, IL",41.89021836,-87.64622032
113 N MICHIGAN AVE,"113 N MICHIGAN AVE Chicago, IL",41.88461558,-87.62438124
303 E RANDOLPH ST,"303 E RANDOLPH ST Chicago, IL",41.88425185,-87.62046358
602 S FEDERAL ST,"602 S FEDERAL ST Chicago, IL",41.87446129,-87.6297435
408 E WACKER DR,"408 E WACKER DR Chicago, IL",41.8870429,-87.6267964
332 E WACKER DR,"332 E WACKER DR Chicago, IL",41.87770563,-87.63696421
322 E WACKER DR,"322 E WACKER DR Chicago, IL",41.87780415,-87.63697119
1330 W HUBBARD ST,"1330 W HUBBARD ST Chicago, IL",41.89000944,-87.66053179
311 E RANDOLPH ST,"311 E RANDOLPH ST Chicago, IL",41.88425185,-87.62041873
122 E GRAND AVE,"122 E GRAND AVE Chicago, IL",41.89179144,-87.62373031
600 N KINGSBURY ST,"600 N KINGSBURY ST Chicago, IL",41.89311625,-87.64124808
0 E ADAMS ST,"1 E ADAMS ST Chicago, IL",41.87944493,-87.62760388
360 N DEARBORN ST,"360 N DEARBORN ST Chicago, IL",41.88863933,-87.62964205
653 S JEFFERSON ST,"653 S JEFFERSON ST Chicago, IL",41.87395287,-87.64233311
670 S CANAL ST,"670 S CANAL ST Chicago, IL",41.87355554,-87.63948309
682 S CANAL ST,"682 S CANAL ST Chicago, IL",41.87341804,-87.63947785
845 W HARRISON ST,"845 W HARRISON ST Chicago, IL",41.87429029,-87.64806412
823 W HARRISON ST,"823 W HARRISON ST Chicago, IL",41.87425982,-87.64763474
201 W WASHINGTON ST,"201 W WASHINGTON ST Chicago, IL",41.88315385,-87.63393521
624 W JACKSON BLVD,"624 W JACKSON BLVD Chicago, IL",41.87805744,-87.64293282
612 W LAKE ST,"612 W LAKE ST Chicago, IL",41.88576144,-87.64343378
618 W LAKE ST,"618 W LAKE ST Chicago, IL",41.88576144,-87.64365601
644 W LAKE ST,"644 W LAKE ST Chicago, IL",41.88575244,-87.64409898
810 W FULTON MARKET,"810 W FULTON MARKET Chicago, IL",41.88683621,-87.64931519
900 W FULTON MARKET,"900 W FULTON MARKET Chicago, IL",41.88682344,-87.64991921
906 W FULTON MARKET,"906 W FULTON MARKET Chicago, IL",41.88682266,-87.65013732
1046 W FULTON MARKET,"1046 W FULTON MARKET Chicago, IL",41.88677448,-87.65388082
1108 W FULTON MARKET,"1108 W FULTON MARKET Chicago, IL",41.88674121,-87.65487271
1315 W FULTON ST,"1315 W FULTON ST Chicago, IL",41.88655933,-87.66093412
224 N MORGAN ST,"224 N MORGAN ST Chicago, IL",41.88627465,-87.65223813
312 W KINZIE ST,"312 W KINZIE ST Chicago, IL",41.88918887,-87.63716104
424 W ONTARIO ST,"424 W ONTARIO ST Chicago, IL",41.89317847,-87.63928248
432 W ONTARIO ST,"432 W ONTARIO ST Chicago, IL",41.89317623,-87.63947558
440 W ONTARIO ST,"440 W ONTARIO ST Chicago, IL",41.89317398,-87.63966868
673 N HUDSON AVE,"673 N HUDSON AVE Chicago, IL",41.89424515,-87.63992582
429 W SUPERIOR ST,"429 W SUPERIOR ST Chicago, IL",41.89546433,-87.63978306
328 W SUPERIOR ST,"328 W SUPERIOR ST Chicago, IL",41.89560744,-87.63740836
1579 W WARREN BLVD,"1579 W WARREN BLVD Chicago, IL",41.88232585,-87.66610341
343 E CHICAGO AVE,"343 E CHICAGO AVE Chicago, IL",41.89674361,-87.61962296
270 E PEARSON ST,"270 E PEARSON ST Chicago, IL",41.89771288,-87.61895479
233 E DELAWARE PL,"233 E DELAWARE PL Chicago, IL",41.89919993,-87.62064781
257 E DELAWARE PL,"257 E DELAWARE PL Chicago, IL",41.89921137,-87.61984129
246 E WALTON PL,"246 E WALTON PL Chicago, IL",41.90011697,-87.6210343
1015 N RUSH ST,"1015 N RUSH ST Chicago, IL",41.90123837,-87.62765687
1133 N STATE ST,"1133 N STATE ST Chicago, IL",41.90297805,-87.62847381
88 W ELM ST,"88 W ELM ST Chicago, IL",41.90319444,-87.63122172
116 W ELM ST,"116 W ELM ST Chicago, IL",41.90318573,-87.63172579
1467 N CLARK ST,"1467 N CLARK ST Chicago, IL",41.90848775,-87.6315093
1456 W TAYLOR ST,"1456 W TAYLOR ST Chicago, IL",41.86936947,-87.66335575
225 W CHESTNUT ST,"225 W CHESTNUT ST Chicago, IL",41.8981362,-87.63518608
318 W CHESTNUT ST,"318 W CHESTNUT ST Chicago, IL",41.89822644,-87.63644471
933 N ORLEANS ST,"933 N ORLEANS ST Chicago, IL",41.89997401,-87.63722288
1114 N ORLEANS ST,"1114 N ORLEANS ST Chicago, IL",41.90302493,-87.63749605
750 N ORLEANS ST,"750 N ORLEANS ST Chicago, IL",41.89619243,-87.63724046
221 W ERIE ST,"221 W ERIE ST Chicago, IL",41.8939235,-87.63493939
649 W ROOSEVELT RD,"649 W ROOSEVELT RD Chicago, IL",41.86714285,-87.64381588
242 S STATE ST,"242 S STATE ST Chicago, IL",41.87890071,-87.6277725
220 S STATE ST,"220 S STATE ST Chicago, IL",41.87916241,-87.62777946
35 N STATE ST,"35 N STATE ST Chicago, IL",41.88283316,-87.62778091
121 N STATE ST,"121 N STATE ST Chicago, IL",41.88410314,-87.62782046
226 N STATE ST,"226 N STATE ST Chicago, IL",41.88647456,-87.62803242
65 S FRANKLIN ST,"65 S FRANKLIN ST Chicago, IL",41.88152261,-87.63522381
297 E RANDOLPH ST,"297 E RANDOLPH ST Chicago, IL",41.88424927,-87.62082611
108 W ADAMS ST,"108 W ADAMS ST Chicago, IL",41.87945574,-87.63247907
1000 W MADISON ST,"1000 W MADISON ST Chicago, IL",41.88174244,-87.65286542
1006 W MADISON ST,"1006 W MADISON ST Chicago, IL",41.88174644,-87.65293945
1146 W MADISON ST,"1146 W MADISON ST Chicago, IL",41.88172494,-87.65610967
1200 W WASHINGTON BLVD,"1200 W WASHINGTON BLVD Chicago, IL",41.88302544,-87.6577267
845 W RANDOLPH ST,"845 W RANDOLPH ST Chicago, IL",41.88421184,-87.64886034
841 W RANDOLPH ST,"841 W RANDOLPH ST Chicago, IL",41.88421278,-87.64879876
335 E CHICAGO AVE,"335 E CHICAGO AVE Chicago, IL",41.89674182,-87.61975123
381 E CHICAGO AVE,"381 E CHICAGO AVE Chicago, IL",41.89675137,-87.61901361
336 E HURON ST,"336 E HURON ST Chicago, IL",41.89508724,-87.61910395
265 E SUPERIOR ST,"265 E SUPERIOR ST Chicago, IL",41.89572073,-87.62121249
327 E PEARSON ST,"327 E PEARSON ST Chicago, IL",41.8976494,-87.6197523
323 E PEARSON ST,"323 E PEARSON ST Chicago, IL",41.8976494,-87.6197523
281 E PEARSON ST,"281 E PEARSON ST Chicago, IL",41.89758042,-87.62053383
878 N RUSH ST,"878 N RUSH ST Chicago, IL",41.89806556,-87.62630609
888 N RUSH ST,"888 N RUSH ST Chicago, IL",41.89817501,-87.62636082
156 W DIVISION ST,"156 W DIVISION ST Chicago, IL",41.90392494,-87.63381747
230 W DIVISION ST,"230 W DIVISION ST Chicago, IL",41.9039066,-87.6349193
1245 N CLYBOURN AVE,"1245 N CLYBOURN AVE Chicago, IL",41.90463032,-87.64065006
425 W NORTH AVE,"425 W NORTH AVE Chicago, IL",41.910974,-87.63972423
233 W NORTH AVE,"233 W NORTH AVE Chicago, IL",41.91103057,-87.63588425
11 E WALTON ST,"11 E WALTON ST Chicago, IL",41.8998862,-87.62800543
9 W WALTON ST,"9 W WALTON ST Chicago, IL",41.8998747,-87.62866597
844 N HUDSON AVE,"844 N HUDSON AVE Chicago, IL",41.89745307,-87.64000041
848 N SEDGWICK ST,"848 N SEDGWICK ST Chicago, IL",41.8980925,-87.63881301
830 N SEDGWICK ST,"830 N SEDGWICK ST Chicago, IL",41.89781534,-87.63879863
718 N SEDGWICK ST,"718 N SEDGWICK ST Chicago, IL",41.89565668,-87.63863606
739 N KINGSBURY ST,"739 N KINGSBURY ST Chicago, IL",41.89565849,-87.64143045
741 N KINGSBURY ST,"741 N KINGSBURY ST Chicago, IL",41.89568451,-87.64143104
929 N LARRABEE ST,"929 N LARRABEE ST Chicago, IL",41.89885557,-87.64295215
1581 N DAYTON ST,"1581 N DAYTON ST Chicago, IL",41.91053827,-87.64941439
1503 N DAYTON ST,"1503 N DAYTON ST Chicago, IL",41.90866986,-87.64936672
815 W WEED ST,"815 W WEED ST Chicago, IL",41.90980285,-87.64938549
811 W WEED ST,"811 W WEED ST Chicago, IL",41.9097281,-87.6487991
807 W WEED ST,"807 W WEED ST Chicago, IL",41.90980718,-87.64904679
29 E ADAMS ST,"29 E ADAMS ST Chicago, IL",41.87945144,-87.62664281
1050 N ASHLAND AVE,"1050 N ASHLAND AVE Chicago, IL",41.901122,-87.66750898
1038 N ASHLAND AVE,"1038 N ASHLAND AVE Chicago, IL",41.90082717,-87.66750069
810 N ASHLAND AVE,"810 N ASHLAND AVE Chicago, IL",41.89668118,-87.66738648
773 N ASHLAND AVE,"773 N ASHLAND AVE Chicago, IL",41.89591413,-87.66720962
1051 N ASHLAND AVE,"1051 N ASHLAND AVE Chicago, IL",41.90112791,-87.6673552
1103 N ASHLAND AVE,"1103 N ASHLAND AVE Chicago, IL",41.90164176,-87.66736926
1105 N ASHLAND AVE,"1105 N ASHLAND AVE Chicago, IL",41.90170136,-87.6673699
1113 N ASHLAND AVE,"1113 N ASHLAND AVE Chicago, IL",41.9019346,-87.6673769
1137 N ASHLAND AVE,"1137 N ASHLAND AVE Chicago, IL",41.90251912,-87.66739384
1233 N ASHLAND AVE,"1233 N ASHLAND AVE Chicago, IL",41.90444072,-87.66744647
1241 N ASHLAND AVE,"1241 N ASHLAND AVE Chicago, IL",41.90464454,-87.66745311
1321 N ASHLAND AVE,"1321 N ASHLAND AVE Chicago, IL",41.90595685,-87.66748571
1323 N ASHLAND AVE,"1323 N ASHLAND AVE Chicago, IL",41.90598234,-87.66748641
546 N WELLS ST,"546 N WELLS ST Chicago, IL",41.89188688,-87.63415388
58 E WALTON ST,"58 E WALTON ST Chicago, IL",41.90001752,-87.62699279
6 E WALTON ST,"6 E WALTON ST Chicago, IL",41.90000538,-87.62781999
12 E PEARSON ST,"12 E PEARSON ST Chicago, IL",41.89758151,-87.6278173
211 E OHIO ST,"211 E OHIO ST Chicago, IL",41.89250936,-87.62244473
22 W JACKSON BLVD,"22 W JACKSON BLVD Chicago, IL",41.87823744,-87.62794615
220 S CLARK ST,"220 S CLARK ST Chicago, IL",41.87909713,-87.63088869
656 S CANAL ST,"656 S CANAL ST Chicago, IL",41.87371603,-87.63948899
686 S CANAL ST,"686 S CANAL ST Chicago, IL",41.87337221,-87.6394761
740 S CANAL ST,"740 S CANAL ST Chicago, IL",41.87275346,-87.6394525
177 W LAKE ST,"177 W LAKE ST Chicago, IL",41.88567385,-87.63355442
162 N FRANKLIN ST,"162 N FRANKLIN ST Chicago, IL",41.88498787,-87.63547051
1125 S STATE ST,"1125 S STATE ST Chicago, IL",41.86865752,-87.62729661
59 E HARRISON ST,"59 E HARRISON ST Chicago, IL",41.8743539,-87.625827
730 S WABASH AVE,"730 S WABASH AVE Chicago, IL",41.87270771,-87.62603393
734 S WABASH AVE,"734 S WABASH AVE Chicago, IL",41.87266023,-87.62603283
41 E 8TH ST,"41 E 8TH ST Chicago, IL",41.87176885,-87.62670731
890 S STATE ST,"890 S STATE ST Chicago, IL",41.87122433,-87.62767594
63 E 9TH ST,"63 E 9TH ST Chicago, IL",41.8704849,-87.62640568
79 E 9TH ST,"79 E 9TH ST Chicago, IL",41.87048827,-87.62621713
639 S COLUMBUS DR,"639 S COLUMBUS DR Chicago, IL",41.87396563,-87.6205153
242 S COLUMBUS DR,"242 S COLUMBUS DR Chicago, IL",41.87881842,-87.62079925
254 S COLUMBUS DR,"254 S COLUMBUS DR Chicago, IL",41.87872619,-87.62079694
514 S COLUMBUS DR,"514 S COLUMBUS DR Chicago, IL",41.87540441,-87.6206692
600 S COLUMBUS DR,"600 S COLUMBUS DR Chicago, IL",41.87440654,-87.6206692
186 W ADAMS ST,"186 W ADAMS ST Chicago, IL",41.87944344,-87.63351752
704 S LOOMIS ST,"704 S LOOMIS ST Chicago, IL",41.8732138,-87.66183597
237 S FRANKLIN ST,"237 S FRANKLIN ST Chicago, IL",41.87864639,-87.63513828
942 W ROOSEVELT RD,"942 W ROOSEVELT RD Chicago, IL",41.86716291,-87.64986105
1287 W TAYLOR ST,"1287 W TAYLOR ST Chicago, IL",41.86932085,-87.65902882
21 S RACINE AVE,"21 S RACINE AVE Chicago, IL",41.88089196,-87.6570388
1151 W MADISON ST,"1151 W MADISON ST Chicago, IL",41.88153896,-87.65635642
1147 W MADISON ST,"1147 W MADISON ST Chicago, IL",41.88154091,-87.65623053
1017 W MADISON ST,"1017 W MADISON ST Chicago, IL",41.88164185,-87.65220606
917 W RANDOLPH ST,"917 W RANDOLPH ST Chicago, IL",41.88417795,-87.65105814
38 S PEORIA ST,"38 S PEORIA ST Chicago, IL",41.88121482,-87.64976006
849 W MONROE ST,"849 W MONROE ST Chicago, IL",41.8804069,-87.64887685
508 S HALSTED ST,"508 S HALSTED ST Chicago, IL",41.87494778,-87.64722594
1108 W HUBBARD ST,"1108 W HUBBARD ST Chicago, IL",41.89006344,-87.65537015
1116 W HUBBARD ST,"1116 W HUBBARD ST Chicago, IL",41.89006344,-87.6555111
478 S HALSTED ST,"478 S HALSTED ST Chicago, IL",41.87624865,-87.64726577
806 S LOOMIS ST,"806 S LOOMIS ST Chicago, IL",41.87151917,-87.66178308
817 W ROOSEVELT RD,"817 W ROOSEVELT RD Chicago, IL",41.86707985,-87.64808808
55 S FRANKLIN ST,"55 S FRANKLIN ST Chicago, IL",41.88157796,-87.63522507
351 W MADISON ST,"351 W MADISON ST Chicago, IL",41.88187124,-87.63605082
1118 W ROOSEVELT RD,"1118 W ROOSEVELT RD Chicago, IL",41.86707142,-87.65570454
1120 W ROOSEVELT RD,"1120 W ROOSEVELT RD Chicago, IL",41.86707094,-87.65572712
1569 W TAYLOR ST,"1569 W TAYLOR ST Chicago, IL",41.86922185,-87.66547068
555 W ADAMS ST,"555 W ADAMS ST Chicago, IL",41.87922985,-87.64153996
1104 W HUBBARD ST,"1104 W HUBBARD ST Chicago, IL",41.89006344,-87.65529968
831 S JEFFERSON ST,"831 S JEFFERSON ST Chicago, IL",41.87174965,-87.64226077
1009 W HUBBARD ST,"1009 W HUBBARD ST Chicago, IL",41.88997585,-87.65262448
727 S JEFFERSON ST,"727 S JEFFERSON ST Chicago, IL",41.87259795,-87.6422895
677 S JEFFERSON ST,"677 S JEFFERSON ST Chicago, IL",41.87378473,-87.64232844
33 N JEFFERSON ST,"33 N JEFFERSON ST Chicago, IL",41.88229309,-87.64259758
116 N JEFFERSON ST,"116 N JEFFERSON ST Chicago, IL",41.8839531,-87.64279778
130 N JEFFERSON ST,"130 N JEFFERSON ST Chicago, IL",41.88437697,-87.642808
205 N JEFFERSON ST,"205 N JEFFERSON ST Chicago, IL",41.88580296,-87.64269727
318 N CARPENTER ST,"318 N CARPENTER ST Chicago, IL",41.88731622,-87.65343481
1401 W RANDOLPH ST,"1401 W RANDOLPH ST Chicago, IL",41.88458366,-87.66415504
1379 W RANDOLPH ST,"1379 W RANDOLPH ST Chicago, IL",41.88450702,-87.66402804
1233 W RANDOLPH ST,"1233 W RANDOLPH ST Chicago, IL",41.88405071,-87.65808035
804 W RANDOLPH ST,"804 W RANDOLPH ST Chicago, IL",41.88457751,-87.64765404
806 W RANDOLPH ST,"806 W RANDOLPH ST Chicago, IL",41.88457595,-87.64772178
808 W RANDOLPH ST,"808 W RANDOLPH ST Chicago, IL",41.88457439,-87.64778953
818 W RANDOLPH ST,"818 W RANDOLPH ST Chicago, IL",41.88456657,-87.64812824
728 W RANDOLPH ST,"728 W RANDOLPH ST Chicago, IL",41.88447444,-87.64650324
173 N HALSTED ST,"173 N HALSTED ST Chicago, IL",41.88548636,-87.64739174
177 N HALSTED ST,"177 N HALSTED ST Chicago, IL",41.88550572,-87.64739234
168 N GREEN ST,"168 N GREEN ST Chicago, IL",41.88421445,-87.64867527
1104 W MADISON ST,"1104 W MADISON ST Chicago, IL",41.88174744,-87.65483072
1132 W MADISON ST,"1132 W MADISON ST Chicago, IL",41.88173298,-87.65566973
1310 W MADISON ST,"1310 W MADISON ST Chicago, IL",41.88166036,-87.66019799
1344 W MADISON ST,"1344 W MADISON ST Chicago, IL",41.88164205,-87.66114797
1418 W MADISON ST,"1418 W MADISON ST Chicago, IL",41.88160939,-87.66284809
1436 W MADISON ST,"1436 W MADISON ST Chicago, IL",41.88160416,-87.66334262
348 S DEARBORN ST,"348 S DEARBORN ST Chicago, IL",41.87754718,-87.62935692
1011 W MADISON ST,"1011 W MADISON ST Chicago, IL",41.88164185,-87.65216861
939 W MADISON ST,"939 W MADISON ST Chicago, IL",41.88165378,-87.65133307
33 N MORGAN ST,"33 N MORGAN ST Chicago, IL",41.88216688,-87.6519667
685 W HUBBARD ST,"685 W HUBBARD ST Chicago, IL",41.8900565,-87.64563019
673 W HUBBARD ST,"673 W HUBBARD ST Chicago, IL",41.89005685,-87.64545467
658 W HUBBARD ST,"658 W HUBBARD ST Chicago, IL",41.89017363,-87.64535402
401 N STATE ST,"401 N STATE ST Chicago, IL",41.88929269,-87.62792912
588 S MORGAN ST,"588 S MORGAN ST Chicago, IL",41.87517871,-87.65191719
574 S MORGAN ST,"574 S MORGAN ST Chicago, IL",41.87519321,-87.65191719
64 W ERIE ST,"64 W ERIE ST Chicago, IL",41.89410058,-87.63038925
12 E ERIE ST,"12 E ERIE ST Chicago, IL",41.89413451,-87.6277273
911 N RUSH ST,"911 N RUSH ST Chicago, IL",41.89962393,-87.62691575
45 E OAK ST,"45 E OAK ST Chicago, IL",41.90071208,-87.6269073
337 S FRANKLIN ST,"337 S FRANKLIN ST Chicago, IL",41.8776242,-87.63511836
55 E OAK ST,"55 E OAK ST Chicago, IL",41.9007152,-87.6266874
57 E OAK ST,"57 E OAK ST Chicago, IL",41.90071583,-87.62664343
121 E OAK ST,"121 E OAK ST Chicago, IL",41.9007335,-87.62546456
62 E OAK ST,"62 E OAK ST Chicago, IL",41.90083287,-87.62647474
58 E OAK ST,"58 E OAK ST Chicago, IL",41.90083167,-87.62655848
1127 N STATE ST,"1127 N STATE ST Chicago, IL",41.90287961,-87.62843735
1040 N ASHLAND AVE,"1040 N ASHLAND AVE Chicago, IL",41.90087857,-87.66750246
916 N ASHLAND AVE,"916 N ASHLAND AVE Chicago, IL",41.89836931,-87.66743234
910 N ASHLAND AVE,"910 N ASHLAND AVE Chicago, IL",41.8983205,-87.66743105
752 N ASHLAND AVE,"752 N ASHLAND AVE Chicago, IL",41.89448774,-87.66732109
919 N ASHLAND AVE,"919 N ASHLAND AVE Chicago, IL",41.89851798,-87.66728227
816 N OGDEN AVE,"816 N OGDEN AVE Chicago, IL",41.89754633,-87.65371552
740 N MILWAUKEE AVE,"740 N MILWAUKEE AVE Chicago, IL",41.89548083,-87.65435648
508 N MILWAUKEE AVE,"508 N MILWAUKEE AVE Chicago, IL",41.8914351,-87.6481146
444 N NEW ST,"444 N NEW ST Chicago, IL",41.89067852,-87.61867364
438 N NEW ST,"438 N NEW ST Chicago, IL",41.89064587,-87.61867183
486 N WABASH AVE,"486 N WABASH AVE Chicago, IL",41.89071486,-87.62676182
444 N WABASH AVE,"444 N WABASH AVE Chicago, IL",41.89031447,-87.62674671
425 N WABASH AVE,"425 N WABASH AVE Chicago, IL",41.88980681,-87.62657909
371 N STETSON AVE,"371 N STETSON AVE Chicago, IL",41.8870627,-87.6223486
266 N STETSON AVE,"266 N STETSON AVE Chicago, IL",41.8870627,-87.6223486
1429 W HARRISON ST,"1429 W HARRISON ST Chicago, IL",41.87407285,-87.66286376
170 S CLINTON ST,"170 S CLINTON ST Chicago, IL",41.88012504,-87.6412159
344 E HURON ST,"344 E HURON ST Chicago, IL",41.89508755,-87.61907953
391 E HURON ST,"391 E HURON ST Chicago, IL",41.89496844,-87.61939734
705 N STATE ST,"705 N STATE ST Chicago, IL",41.89388117,-87.62805158
1152 N MILWAUKEE AVE,"1152 N MILWAUKEE AVE Chicago, IL",41.90259741,-87.66540635
1148 N MILWAUKEE AVE,"1148 N MILWAUKEE AVE Chicago, IL",41.90252113,-87.66528937
1140 N MILWAUKEE AVE,"1140 N MILWAUKEE AVE Chicago, IL",41.90236298,-87.66504652
1138 N MILWAUKEE AVE,"1138 N MILWAUKEE AVE Chicago, IL",41.90232465,-87.6649869
1130 N MILWAUKEE AVE,"1130 N MILWAUKEE AVE Chicago, IL",41.90216875,-87.66474574
1018 N MILWAUKEE AVE,"1018 N MILWAUKEE AVE Chicago, IL",41.90035909,-87.66191916
742 N MILWAUKEE AVE,"742 N MILWAUKEE AVE Chicago, IL",41.89550247,-87.65438961
1551 W WARREN BLVD,"1551 W WARREN BLVD Chicago, IL",41.88232585,-87.66580538
222 N DESPLAINES ST,"222 N DESPLAINES ST Chicago, IL",41.8861941,-87.64433678
977 W ROOSEVELT RD,"977 W ROOSEVELT RD Chicago, IL",41.86703769,-87.65062156
969 W ROOSEVELT RD,"969 W ROOSEVELT RD Chicago, IL",41.86703944,-87.65049478
889 W ROOSEVELT RD,"889 W ROOSEVELT RD Chicago, IL",41.86706075,-87.64922722
189 S FRANKLIN ST,"189 S FRANKLIN ST Chicago, IL",41.87954475,-87.63516457
326 W CHICAGO AVE,"326 W CHICAGO AVE Chicago, IL",41.89661893,-87.63662997
60 S CANAL ST,"60 S CANAL ST Chicago, IL",41.88149087,-87.63974948
440 N ORLEANS ST,"440 N ORLEANS ST Chicago, IL",41.88999802,-87.63706133
514 N DEARBORN ST,"514 N DEARBORN ST Chicago, IL",41.89170024,-87.62972929
218 W GRAND AVE,"218 W GRAND AVE Chicago, IL",41.89163844,-87.63441796
1014 W GRAND AVE,"1014 W GRAND AVE Chicago, IL",41.89119744,-87.65146386
1009 W GRAND AVE,"1009 W GRAND AVE Chicago, IL",41.89107385,-87.65265609
1020 W GRAND AVE,"1020 W GRAND AVE Chicago, IL",41.89119744,-87.65147593
1026 W GRAND AVE,"1026 W GRAND AVE Chicago, IL",41.89119744,-87.65148799
1120 W GRAND AVE,"1120 W GRAND AVE Chicago, IL",41.89116079,-87.65557611
1218 W GRAND AVE,"1218 W GRAND AVE Chicago, IL",41.89113444,-87.65807307
753 N ASHLAND AVE,"753 N ASHLAND AVE Chicago, IL",41.89583558,-87.66720716
817 N ASHLAND AVE,"817 N ASHLAND AVE Chicago, IL",41.89662974,-87.66723011
1109 N ASHLAND AVE,"1109 N ASHLAND AVE Chicago, IL",41.90181798,-87.6673734
1117 N ASHLAND AVE,"1117 N ASHLAND AVE Chicago, IL",41.90205121,-87.6673804
1227 N ASHLAND AVE,"1227 N ASHLAND AVE Chicago, IL",41.90422285,-87.66744125
1178 N ASHLAND AVE,"1178 N ASHLAND AVE Chicago, IL",41.90269651,-87.66755161
908 N ASHLAND AVE,"908 N ASHLAND AVE Chicago, IL",41.89830424,-87.66743062
806 N ASHLAND AVE,"806 N ASHLAND AVE Chicago, IL",41.8966397,-87.6673846
764 N ASHLAND AVE,"764 N ASHLAND AVE Chicago, IL",41.89452881,-87.66732273
1416 W CHICAGO AVE,"1416 W CHICAGO AVE Chicago, IL",41.89619693,-87.66299256
1428 W CHICAGO AVE,"1428 W CHICAGO AVE Chicago, IL",41.8961912,-87.66337641
1444 W CHICAGO AVE,"1444 W CHICAGO AVE Chicago, IL",41.89617683,-87.66416235
1532 W CHICAGO AVE,"1532 W CHICAGO AVE Chicago, IL",41.89614733,-87.66599645
261 W DIVISION ST,"261 W DIVISION ST Chicago, IL",41.90378521,-87.63527671
109 N FRANKLIN ST,"109 N FRANKLIN ST Chicago, IL",41.88518981,-87.63531472
213 W WALTON ST,"213 W WALTON ST Chicago, IL",41.89969585,-87.63496542
113 W DIVISION ST,"113 W DIVISION ST Chicago, IL",41.90391024,-87.63208071
111 W DIVISION ST,"111 W DIVISION ST Chicago, IL",41.90383585,-87.63212076
239 W NORTH AVE,"239 W NORTH AVE Chicago, IL",41.91103186,-87.63594812
1261 W TAYLOR ST,"1261 W TAYLOR ST Chicago, IL",41.86932393,-87.65882786
59 E OAK ST,"59 E OAK ST Chicago, IL",41.90071647,-87.62659947
111 E OAK ST,"111 E OAK ST Chicago, IL",41.90073287,-87.62549634
114 E OAK ST,"114 E OAK ST Chicago, IL",41.90085291,-87.62522073
66 E OAK ST,"66 E OAK ST Chicago, IL",41.90083408,-87.626391
1007 N RUSH ST,"1007 N RUSH ST Chicago, IL",41.90100741,-87.62754787
274 E WALTON PL,"274 E WALTON PL Chicago, IL",41.90012401,-87.62064481
60 E WALTON ST,"60 E WALTON ST Chicago, IL",41.90001905,-87.62691626
14 E WALTON ST,"14 E WALTON ST Chicago, IL",41.90001744,-87.62706727
920 W WALTON ST,"920 W WALTON ST Chicago, IL",41.8998312,-87.6421608
891 N CLARK ST,"891 N CLARK ST Chicago, IL",41.89781591,-87.63119757
20 W DELAWARE PL,"20 W DELAWARE PL Chicago, IL",41.89918893,-87.62905418
2 W DELAWARE PL,"2 W DELAWARE PL Chicago, IL",41.8991962,-87.62834462
877 N RUSH ST,"877 N RUSH ST Chicago, IL",41.89889291,-87.6265555
855 N WABASH AVE,"855 N WABASH AVE Chicago, IL",41.89715515,-87.62678026
42 E PEARSON ST,"42 E PEARSON ST Chicago, IL",41.89759644,-87.62677154
311 E PEARSON ST,"311 E PEARSON ST Chicago, IL",41.8976494,-87.6197523
351 W OAK ST,"351 W OAK ST Chicago, IL",41.90044285,-87.63758995
345 W OAK ST,"345 W OAK ST Chicago, IL",41.90044285,-87.6375671
446 E ONTARIO ST,"446 E ONTARIO ST Chicago, IL",41.89351944,-87.61584212
66 S CANAL ST,"66 S CANAL ST Chicago, IL",41.88145585,-87.63974832
34 S CANAL ST,"34 S CANAL ST Chicago, IL",41.88164265,-87.63975454
1312 W MADISON ST,"1312 W MADISON ST Chicago, IL",41.8816588,-87.6602941
1108 W WASHINGTON BLVD,"1108 W WASHINGTON BLVD Chicago, IL",41.88307599,-87.6547662
1052 W WASHINGTON BLVD,"1052 W WASHINGTON BLVD Chicago, IL",41.88311053,-87.65268481
772 W WASHINGTON BLVD,"772 W WASHINGTON BLVD Chicago, IL",41.88320815,-87.64710541
720 W WASHINGTON BLVD,"720 W WASHINGTON BLVD Chicago, IL",41.88321219,-87.64666177
622 W WASHINGTON BLVD,"622 W WASHINGTON BLVD Chicago, IL",41.88322344,-87.6435112
161 W HUBBARD ST,"161 W HUBBARD ST Chicago, IL",41.88995285,-87.6319092
30 W HUBBARD ST,"30 W HUBBARD ST Chicago, IL",41.890103,-87.62909755
507 N DEARBORN ST,"507 N DEARBORN ST Chicago, IL",41.89111676,-87.62955793
515 N DEARBORN ST,"515 N DEARBORN ST Chicago, IL",41.89158805,-87.62957221
848 N DEARBORN ST,"848 N DEARBORN ST Chicago, IL",41.89730919,-87.62986874
66 W DELAWARE PL,"66 W DELAWARE PL Chicago, IL",41.89880244,-87.63049842
68 W DELAWARE PL,"68 W DELAWARE PL Chicago, IL",41.89880244,-87.63054388
863 N CLARK ST,"863 N CLARK ST Chicago, IL",41.89746761,-87.63118851
671 N WABASH AVE,"671 N WABASH AVE Chicago, IL",41.89415061,-87.62670889
446 W HURON ST,"446 W HURON ST Chicago, IL",41.89477011,-87.64033566
701 N KINGSBURY ST,"701 N KINGSBURY ST Chicago, IL",41.89476144,-87.64140877
711 N KINGSBURY ST,"711 N KINGSBURY ST Chicago, IL",41.89496324,-87.64141073
457 W SUPERIOR ST,"457 W SUPERIOR ST Chicago, IL",41.89545446,-87.64055821
814 N HUDSON AVE,"814 N HUDSON AVE Chicago, IL",41.89685008,-87.63997481
231 W INSTITUTE PL,"231 W INSTITUTE PL Chicago, IL",41.89735209,-87.63514946
61 E OAK ST,"61 E OAK ST Chicago, IL",41.9007171,-87.6265555
250 E LAKE SHORE DR,"250 E LAKE SHORE DR Chicago, IL",41.90098394,-87.62087265
234 E LAKE SHORE DR,"234 E LAKE SHORE DR Chicago, IL",41.90097313,-87.6211997
50 E WALTON ST,"50 E WALTON ST Chicago, IL",41.90006068,-87.62452315
46 E WALTON ST,"46 E WALTON ST Chicago, IL",41.90005462,-87.62480628
65 W WALTON ST,"65 W WALTON ST Chicago, IL",41.89974318,-87.63048046
83 W WALTON ST,"83 W WALTON ST Chicago, IL",41.89973486,-87.6308879
55 W ADAMS ST,"55 W ADAMS ST Chicago, IL",41.87939043,-87.62860654
1041 S LOOMIS ST,"1041 S LOOMIS ST Chicago, IL",41.86904475,-87.66155565
564 S MORGAN ST,"564 S MORGAN ST Chicago, IL",41.87520357,-87.65191719
1230 W HARRISON ST,"1230 W HARRISON ST Chicago, IL",41.87426606,-87.65772011
147 E RANDOLPH ST,"147 E RANDOLPH ST Chicago, IL",41.8843234,-87.62415361
382 E RANDOLPH ST,"382 E RANDOLPH ST Chicago, IL",41.88457734,-87.61864159
18 S DESPLAINES ST,"18 S DESPLAINES ST Chicago, IL",41.88128353,-87.64418492
657 S DESPLAINES ST,"657 S DESPLAINES ST Chicago, IL",41.87389136,-87.64379866
933 S DESPLAINES ST,"933 S DESPLAINES ST Chicago, IL",41.87072924,-87.64369707
1093 S DESPLAINES ST,"1093 S DESPLAINES ST Chicago, IL",41.86853204,-87.643627
1094 S JEFFERSON ST,"1094 S JEFFERSON ST Chicago, IL",41.86922379,-87.6423302
1048 S JEFFERSON ST,"1048 S JEFFERSON ST Chicago, IL",41.86943806,-87.64233689
838 S JEFFERSON ST,"838 S JEFFERSON ST Chicago, IL",41.87094172,-87.64238963
1161 S JEFFERSON ST,"1161 S JEFFERSON ST Chicago, IL",41.86773337,-87.64212887
1135 S JEFFERSON ST,"1135 S JEFFERSON ST Chicago, IL",41.86804441,-87.64214111
903 S JEFFERSON ST,"903 S JEFFERSON ST Chicago, IL",41.87119168,-87.64224327
525 S JEFFERSON ST,"525 S JEFFERSON ST Chicago, IL",41.87503159,-87.64236687
309 S JEFFERSON ST,"309 S JEFFERSON ST Chicago, IL",41.87784937,-87.6424546
123 S JEFFERSON ST,"123 S JEFFERSON ST Chicago, IL",41.88023223,-87.64253154
121 S JEFFERSON ST,"121 S JEFFERSON ST Chicago, IL",41.88025579,-87.64253238
318 S CLINTON ST,"318 S CLINTON ST Chicago, IL",41.8777121,-87.6411661
1108 S CLINTON ST,"1108 S CLINTON ST Chicago, IL",41.86807199,-87.6408238
540 W GRENSHAW ST,"540 W GRENSHAW ST Chicago, IL",41.86824415,-87.641368
8 W ADAMS ST,"8 W ADAMS ST Chicago, IL",41.8794925,-87.62951586
1435 N ELSTON AVE,"1435 N ELSTON AVE Chicago, IL",41.90779771,-87.66029106
1437 N ELSTON AVE,"1437 N ELSTON AVE Chicago, IL",41.90783594,-87.66031421
1238 N ELSTON AVE,"1238 N ELSTON AVE Chicago, IL",41.90411963,-87.65914773
32 E HARRISON ST,"32 E HARRISON ST Chicago, IL",41.87444665,-87.6271118
388 E RANDOLPH ST,"388 E RANDOLPH ST Chicago, IL",41.88457825,-87.61849147
384 E RANDOLPH ST,"384 E RANDOLPH ST Chicago, IL",41.88457764,-87.61859155
216 S COLUMBUS DR,"216 S COLUMBUS DR Chicago, IL",41.87901778,-87.62080609
220 S COLUMBUS DR,"220 S COLUMBUS DR Chicago, IL",41.87898704,-87.62080501
492 S HALSTED ST,"492 S HALSTED ST Chicago, IL",41.87618615,-87.64726419
322 S COLUMBUS DR,"322 S COLUMBUS DR Chicago, IL",41.87802033,-87.62074587
665 S COLUMBUS DR,"665 S COLUMBUS DR Chicago, IL",41.87366395,-87.6205153
635 S COLUMBUS DR,"635 S COLUMBUS DR Chicago, IL",41.87401204,-87.6205153
225 S COLUMBUS DR,"225 S COLUMBUS DR Chicago, IL",41.87992281,-87.62067804
424 N NEW ST,"424 N NEW ST Chicago, IL",41.89057067,-87.61867088
416 N NEW ST,"416 N NEW ST Chicago, IL",41.89052712,-87.61866952
207 E OHIO ST,"207 E OHIO ST Chicago, IL",41.89250813,-87.622511
1561 W WARREN BLVD,"1561 W WARREN BLVD Chicago, IL",41.88232585,-87.66591182
127 N MICHIGAN AVE,"127 N MICHIGAN AVE Chicago, IL",41.88471455,-87.62438654
69 N CANAL ST,"69 N CANAL ST Chicago, IL",41.88276731,-87.63963489
162 W HUBBARD ST,"162 W HUBBARD ST Chicago, IL",41.890052,-87.63305818
505 N DEARBORN ST,"505 N DEARBORN ST Chicago, IL",41.8910419,-87.62955659
334 E HURON ST,"334 E HURON ST Chicago, IL",41.89508717,-87.61911005
813 W ROOSEVELT RD,"813 W ROOSEVELT RD Chicago, IL",41.86707985,-87.64802468
76 S CANAL ST,"76 S CANAL ST Chicago, IL",41.88139747,-87.63974637
80 S CANAL ST,"80 S CANAL ST Chicago, IL",41.88137412,-87.63974559
68 S CANAL ST,"68 S CANAL ST Chicago, IL",41.88144417,-87.63974793
50 S CANAL ST,"50 S CANAL ST Chicago, IL",41.88154925,-87.63975143
40 S CANAL ST,"40 S CANAL ST Chicago, IL",41.88160762,-87.63975338
265 S ASHLAND AVE,"265 S ASHLAND AVE Chicago, IL",41.87808447,-87.66654785
208 S ASHLAND AVE,"208 S ASHLAND AVE Chicago, IL",41.87873806,-87.66689225
781 N ASHLAND AVE,"781 N ASHLAND AVE Chicago, IL",41.89594554,-87.6672106
833 N ASHLAND AVE,"833 N ASHLAND AVE Chicago, IL",41.89706999,-87.66724326
839 N ASHLAND AVE,"839 N ASHLAND AVE Chicago, IL",41.89725351,-87.66724783
947 N ASHLAND AVE,"947 N ASHLAND AVE Chicago, IL",41.89906169,-87.66729928
953 N ASHLAND AVE,"953 N ASHLAND AVE Chicago, IL",41.89912979,-87.66730095
1235 N ASHLAND AVE,"1235 N ASHLAND AVE Chicago, IL",41.90449168,-87.66744813
1186 N ASHLAND AVE,"1186 N ASHLAND AVE Chicago, IL",41.90273068,-87.66755235
882 N MILWAUKEE AVE,"882 N MILWAUKEE AVE Chicago, IL",41.89793739,-87.65815548
707 N ABERDEEN ST,"707 N ABERDEEN ST Chicago, IL",41.89506958,-87.65449067
740 N ABERDEEN ST,"740 N ABERDEEN ST Chicago, IL",41.89482406,-87.65436553
1224 W RANDOLPH ST,"1224 W RANDOLPH ST Chicago, IL",41.88439765,-87.65799201
1313 W FULTON ST,"1313 W FULTON ST Chicago, IL",41.8865597,-87.66092468
660 S CANAL ST,"660 S CANAL ST Chicago, IL",41.87367019,-87.63948731
664 S CANAL ST,"664 S CANAL ST Chicago, IL",41.87362436,-87.63948563
542 W POLK ST,"542 W POLK ST Chicago, IL",41.87205634,-87.64152007
563 W CONGRESS PKWY,"563 W CONGRESS PKWY Chicago, IL",41.87533094,-87.64017532
557 W CONGRESS PKWY,"557 W CONGRESS PKWY Chicago, IL",41.87533134,-87.64014319
417 E ILLINOIS ST,"417 E ILLINOIS ST Chicago, IL",41.89100113,-87.61720655
218 N JEFFERSON ST,"218 N JEFFERSON ST Chicago, IL",41.88594228,-87.64285468
48 E GRAND AVE,"48 E GRAND AVE Chicago, IL",41.89175325,-87.62614317
348 W KINZIE ST,"348 W KINZIE ST Chicago, IL",41.88918602,-87.63752107
407 N ORLEANS ST,"407 N ORLEANS ST Chicago, IL",41.89004477,-87.63690986
438 W HUBBARD ST,"438 W HUBBARD ST Chicago, IL",41.8899328,-87.63855699
108 W ROOSEVELT RD,"108 W ROOSEVELT RD Chicago, IL",41.86748244,-87.63169167
539 S MORGAN ST,"539 S MORGAN ST Chicago, IL",41.8752305,-87.6517633
163 W HUBBARD ST,"163 W HUBBARD ST Chicago, IL",41.88995261,-87.63193426
14 W HUBBARD ST,"14 W HUBBARD ST Chicago, IL",41.89011385,-87.6285201
449 N MCCLURG CT,"449 N MCCLURG CT Chicago, IL",41.88999632,-87.61755773
457 N MCCLURG CT,"457 N MCCLURG CT Chicago, IL",41.89006793,-87.61755962
427 E GRAND AVE,"427 E GRAND AVE Chicago, IL",41.89182241,-87.61560506
450 E OHIO ST,"450 E OHIO ST Chicago, IL",41.89271506,-87.61674428
460 E OHIO ST,"460 E OHIO ST Chicago, IL",41.89271804,-87.61656484
287 E ONTARIO ST,"287 E ONTARIO ST Chicago, IL",41.89334648,-87.62050963
1488 W ROOSEVELT RD,"1488 W ROOSEVELT RD Chicago, IL",41.86693958,-87.66370533
1588 W TAYLOR ST,"1588 W TAYLOR ST Chicago, IL",41.86933923,-87.6650384
320 E ILLINOIS ST,"320 E ILLINOIS ST Chicago, IL",41.89107281,-87.61938179
322 E ILLINOIS ST,"322 E ILLINOIS ST Chicago, IL",41.89107333,-87.619364
1109 N CLARK ST,"1109 N CLARK ST Chicago, IL",41.90212443,-87.63132027
1150 W TAYLOR ST,"1150 W TAYLOR ST Chicago, IL",41.86948185,-87.65615274
1530 W LAKE ST,"1530 W LAKE ST Chicago, IL",41.88540815,-87.66593599
177 E GRAND AVE,"177 E GRAND AVE Chicago, IL",41.8916942,-87.62302786
105 S ASHLAND AVE,"105 S ASHLAND AVE Chicago, IL",41.88006596,-87.66660134
17 E ILLINOIS ST,"17 E ILLINOIS ST Chicago, IL",41.89081285,-87.62776739
467 N NEW ST,"467 N NEW ST Chicago, IL",41.89080227,-87.61852503
516 W HARRISON ST,"516 W HARRISON ST Chicago, IL",41.874449,-87.64066232
1217 N MILWAUKEE AVE,"1217 N MILWAUKEE AVE Chicago, IL",41.90377321,-87.6670162
411 E ILLINOIS ST,"411 E ILLINOIS ST Chicago, IL",41.89099855,-87.61734976
305 W ADAMS ST,"305 W ADAMS ST Chicago, IL",41.87931085,-87.63542641
317 W ADAMS ST,"317 W ADAMS ST Chicago, IL",41.87930843,-87.63576796
505 W ADAMS ST,"505 W ADAMS ST Chicago, IL",41.87923547,-87.64120749
104 W ADAMS ST,"104 W ADAMS ST Chicago, IL",41.87945738,-87.63242569
106 W ADAMS ST,"106 W ADAMS ST Chicago, IL",41.87945656,-87.63245238
131 W MARBLE PL,"131 W MARBLE PL Chicago, IL",41.88000108,-87.63181148
834 S CANAL ST,"834 S CANAL ST Chicago, IL",41.87073652,-87.63938677
887 S JEFFERSON ST,"887 S JEFFERSON ST Chicago, IL",41.8714088,-87.6422499
871 S JEFFERSON ST,"871 S JEFFERSON ST Chicago, IL",41.8715062,-87.642253
861 S JEFFERSON ST,"861 S JEFFERSON ST Chicago, IL",41.87156706,-87.64225494
849 S JEFFERSON ST,"849 S JEFFERSON ST Chicago, IL",41.8716401,-87.64225727
667 S JEFFERSON ST,"667 S JEFFERSON ST Chicago, IL",41.87385479,-87.64233038
659 S JEFFERSON ST,"659 S JEFFERSON ST Chicago, IL",41.87391083,-87.64233194
527 S JEFFERSON ST,"527 S JEFFERSON ST Chicago, IL",41.87501538,-87.6423664
322 S JEFFERSON ST,"322 S JEFFERSON ST Chicago, IL",41.87768242,-87.64260478
218 S JEFFERSON ST,"218 S JEFFERSON ST Chicago, IL",41.87912302,-87.64265101
126 S JEFFERSON ST,"126 S JEFFERSON ST Chicago, IL",41.8801821,-87.64268374
15 S DESPLAINES ST,"15 S DESPLAINES ST Chicago, IL",41.88134401,-87.64403229
21 S DESPLAINES ST,"21 S DESPLAINES ST Chicago, IL",41.88111248,-87.64402566
45 S DESPLAINES ST,"45 S DESPLAINES ST Chicago, IL",41.88095112,-87.64401957
49 S DESPLAINES ST,"49 S DESPLAINES ST Chicago, IL",41.88092423,-87.64401856
733 S DESPLAINES ST,"733 S DESPLAINES ST Chicago, IL",41.87300009,-87.64376941
601 W POLK ST,"601 W POLK ST Chicago, IL",41.87193085,-87.64242219
900 S CLINTON ST,"900 S CLINTON ST Chicago, IL",41.87047168,-87.64090408
1132 S CLINTON ST,"1132 S CLINTON ST Chicago, IL",41.8678664,-87.64081717
1540 W TAYLOR ST,"1540 W TAYLOR ST Chicago, IL",41.86935372,-87.66456517
985 W TAYLOR ST,"985 W TAYLOR ST Chicago, IL",41.86943785,-87.65147563
1137 S STATE ST,"1137 S STATE ST Chicago, IL",41.86839728,-87.62729141
267 E GRAND AVE,"267 E GRAND AVE Chicago, IL",41.89173267,-87.62105259
217 W HURON ST,"217 W HURON ST Chicago, IL",41.89472496,-87.63492992
400 W HURON ST,"400 W HURON ST Chicago, IL",41.89478844,-87.63861972
421 W SUPERIOR ST,"421 W SUPERIOR ST Chicago, IL",41.89546868,-87.63945579
210 W SUPERIOR ST,"210 W SUPERIOR ST Chicago, IL",41.89564344,-87.63467227
23 W SUPERIOR ST,"23 W SUPERIOR ST Chicago, IL",41.89561782,-87.62856578
8 E SUPERIOR ST,"8 E SUPERIOR ST Chicago, IL",41.89576044,-87.62667328
16 E SUPERIOR ST,"16 E SUPERIOR ST Chicago, IL",41.89576044,-87.62657396
337 E PEARSON ST,"337 E PEARSON ST Chicago, IL",41.8976494,-87.6197523
390 E CHICAGO AVE,"390 E CHICAGO AVE Chicago, IL",41.89659746,-87.63829399
938 N RUSH ST,"938 N RUSH ST Chicago, IL",41.90026643,-87.62736074
43 E OAK ST,"43 E OAK ST Chicago, IL",41.90071148,-87.62695126
2 E OAK ST,"2 E OAK ST Chicago, IL",41.90080044,-87.62824177
1101 W LAKE ST,"1101 W LAKE ST Chicago, IL",41.88548485,-87.6545497
514 S HALSTED ST,"514 S HALSTED ST Chicago, IL",41.87491073,-87.64722363
109 S ASHLAND AVE,"109 S ASHLAND AVE Chicago, IL",41.88001884,-87.6666
751 N ASHLAND AVE,"751 N ASHLAND AVE Chicago, IL",41.89582773,-87.66720692
945 N ASHLAND AVE,"945 N ASHLAND AVE Chicago, IL",41.89903899,-87.66729872
1101 N ASHLAND AVE,"1101 N ASHLAND AVE Chicago, IL",41.90158344,-87.66736926
858 N ASHLAND AVE,"858 N ASHLAND AVE Chicago, IL",41.89778185,-87.66741596
1509 W CHICAGO AVE,"1509 W CHICAGO AVE Chicago, IL",41.89604185,-87.66553258
1423 W CHICAGO AVE,"1423 W CHICAGO AVE Chicago, IL",41.89607789,-87.66333918
1417 W CHICAGO AVE,"1417 W CHICAGO AVE Chicago, IL",41.89608085,-87.66310722
1412 W CHICAGO AVE,"1412 W CHICAGO AVE Chicago, IL",41.89619856,-87.66286549
1434 W CHICAGO AVE,"1434 W CHICAGO AVE Chicago, IL",41.89618344,-87.66365321
1440 W CHICAGO AVE,"1440 W CHICAGO AVE Chicago, IL",41.89617937,-87.66411282
1356 N DEARBORN PKWY,"1356 N DEARBORN PKWY Chicago, IL",41.90706629,-87.63015851
754 N MILWAUKEE AVE,"754 N MILWAUKEE AVE Chicago, IL",41.89563231,-87.65458843
711 N MILWAUKEE AVE,"711 N MILWAUKEE AVE Chicago, IL",41.89454914,-87.65267157
695 N MILWAUKEE AVE,"695 N MILWAUKEE AVE Chicago, IL",41.8922053,-87.6489737
675 N MILWAUKEE AVE,"675 N MILWAUKEE AVE Chicago, IL",41.8940497,-87.6515337
449 N UNION AVE,"449 N UNION AVE Chicago, IL",41.89064352,-87.64575278
453 N UNION AVE,"453 N UNION AVE Chicago, IL",41.89068445,-87.645753
621 W OHIO ST,"621 W OHIO ST Chicago, IL",41.89222585,-87.64531612
32 W ILLINOIS ST,"32 W ILLINOIS ST Chicago, IL",41.89088244,-87.63011845
484 N WABASH AVE,"484 N WABASH AVE Chicago, IL",41.89069579,-87.6267611
487 N WABASH AVE,"487 N WABASH AVE Chicago, IL",41.88999552,-87.62658607
11 E OAK ST,"11 E OAK ST Chicago, IL",41.90069442,-87.62787646
63 E OAK ST,"63 E OAK ST Chicago, IL",41.90071773,-87.62651154
210 E LAKE SHORE DR,"210 E LAKE SHORE DR Chicago, IL",41.90095692,-87.62169027
274 S COLUMBUS DR,"274 S COLUMBUS DR Chicago, IL",41.87856858,-87.62078447
265 S COLUMBUS DR,"265 S COLUMBUS DR Chicago, IL",41.87963407,-87.6206728
255 S COLUMBUS DR,"255 S COLUMBUS DR Chicago, IL",41.87970693,-87.62067348
233 S COLUMBUS DR,"233 S COLUMBUS DR Chicago, IL",41.87986524,-87.62067683
550 S COLUMBUS DR,"550 S COLUMBUS DR Chicago, IL",41.8749867,-87.6206692
633 S COLUMBUS DR,"633 S COLUMBUS DR Chicago, IL",41.87403525,-87.6205153
619 S COLUMBUS DR,"619 S COLUMBUS DR Chicago, IL",41.87419769,-87.6205153
605 S COLUMBUS DR,"605 S COLUMBUS DR Chicago, IL",41.87436013,-87.6205153
589 S COLUMBUS DR,"589 S COLUMBUS DR Chicago, IL",41.87454578,-87.6205153
150 E RANDOLPH ST,"150 E RANDOLPH ST Chicago, IL",41.88452844,-87.62384575
1076 W TAYLOR ST,"1076 W TAYLOR ST Chicago, IL",41.86952063,-87.6537347
431 W MADISON ST,"431 W MADISON ST Chicago, IL",41.88183085,-87.63893778
98 E GRAND AVE,"98 E GRAND AVE Chicago, IL",41.89177082,-87.62545158
209 E LAKE SHORE DR,"209 E LAKE SHORE DR Chicago, IL",41.90079783,-87.62297122
224 E LAKE SHORE DR,"224 E LAKE SHORE DR Chicago, IL",41.90096638,-87.6214041
216 E LAKE SHORE DR,"216 E LAKE SHORE DR Chicago, IL",41.90096097,-87.62156763
200 E LAKE SHORE DR,"200 E LAKE SHORE DR Chicago, IL",41.90094998,-87.62189484
196 E LAKE SHORE DR,"196 E LAKE SHORE DR Chicago, IL",41.90094714,-87.62197659
180 E LAKE SHORE DR,"180 E LAKE SHORE DR Chicago, IL",41.90093577,-87.6223036
164 E LAKE SHORE DR,"164 E LAKE SHORE DR Chicago, IL",41.90092439,-87.62263062
100 E OAK ST,"100 E OAK ST Chicago, IL",41.90084432,-87.6256792
56 E OAK ST,"56 E OAK ST Chicago, IL",41.90083107,-87.62660035
63 W PEARSON ST,"63 W PEARSON ST Chicago, IL",41.89745766,-87.62877458
93 W PEARSON ST,"93 W PEARSON ST Chicago, IL",41.89745196,-87.62900102
65 W PEARSON ST,"65 W PEARSON ST Chicago, IL",41.89745741,-87.62878991
55 W ONTARIO ST,"55 W ONTARIO ST Chicago, IL",41.89319307,-87.62954651
731 N LA SALLE ST,"731 N LA SALLE ST Chicago, IL",41.89551334,-87.63253385
733 N LA SALLE ST,"733 N LA SALLE ST Chicago, IL",41.89555624,-87.63253425
735 N LA SALLE ST,"735 N LA SALLE ST Chicago, IL",41.89567195,-87.63253687
304 W CHESTNUT ST,"304 W CHESTNUT ST Chicago, IL",41.89822881,-87.63637178
740 N ORLEANS ST,"740 N ORLEANS ST Chicago, IL",41.89613018,-87.63723957
340 W SUPERIOR ST,"340 W SUPERIOR ST Chicago, IL",41.89560571,-87.6375931
356 W SUPERIOR ST,"356 W SUPERIOR ST Chicago, IL",41.8956031,-87.63783793
360 W SUPERIOR ST,"360 W SUPERIOR ST Chicago, IL",41.89560244,-87.63789914
400 W SUPERIOR ST,"400 W SUPERIOR ST Chicago, IL",41.89558944,-87.63863322
410 W SUPERIOR ST,"410 W SUPERIOR ST Chicago, IL",41.89558493,-87.63929317
444 W SUPERIOR ST,"444 W SUPERIOR ST Chicago, IL",41.89556977,-87.64048855
674 N ORLEANS ST,"674 N ORLEANS ST Chicago, IL",41.89449665,-87.6371944
344 W ERIE ST,"344 W ERIE ST Chicago, IL",41.89399677,-87.63775852
356 W ERIE ST,"356 W ERIE ST Chicago, IL",41.89399644,-87.63790938
557 W ERIE ST,"557 W ERIE ST Chicago, IL",41.89384711,-87.64104591
642 W LAKE ST,"642 W LAKE ST Chicago, IL",41.88575244,-87.64406483
648 W LAKE ST,"648 W LAKE ST Chicago, IL",41.88575244,-87.64416728
1566 W TAYLOR ST,"1566 W TAYLOR ST Chicago, IL",41.86934271,-87.6648172
1327 N DEARBORN PKWY,"1327 N DEARBORN PKWY Chicago, IL",41.90648131,-87.62998621
843 W HARRISON ST,"843 W HARRISON ST Chicago, IL",41.87428742,-87.64802339
210 E OHIO ST,"210 E OHIO ST Chicago, IL",41.89262391,-87.62244856
410 E GRAND AVE,"410 E GRAND AVE Chicago, IL",41.89190844,-87.61744009
56 W WALTON ST,"56 W WALTON ST Chicago, IL",41.89986142,-87.63030359
1098 N WELLS ST,"1098 N WELLS ST Chicago, IL",41.90204361,-87.63448702
1010 W TAYLOR ST,"1010 W TAYLOR ST Chicago, IL",41.86955244,-87.65195516
213 E OHIO ST,"213 E OHIO ST Chicago, IL",41.89250997,-87.6224116
398 E WACKER DR,"398 E WACKER DR Chicago, IL",41.87705535,-87.63691815
388 E WACKER DR,"388 E WACKER DR Chicago, IL",41.87715387,-87.63692512
376 E WACKER DR,"376 E WACKER DR Chicago, IL",41.87727211,-87.6369335
368 E WACKER DR,"368 E WACKER DR Chicago, IL",41.87735093,-87.63693908
358 E WACKER DR,"358 E WACKER DR Chicago, IL",41.87744945,-87.63694606
340 E WACKER DR,"340 E WACKER DR Chicago, IL",41.8776268,-87.63695862
330 E WACKER DR,"330 E WACKER DR Chicago, IL",41.87772533,-87.6369656
337 E RANDOLPH ST,"337 E RANDOLPH ST Chicago, IL",41.88425185,-87.62027298
373 E RANDOLPH ST,"373 E RANDOLPH ST Chicago, IL",41.88428076,-87.61882707
161 N STETSON AVE,"161 N STETSON AVE Chicago, IL",41.8870627,-87.6223486
177 N BEAUBIEN CT,"177 N BEAUBIEN CT Chicago, IL",41.8851291,-87.6239228
191 N BEAUBIEN CT,"191 N BEAUBIEN CT Chicago, IL",41.8851291,-87.6239228
57 E RANDOLPH ST,"57 E RANDOLPH ST Chicago, IL",41.88444085,-87.6257506
521 S WABASH AVE,"521 S WABASH AVE Chicago, IL",41.8753936,-87.62594177
919 S STATE ST,"919 S STATE ST Chicago, IL",41.87035784,-87.62734123
23 N WABASH AVE,"23 N WABASH AVE Chicago, IL",41.88256898,-87.6261486
343 S WABASH AVE,"343 S WABASH AVE Chicago, IL",41.87769152,-87.62599754
381 E RANDOLPH ST,"381 E RANDOLPH ST Chicago, IL",41.88428128,-87.61874522
355 W MADISON ST,"355 W MADISON ST Chicago, IL",41.88187069,-87.63610388
188 E RANDOLPH ST,"188 E RANDOLPH ST Chicago, IL",41.88452844,-87.62384575
397 N ORLEANS ST,"397 N ORLEANS ST Chicago, IL",41.88799128,-87.63627223
1554 W AUGUSTA BLVD,"1554 W AUGUSTA BLVD Chicago, IL",41.89979069,-87.66598187
1556 W AUGUSTA BLVD,"1556 W AUGUSTA BLVD Chicago, IL",41.89979002,-87.66601721
1317 W CHICAGO AVE,"1317 W CHICAGO AVE Chicago, IL",41.89612668,-87.66021134
963 W CHICAGO AVE,"963 W CHICAGO AVE Chicago, IL",41.89627596,-87.65109747
1246 W CHICAGO AVE,"1246 W CHICAGO AVE Chicago, IL",41.89625544,-87.65938987
1256 W CHICAGO AVE,"1256 W CHICAGO AVE Chicago, IL",41.89625323,-87.65959262
1508 W CHICAGO AVE,"1508 W CHICAGO AVE Chicago, IL",41.89616092,-87.66528381
1524 W CHICAGO AVE,"1524 W CHICAGO AVE Chicago, IL",41.89615118,-87.66585046
935 N ASHLAND AVE,"935 N ASHLAND AVE Chicago, IL",41.8989266,-87.66729458
451 N MCCLURG CT,"451 N MCCLURG CT Chicago, IL",41.89001411,-87.61755814
12 E HARRISON ST,"12 E HARRISON ST Chicago, IL",41.87443343,-87.62734984
127 E RANDOLPH ST,"127 E RANDOLPH ST Chicago, IL",41.88435628,-87.62427525
28 W HARRISON ST,"28 W HARRISON ST Chicago, IL",41.8745891,-87.62998104
628 S CLARK ST,"628 S CLARK ST Chicago, IL",41.87394112,-87.6307356
91 W POLK ST,"91 W POLK ST Chicago, IL",41.87222785,-87.62902396
81 W POLK ST,"81 W POLK ST Chicago, IL",41.87222785,-87.62898915
73 W POLK ST,"73 W POLK ST Chicago, IL",41.87222785,-87.62896131
705 S DEARBORN ST,"705 S DEARBORN ST Chicago, IL",41.87327849,-87.62908915
60 S DEARBORN ST,"60 S DEARBORN ST Chicago, IL",41.88161477,-87.62946885
188 E ILLINOIS ST,"188 E ILLINOIS ST Chicago, IL",41.89101152,-87.62285751
32 S WABASH AVE,"32 S WABASH AVE Chicago, IL",41.8817195,-87.62627705
226 S WABASH AVE,"226 S WABASH AVE Chicago, IL",41.8787216,-87.6265896
228 S WABASH AVE,"228 S WABASH AVE Chicago, IL",41.8785884,-87.6266059
58 E HARRISON ST,"58 E HARRISON ST Chicago, IL",41.87445137,-87.62665188
23 E BALBO AVE,"23 E BALBO AVE Chicago, IL",41.87304045,-87.62728645
32 E 8TH ST,"32 E 8TH ST Chicago, IL",41.87186772,-87.62721842
26 E 8TH ST,"26 E 8TH ST Chicago, IL",41.871867,-87.62725075
68 E 9TH ST,"68 E 9TH ST Chicago, IL",41.87060131,-87.62630552
60 E 9TH ST,"60 E 9TH ST Chicago, IL",41.87059979,-87.62639096
72 E 11TH ST,"72 E 11TH ST Chicago, IL",41.86935444,-87.62482617
32 E 11TH ST,"32 E 11TH ST Chicago, IL",41.86930506,-87.62705449
30 E 11TH ST,"30 E 11TH ST Chicago, IL",41.86930466,-87.62707263
1017 S WABASH AVE,"1017 S WABASH AVE Chicago, IL",41.86989121,-87.6258163
555 S MORGAN ST,"555 S MORGAN ST Chicago, IL",41.87521393,-87.6517633
186 E RANDOLPH ST,"186 E RANDOLPH ST Chicago, IL",41.88452844,-87.62384575
872 S WABASH AVE,"872 S WABASH AVE Chicago, IL",41.87092445,-87.62599539
735 S STATE ST,"735 S STATE ST Chicago, IL",41.87222545,-87.62738773
85 W POLK ST,"85 W POLK ST Chicago, IL",41.87222785,-87.62900308
687 S FEDERAL ST,"687 S FEDERAL ST Chicago, IL",41.87358952,-87.62956109
745 S FEDERAL ST,"745 S FEDERAL ST Chicago, IL",41.87289409,-87.62954156
721 S DEARBORN ST,"721 S DEARBORN ST Chicago, IL",41.87311938,-87.62908393
717 S DEARBORN ST,"717 S DEARBORN ST Chicago, IL",41.87315916,-87.62908523
42 W JACKSON BLVD,"42 W JACKSON BLVD Chicago, IL",41.87823744,-87.62814009
51 E LAKE ST,"51 E LAKE ST Chicago, IL",41.88566633,-87.62597941
41 N WABASH AVE,"41 N WABASH AVE Chicago, IL",41.88270986,-87.6261518
36 S WABASH AVE,"36 S WABASH AVE Chicago, IL",41.88167965,-87.62627566
504 S DEARBORN ST,"504 S DEARBORN ST Chicago, IL",41.87578204,-87.62931969
82 S DEARBORN ST,"82 S DEARBORN ST Chicago, IL",41.88149254,-87.62946376
33 N LA SALLE ST,"33 N LA SALLE ST Chicago, IL",41.88266941,-87.63230392
1135 W HARRISON ST,"1135 W HARRISON ST Chicago, IL",41.87419448,-87.65519361
1236 N DEARBORN PKWY,"1236 N DEARBORN PKWY Chicago, IL",41.90462516,-87.6300834
725 W ROOSEVELT RD,"725 W ROOSEVELT RD Chicago, IL",41.86710685,-87.64551999
1585 W TAYLOR ST,"1585 W TAYLOR ST Chicago, IL",41.86922185,-87.66554248
35 E HARRISON ST,"35 E HARRISON ST Chicago, IL",41.87433385,-87.62701977
983 W TAYLOR ST,"983 W TAYLOR ST Chicago, IL",41.86943785,-87.6514691
51 S FRANKLIN ST,"51 S FRANKLIN ST Chicago, IL",41.8816001,-87.63522558
184 E RANDOLPH ST,"184 E RANDOLPH ST Chicago, IL",41.88452844,-87.62384575
1204 N CLARK ST,"1204 N CLARK ST Chicago, IL",41.90403052,-87.6315263
980 N DEARBORN ST,"980 N DEARBORN ST Chicago, IL",41.89962162,-87.62992862
81 W WALTON ST,"81 W WALTON ST Chicago, IL",41.89973579,-87.63084263
866 N CLARK ST,"866 N CLARK ST Chicago, IL",41.89818031,-87.63136236
812 N CLARK ST,"812 N CLARK ST Chicago, IL",41.89696598,-87.63133121
702 W FULTON ST,"702 W FULTON ST Chicago, IL",41.88685944,-87.64620578
364 E WACKER DR,"364 E WACKER DR Chicago, IL",41.87739034,-87.63694187
231 E SOUTH WATER ST,"231 E SOUTH WATER ST Chicago, IL",41.8867897,-87.6222163
895 W HARRISON ST,"895 W HARRISON ST Chicago, IL",41.87430893,-87.649033
1305 W CHICAGO AVE,"1305 W CHICAGO AVE Chicago, IL",41.89613534,-87.65976868
254 N WABASH AVE,"254 N WABASH AVE Chicago, IL",41.88603979,-87.62637331
824 S WABASH AVE,"824 S WABASH AVE Chicago, IL",41.87149872,-87.62600874
895 N WELLS ST,"895 N WELLS ST Chicago, IL",41.89812299,-87.63418164
113 S WELLS ST,"113 S WELLS ST Chicago, IL",41.879905,-87.63369627
747 N NOBLE ST,"747 N NOBLE ST Chicago, IL",41.89572758,-87.66231806
847 N NOBLE ST,"847 N NOBLE ST Chicago, IL",41.89700112,-87.66234743
1018 W HUBBARD ST,"1018 W HUBBARD ST Chicago, IL",41.890086,-87.65331682
1534 N ELSTON AVE,"1534 N ELSTON AVE Chicago, IL",41.90975813,-87.6616485
299 W HADDOCK PL,"299 W HADDOCK PL Chicago, IL",41.88621385,-87.63459579
356 N CLARK ST,"356 N CLARK ST Chicago, IL",41.88859942,-87.63112301
1147 N WELLS ST,"1147 N WELLS ST Chicago, IL",41.90328309,-87.63437877
1444 W HUBBARD ST,"1444 W HUBBARD ST Chicago, IL",41.88999144,-87.66391788
1500 W HUBBARD ST,"1500 W HUBBARD ST Chicago, IL",41.88996168,-87.66556474
1508 W HUBBARD ST,"1508 W HUBBARD ST Chicago, IL",41.88995746,-87.66568507
504 S HALSTED ST,"504 S HALSTED ST Chicago, IL",41.87497248,-87.64722748
652 N NOBLE ST,"652 N NOBLE ST Chicago, IL",41.89393344,-87.66242021
834 W ROOSEVELT RD,"834 W ROOSEVELT RD Chicago, IL",41.86720303,-87.64764652
222 S WABASH AVE,"222 S WABASH AVE Chicago, IL",41.878917,-87.6263018
1222 W HUBBARD ST,"1222 W HUBBARD ST Chicago, IL",41.89003644,-87.6583489
33 E HARRISON ST,"33 E HARRISON ST Chicago, IL",41.87433385,-87.62704591
14 W RANDOLPH ST,"14 W RANDOLPH ST Chicago, IL",41.88454517,-87.6283509
32 W RANDOLPH ST,"32 W RANDOLPH ST Chicago, IL",41.88453988,-87.62889639
1261 W HUBBARD ST,"1261 W HUBBARD ST Chicago, IL",41.88992185,-87.65831279
57 W LAKE ST,"57 W LAKE ST Chicago, IL",41.88569185,-87.62881947
1294 W TAYLOR ST,"1294 W TAYLOR ST Chicago, IL",41.86945345,-87.65820709
176 N STETSON AVE,"176 N STETSON AVE Chicago, IL",41.8854818,-87.62237938
165 N STETSON AVE,"165 N STETSON AVE Chicago, IL",41.8853102,-87.6221901
1449 W HUBBARD ST,"1449 W HUBBARD ST Chicago, IL",41.88987685,-87.66412923
983 S HALSTED ST,"983 S HALSTED ST Chicago, IL",41.86985454,-87.64685828
1365 W HUBBARD ST,"1365 W HUBBARD ST Chicago, IL",41.88988585,-87.66139936
390 W JACKSON BLVD,"390 W JACKSON BLVD Chicago, IL",41.8781316,-87.63726032
1044 N ORLEANS ST,"1044 N ORLEANS ST Chicago, IL",41.90147647,-87.63743778
1271 W TAYLOR ST,"1271 W TAYLOR ST Chicago, IL",41.86932265,-87.65890449
40 W HARRISON ST,"40 W HARRISON ST Chicago, IL",41.87458492,-87.63008769
28 E JACKSON BLVD,"28 E JACKSON BLVD Chicago, IL",41.87828082,-87.62701183
326 N ORLEANS ST,"326 N ORLEANS ST Chicago, IL",41.8878077,-87.63628583
136 W KINZIE ST,"136 W KINZIE ST Chicago, IL",41.88925856,-87.63158074
138 W KINZIE ST,"138 W KINZIE ST Chicago, IL",41.8892581,-87.63160534
140 W KINZIE ST,"140 W KINZIE ST Chicago, IL",41.88925763,-87.63162994
1502 W HUBBARD ST,"1502 W HUBBARD ST Chicago, IL",41.88996063,-87.66559482
1504 W HUBBARD ST,"1504 W HUBBARD ST Chicago, IL",41.87016078,-87.64688685
925 N WELLS ST,"925 N WELLS ST Chicago, IL",41.89965468,-87.63424159
1263 W TAYLOR ST,"1263 W TAYLOR ST Chicago, IL",41.86932367,-87.65884319
355 S WELLS ST,"355 S WELLS ST Chicago, IL",41.877425,-87.63363333
363 S WELLS ST,"363 S WELLS ST Chicago, IL",41.87733076,-87.63363056
422 E WACKER DR,"422 E WACKER DR Chicago, IL",41.8878201,-87.6207076
378 E WACKER DR,"378 E WACKER DR Chicago, IL",41.8772524,-87.6369321
356 E WACKER DR,"356 E WACKER DR Chicago, IL",41.87746916,-87.63694746
167 N STETSON AVE,"167 N STETSON AVE Chicago, IL",41.8870627,-87.6223486
1501 W HUBBARD ST,"1501 W HUBBARD ST Chicago, IL",41.88984722,-87.6655575
221 W ADAMS ST,"221 W ADAMS ST Chicago, IL",41.87932784,-87.63410039
211 W ADAMS ST,"211 W ADAMS ST Chicago, IL",41.87932885,-87.6339671
719 S DEARBORN ST,"719 S DEARBORN ST Chicago, IL",41.87313927,-87.62908458
1157 S CANAL ST,"1157 S CANAL ST Chicago, IL",41.8678179,-87.639134
1145 W HUBBARD ST,"1145 W HUBBARD ST Chicago, IL",41.88993985,-87.65612484
917 W HUBBARD ST,"917 W HUBBARD ST Chicago, IL",41.88999385,-87.65082203
820 W HUBBARD ST,"820 W HUBBARD ST Chicago, IL",41.89013544,-87.6482743
909 N WELLS ST,"909 N WELLS ST Chicago, IL",41.89924368,-87.63422618
452 W ROOSEVELT RD,"452 W ROOSEVELT RD Chicago, IL",41.8673785,-87.63858806
1444 W ROOSEVELT RD,"1444 W ROOSEVELT RD Chicago, IL",41.8669567,-87.66267529
1021 W ROOSEVELT RD,"1021 W ROOSEVELT RD Chicago, IL",41.8670026,-87.6512031
249 S FRANKLIN ST,"249 S FRANKLIN ST Chicago, IL",41.87855263,-87.63513549
61 S FRANKLIN ST,"61 S FRANKLIN ST Chicago, IL",41.88154475,-87.63522432
525 N MICHIGAN AVE,"525 N MICHIGAN AVE Chicago, IL",41.89167685,-87.62401628
512 N STATE ST,"512 N STATE ST Chicago, IL",41.89173504,-87.62814822
516 W ADAMS ST,"516 W ADAMS ST Chicago, IL",41.87934093,-87.64184962
1454 W HUBBARD ST,"1454 W HUBBARD ST Chicago, IL",41.88998777,-87.66419972
214 S WABASH AVE,"214 S WABASH AVE Chicago, IL",41.87929614,-87.6261962
214 S COLUMBUS DR,"214 S COLUMBUS DR Chicago, IL",41.87903315,-87.62080663
850 N WELLS ST,"850 N WELLS ST Chicago, IL",41.89701387,-87.63429562
1328 N HALSTED ST,"1328 N HALSTED ST Chicago, IL",41.90547041,-87.6482085
331 E RANDOLPH ST,"331 E RANDOLPH ST Chicago, IL",41.88425185,-87.62030662
344 E WACKER DR,"344 E WACKER DR Chicago, IL",41.87758739,-87.63695583
326 E WACKER DR,"326 E WACKER DR Chicago, IL",41.87776474,-87.63696839
235 E SOUTH WATER ST,"235 E SOUTH WATER ST Chicago, IL",41.8867907,-87.6222163
818 N WELLS ST,"818 N WELLS ST Chicago, IL",41.89678092,-87.63428715
162 W QUINCY ST,"162 W QUINCY ST Chicago, IL",41.87883854,-87.63118676
168 W QUINCY ST,"168 W QUINCY ST Chicago, IL",41.87883771,-87.63121618
172 W QUINCY ST,"172 W QUINCY ST Chicago, IL",41.87883716,-87.63123579
184 W QUINCY ST,"184 W QUINCY ST Chicago, IL",41.8788355,-87.63129462
257 S FRANKLIN ST,"257 S FRANKLIN ST Chicago, IL",41.87849076,-87.6351347
2 S FRANKLIN ST,"2 S FRANKLIN ST Chicago, IL",41.88187435,-87.63538663
19 N WACKER DR,"19 N WACKER DR Chicago, IL",41.88265399,-87.63670629
919 N NOBLE ST,"919 N NOBLE ST Chicago, IL",41.89867344,-87.66239676
1215 N MILWAUKEE AVE,"1215 N MILWAUKEE AVE Chicago, IL",41.90373142,-87.66695115
1275 N MILWAUKEE AVE,"1275 N MILWAUKEE AVE Chicago, IL",41.90490962,-87.66878432
1463 N MILWAUKEE AVE,"1463 N MILWAUKEE AVE Chicago, IL",41.90830607,-87.67411416
1469 N MILWAUKEE AVE,"1469 N MILWAUKEE AVE Chicago, IL",41.90836977,-87.67421216
1412 N HALSTED ST,"1412 N HALSTED ST Chicago, IL",41.90676084,-87.64824634
1306 N CLARK ST,"1306 N CLARK ST Chicago, IL",41.9060995,-87.63159556
1310 N CLARK ST,"1310 N CLARK ST Chicago, IL",41.90627306,-87.63160066
532 S HALSTED ST,"532 S HALSTED ST Chicago, IL",41.8748015,-87.64722201
534 N ST CLAIR ST,"534 N ST CLAIR ST Chicago, IL",41.8923136,-87.62275854
167 E GRAND AVE,"167 E GRAND AVE Chicago, IL",41.8916922,-87.62315782
159 E ILLINOIS ST,"159 E ILLINOIS ST Chicago, IL",41.89088855,-87.62323938
1334 N CLARK ST,"1334 N CLARK ST Chicago, IL",41.86339841,-87.63037192
1018 N DEARBORN ST,"1018 N DEARBORN ST Chicago, IL",41.9008464,-87.62997523
1463 N CLARK ST,"1463 N CLARK ST Chicago, IL",41.9083761,-87.63150614
62 E ILLINOIS ST,"62 E ILLINOIS ST Chicago, IL",41.8909574,-87.62611645
851 N DEARBORN ST,"851 N DEARBORN ST Chicago, IL",41.89815119,-87.62974265
1518 W HUBBARD ST,"1518 W HUBBARD ST Chicago, IL",41.88995544,-87.66583195
1520 W HUBBARD ST,"1520 W HUBBARD ST Chicago, IL",41.88995544,-87.66586207
1526 W HUBBARD ST,"1526 W HUBBARD ST Chicago, IL",41.88995544,-87.66595241
1532 W HUBBARD ST,"1532 W HUBBARD ST Chicago, IL",41.88995544,-87.66604275
1501 N MILWAUKEE AVE,"1501 N MILWAUKEE AVE Chicago, IL",41.90876171,-87.67482435
1526 N MILWAUKEE AVE,"1526 N MILWAUKEE AVE Chicago, IL",41.90923879,-87.67579618
1524 N MILWAUKEE AVE,"1524 N MILWAUKEE AVE Chicago, IL",41.90921762,-87.6757635
687 W HARRISON ST,"687 W HARRISON ST Chicago, IL",41.87429785,-87.64365152
752 N DEARBORN ST,"752 N DEARBORN ST Chicago, IL",41.89600061,-87.62983897
853 N DEARBORN ST,"853 N DEARBORN ST Chicago, IL",41.89818562,-87.6297438
1525 N DEARBORN ST,"1525 N DEARBORN ST Chicago, IL",41.90991328,-87.63008997
1189 N ELSTON AVE,"1189 N ELSTON AVE Chicago, IL",41.90295564,-87.65770679
1297 N WELLS ST,"1297 N WELLS ST Chicago, IL",41.90487076,-87.63443958
730 N WELLS ST,"730 N WELLS ST Chicago, IL",41.89565047,-87.63425278
825 W HUBBARD ST,"825 W HUBBARD ST Chicago, IL",41.89001631,-87.64854063
1530 W HUBBARD ST,"1530 W HUBBARD ST Chicago, IL",41.88995544,-87.66601264
824 N NOBLE ST,"824 N NOBLE ST Chicago, IL",41.89692483,-87.66249924
206 N OGDEN AVE,"206 N OGDEN AVE Chicago, IL",41.88551333,-87.6628333
1210 N DEARBORN PKWY,"1210 N DEARBORN PKWY Chicago, IL",41.90415668,-87.63007087
69 W WALTON ST,"69 W WALTON ST Chicago, IL",41.89974133,-87.630571
948 N CLARK ST,"948 N CLARK ST Chicago, IL",41.89973185,-87.63140623
807 N WELLS ST,"807 N WELLS ST Chicago, IL",41.89752161,-87.63415768
110 W ILLINOIS ST,"110 W ILLINOIS ST Chicago, IL",41.89087666,-87.63130794
10 W ILLINOIS ST,"10 W ILLINOIS ST Chicago, IL",41.89088572,-87.62981845
1521 N MILWAUKEE AVE,"1521 N MILWAUKEE AVE Chicago, IL",41.9091629,-87.67544454
1525 N MILWAUKEE AVE,"1525 N MILWAUKEE AVE Chicago, IL",41.90921936,-87.67553168
1538 N MILWAUKEE AVE,"1538 N MILWAUKEE AVE Chicago, IL",41.90944368,-87.67610113
1470 N MILWAUKEE AVE,"1470 N MILWAUKEE AVE Chicago, IL",41.90856772,-87.67475359
17 W OHIO ST,"17 W OHIO ST Chicago, IL",41.89239685,-87.62907069
330 E OHIO ST,"330 E OHIO ST Chicago, IL",41.89266859,-87.61927859
334 E OHIO ST,"334 E OHIO ST Chicago, IL",41.89267104,-87.61915843
489 W HARRISON ST,"489 W HARRISON ST Chicago, IL",41.87435195,-87.63925939
33 W OHIO ST,"33 W OHIO ST Chicago, IL",41.89239685,-87.62917417
13 W OHIO ST,"13 W OHIO ST Chicago, IL",41.89239685,-87.62904483
628 S HALSTED ST,"628 S HALSTED ST Chicago, IL",41.87384028,-87.64728168
721 N NOBLE ST,"721 N NOBLE ST Chicago, IL",41.89501182,-87.6622978
1480 W ERIE ST,"1480 W ERIE ST Chicago, IL",41.89343328,-87.66504867
889 W HUBBARD ST,"889 W HUBBARD ST Chicago, IL",41.88999708,-87.65041319
1551 W DIVISION ST,"1551 W DIVISION ST Chicago, IL",41.90329585,-87.66686806
924 N CLARK ST,"924 N CLARK ST Chicago, IL",41.89952686,-87.63140171
877 N CLARK ST,"877 N CLARK ST Chicago, IL",41.89764154,-87.63119242
168 E SOUTH WATER ST,"168 E SOUTH WATER ST Chicago, IL",41.8865329,-87.6176973
513 N CLARK ST,"513 N CLARK ST Chicago, IL",41.89131556,-87.63103975
124 E LAKE ST,"124 E LAKE ST Chicago, IL",41.88582444,-87.62369455
3 E ONTARIO ST,"3 E ONTARIO ST Chicago, IL",41.89321585,-87.62798707
80 E HUBBARD ST,"80 E HUBBARD ST Chicago, IL",41.89013506,-87.62696752
965 N DEARBORN ST,"965 N DEARBORN ST Chicago, IL",41.89948555,-87.62977023
513 E GRAND AVE,"513 E GRAND AVE Chicago, IL",41.89193639,-87.61146578
1166 N CLARK ST,"1166 N CLARK ST Chicago, IL",41.90329587,-87.63150542
1503 W ERIE ST,"1503 W ERIE ST Chicago, IL",41.89331191,-87.66568297
1379 N MILWAUKEE AVE,"1379 N MILWAUKEE AVE Chicago, IL",41.90695619,-87.67199177
1565 N MILWAUKEE AVE,"1565 N MILWAUKEE AVE Chicago, IL",41.90990207,-87.67653323
309 W RANDOLPH ST,"309 W RANDOLPH ST Chicago, IL",41.88440485,-87.63556193
179 N WELLS ST,"179 N WELLS ST Chicago, IL",41.8853067,-87.63384167
455 W HARRISON ST,"455 W HARRISON ST Chicago, IL",41.87435884,-87.63874944
252 E OHIO ST,"252 E OHIO ST Chicago, IL",41.89263473,-87.62175227
435 N GREEN ST,"435 N GREEN ST Chicago, IL",41.89066277,-87.6487025
509 N CLARK ST,"509 N CLARK ST Chicago, IL",41.89130371,-87.63103931
390 N CLARK ST,"390 N CLARK ST Chicago, IL",41.88905003,-87.63113168
887 W TAYLOR ST,"887 W TAYLOR ST Chicago, IL",41.86948404,-87.64761979
217 N JEFFERSON ST,"217 N JEFFERSON ST Chicago, IL",41.8859245,-87.64270016
222 W MADISON ST,"222 W MADISON ST Chicago, IL",41.88199863,-87.63420008
1371 N CLARK ST,"1371 N CLARK ST Chicago, IL",41.90705669,-87.63146984
175 E SOUTH WATER ST,"175 E SOUTH WATER ST Chicago, IL",41.8865329,-87.6176973
177 E SOUTH WATER ST,"177 E SOUTH WATER ST Chicago, IL",41.8865329,-87.6176973
1202 N CLARK ST,"1202 N CLARK ST Chicago, IL",41.90399447,-87.63152544
745 N CLARK ST,"745 N CLARK ST Chicago, IL",41.89587334,-87.63114956
675 N CLARK ST,"675 N CLARK ST Chicago, IL",41.89447948,-87.63111821
355 E OHIO ST,"355 E OHIO ST Chicago, IL",41.89256971,-87.61851936
750 N LAKE SHORE DR,"750 N LAKE SHORE DR Chicago, IL",41.89589135,-87.61649676
1304 N WELLS ST,"1304 N WELLS ST Chicago, IL",41.90678246,-87.63465488
176 W CHICAGO AVE,"176 W CHICAGO AVE Chicago, IL",41.89666044,-87.63374091
178 W CHICAGO AVE,"178 W CHICAGO AVE Chicago, IL",41.89666044,-87.63377611
333 S FRANKLIN ST,"333 S FRANKLIN ST Chicago, IL",41.87767169,-87.63511919
855 N DEARBORN ST,"855 N DEARBORN ST Chicago, IL",41.89822006,-87.62974495
269 S LA SALLE ST,"269 S LA SALLE ST Chicago, IL",41.87839337,-87.63218701
1388 N CLARK ST,"1388 N CLARK ST Chicago, IL",41.90684194,-87.63161739
1367 N CLARK ST,"1367 N CLARK ST Chicago, IL",41.90670946,-87.63145949
503 N DEARBORN ST,"503 N DEARBORN ST Chicago, IL",41.89096746,-87.62955497
611 N DEARBORN ST,"611 N DEARBORN ST Chicago, IL",41.89319004,-87.6296172
0 W ARCADE PL,"1 W ARCADE PL Chicago, IL",41.8813131,-87.6319177
444 N STATE ST,"444 N STATE ST Chicago, IL",41.89061104,-87.62810593
514 N PESHTIGO CT,"514 N PESHTIGO CT Chicago, IL",41.8912966,-87.6152891
209 E OHIO ST,"209 E OHIO ST Chicago, IL",41.89250874,-87.62247787
247 E OHIO ST,"247 E OHIO ST Chicago, IL",41.89251878,-87.6218488
411 E OHIO ST,"411 E OHIO ST Chicago, IL",41.89258949,-87.61745888
16 W OHIO ST,"16 W OHIO ST Chicago, IL",41.89251436,-87.62873489
336 E OHIO ST,"336 E OHIO ST Chicago, IL",41.89267226,-87.61909835
121 W ERIE ST,"121 W ERIE ST Chicago, IL",41.89394705,-87.63294697
17 E ERIE ST,"17 E ERIE ST Chicago, IL",41.8940303,-87.62725764
353 E GRAND AVE,"353 E GRAND AVE Chicago, IL",41.89175785,-87.61939647
1406 W HUBBARD ST,"1406 W HUBBARD ST Chicago, IL",41.89000044,-87.66290446
416 E ILLINOIS ST,"416 E ILLINOIS ST Chicago, IL",41.89111569,-87.61721027
33 E GRAND AVE,"33 E GRAND AVE Chicago, IL",41.89163626,-87.62624827
329 E ILLINOIS ST,"329 E ILLINOIS ST Chicago, IL",41.89093618,-87.62068064
95 W LAKE ST,"95 W LAKE ST Chicago, IL",41.88569185,-87.62936352
81 W LAKE ST,"81 W LAKE ST Chicago, IL",41.88569185,-87.62916308
1110 N DEARBORN ST,"1110 N DEARBORN ST Chicago, IL",41.9022033,-87.63001366
1336 N CLARK ST,"1336 N CLARK ST Chicago, IL",41.86334104,-87.63037047
471 E GRAND AVE,"471 E GRAND AVE Chicago, IL",41.89182611,-87.61540141
1489 W WASHINGTON BLVD,"1489 W WASHINGTON BLVD Chicago, IL",41.88282085,-87.66352331
201 W KINZIE ST,"201 W KINZIE ST Chicago, IL",41.88911185,-87.63381717
18 N WABASH AVE,"18 N WABASH AVE Chicago, IL",41.88267421,-87.62630492
211 E ONTARIO ST,"211 E ONTARIO ST Chicago, IL",41.89331243,-87.62236121
555 N RUSH ST,"555 N RUSH ST Chicago, IL",41.89135231,-87.62528704
119 E GRAND AVE,"119 E GRAND AVE Chicago, IL",41.89167685,-87.62378231
93 E GRAND AVE,"93 E GRAND AVE Chicago, IL",41.89165391,-87.62551762
807 W LAKE ST,"807 W LAKE ST Chicago, IL",41.88559943,-87.64785708
465 W HARRISON ST,"465 W HARRISON ST Chicago, IL",41.87435681,-87.63889943
418 E ILLINOIS ST,"418 E ILLINOIS ST Chicago, IL",41.89111655,-87.61716254
432 E ILLINOIS ST,"432 E ILLINOIS ST Chicago, IL",41.89112259,-87.61682838
509 E GRAND AVE,"509 E GRAND AVE Chicago, IL",41.89193572,-87.61147552
1203 W HUBBARD ST,"1203 W HUBBARD ST Chicago, IL",41.88993085,-87.65745937
88 W LAKE ST,"88 W LAKE ST Chicago, IL",41.88580644,-87.62927463
69 W LAKE ST,"69 W LAKE ST Chicago, IL",41.88569185,-87.62899128
502 S WABASH AVE,"502 S WABASH AVE Chicago, IL",41.87560436,-87.62610179
218 S CLARK ST,"218 S CLARK ST Chicago, IL",41.87916157,-87.63089022
729 S FEDERAL ST,"729 S FEDERAL ST Chicago, IL",41.87305995,-87.62954499
739 S FEDERAL ST,"739 S FEDERAL ST Chicago, IL",41.87295629,-87.62954285
170 N FRANKLIN ST,"170 N FRANKLIN ST Chicago, IL",41.88515179,-87.63547092
715 N DEARBORN ST,"715 N DEARBORN ST Chicago, IL",41.89584275,-87.62968146
731 N DEARBORN ST,"731 N DEARBORN ST Chicago, IL",41.89598713,-87.6296847
49 W WALTON ST,"49 W WALTON ST Chicago, IL",41.89974985,-87.63012038
51 W WALTON ST,"51 W WALTON ST Chicago, IL",41.89974965,-87.63016356
883 N CLARK ST,"883 N CLARK ST Chicago, IL",41.89771654,-87.63119426
832 N CLARK ST,"832 N CLARK ST Chicago, IL",41.89741692,-87.63134135
1029 W HUBBARD ST,"1029 W HUBBARD ST Chicago, IL",41.88996988,-87.65335241
529 E GRAND AVE,"529 E GRAND AVE Chicago, IL",41.89193995,-87.61142307
79 W MONROE ST,"79 W MONROE ST Chicago, IL",41.88064877,-87.63026123
541 N MICHIGAN AVE,"541 N MICHIGAN AVE Chicago, IL",41.89192927,-87.62401327
129 W LAKE ST,"129 W LAKE ST Chicago, IL",41.88567385,-87.63290234
127 W LAKE ST,"127 W LAKE ST Chicago, IL",41.88567385,-87.63287517
86 W LAKE ST,"86 W LAKE ST Chicago, IL",41.88580644,-87.6292454
415 N STATE ST,"415 N STATE ST Chicago, IL",41.88972225,-87.62792339
534 N MCCLURG CT,"534 N MCCLURG CT Chicago, IL",41.89155857,-87.61776182
1084 S CLINTON ST,"1084 S CLINTON ST Chicago, IL",41.86916197,-87.64085619
530 S PLYMOUTH CT,"530 S PLYMOUTH CT Chicago, IL",41.87522048,-87.6287728
536 S PLYMOUTH CT,"536 S PLYMOUTH CT Chicago, IL",41.87516578,-87.62877166
646 S PLYMOUTH CT,"646 S PLYMOUTH CT Chicago, IL",41.87400881,-87.62875425
670 S PLYMOUTH CT,"670 S PLYMOUTH CT Chicago, IL",41.87375983,-87.62874939
686 S PLYMOUTH CT,"686 S PLYMOUTH CT Chicago, IL",41.87359384,-87.62874615
690 S PLYMOUTH CT,"690 S PLYMOUTH CT Chicago, IL",41.87355235,-87.62874534
627 S DEARBORN ST,"627 S DEARBORN ST Chicago, IL",41.87420173,-87.62912115
731 S FEDERAL ST,"731 S FEDERAL ST Chicago, IL",41.87303922,-87.62954456
1 E 8TH ST,"1 E 8TH ST Chicago, IL",41.87175085,-87.62737781
1006 S STATE ST,"1006 S STATE ST Chicago, IL",41.86983304,-87.62764108
1111 W ROOSEVELT RD,"1111 W ROOSEVELT RD Chicago, IL",41.86690329,-87.65505813
390 E RANDOLPH ST,"390 E RANDOLPH ST Chicago, IL",41.88457856,-87.61844143
21 W OHIO ST,"21 W OHIO ST Chicago, IL",41.89239685,-87.62909656
333 S WABASH AVE,"333 S WABASH AVE Chicago, IL",41.87780933,-87.62599882
47 W CHICAGO AVE,"47 W CHICAGO AVE Chicago, IL",41.89658643,-87.63060728
30 S WABASH AVE,"30 S WABASH AVE Chicago, IL",41.88173943,-87.62627774
40 E 11TH ST,"40 E 11TH ST Chicago, IL",41.86930668,-87.62698192
34 E 11TH ST,"34 E 11TH ST Chicago, IL",41.86930547,-87.62703635
33 E 11TH ST,"33 E 11TH ST Chicago, IL",41.86922185,-87.62557237
701 S DEARBORN ST,"701 S DEARBORN ST Chicago, IL",41.87331827,-87.62909045
629 S DEARBORN ST,"629 S DEARBORN ST Chicago, IL",41.87418037,-87.6291204
112 W ADAMS ST,"112 W ADAMS ST Chicago, IL",41.8794541,-87.63253245
0 E SOUTH WATER ST,"1 E SOUTH WATER ST Chicago, IL",41.8865329,-87.6176973
369 E RANDOLPH ST,"369 E RANDOLPH ST Chicago, IL",41.8842805,-87.61886799
183 E GRAND AVE,"183 E GRAND AVE Chicago, IL",41.89169587,-87.62294858
9 E GRAND AVE,"9 E GRAND AVE Chicago, IL",41.89163185,-87.62654246
1553 W CHICAGO AVE,"1553 W CHICAGO AVE Chicago, IL",41.89602955,-87.66634272
441 W CHICAGO AVE,"441 W CHICAGO AVE Chicago, IL",41.89646676,-87.63948919
1507 W HARRISON ST,"1507 W HARRISON ST Chicago, IL",41.87409974,-87.66471238
1472 W HUBBARD ST,"1472 W HUBBARD ST Chicago, IL",41.88997453,-87.66469199
316 S WABASH AVE,"316 S WABASH AVE Chicago, IL",41.8779966,-87.62615481
663 S FEDERAL ST,"663 S FEDERAL ST Chicago, IL",41.87383773,-87.62956984
53 W WALTON ST,"53 W WALTON ST Chicago, IL",41.89974872,-87.63020883
704 S DEARBORN ST,"704 S DEARBORN ST Chicago, IL",41.87327569,-87.62924299
616 S DEARBORN ST,"616 S DEARBORN ST Chicago, IL",41.87430553,-87.62927871
17 W SUPERIOR ST,"17 W SUPERIOR ST Chicago, IL",41.89561885,-87.62848115
127 W ERIE ST,"127 W ERIE ST Chicago, IL",41.89394573,-87.63298766
470 E ERIE ST,"470 E ERIE ST Chicago, IL",41.89432736,-87.6160505
448 E ONTARIO ST,"448 E ONTARIO ST Chicago, IL",41.89351944,-87.61580778
275 E ONTARIO ST,"275 E ONTARIO ST Chicago, IL",41.89334351,-87.62067147
155 W ONTARIO ST,"155 W ONTARIO ST Chicago, IL",41.89314385,-87.63333631
227 W INSTITUTE PL,"227 W INSTITUTE PL Chicago, IL",41.89735265,-87.635121
221 W INSTITUTE PL,"221 W INSTITUTE PL Chicago, IL",41.8973535,-87.63507833
1422 N MILWAUKEE AVE,"1422 N MILWAUKEE AVE Chicago, IL",41.90772044,-87.67343167
1532 N MILWAUKEE AVE,"1532 N MILWAUKEE AVE Chicago, IL",41.90930231,-87.67589422
1492 N HALSTED ST,"1492 N HALSTED ST Chicago, IL",41.90841661,-87.64828693
11 E CEDAR ST,"11 E CEDAR ST Chicago, IL",41.90232901,-87.62785581
101 E OAK ST,"101 E OAK ST Chicago, IL",41.90072975,-87.62567623
3 E 8TH ST,"3 E 8TH ST Chicago, IL",41.87175085,-87.62735057
215 N COLUMBUS DR,"215 N COLUMBUS DR Chicago, IL",41.88618363,-87.62050708
1413 W HUBBARD ST,"1413 W HUBBARD ST Chicago, IL",41.88989415,-87.66263063
827 N CLARK ST,"827 N CLARK ST Chicago, IL",41.89702036,-87.63117846
674 N CLARK ST,"674 N CLARK ST Chicago, IL",41.8941833,-87.63126652
707 N DEARBORN ST,"707 N DEARBORN ST Chicago, IL",41.89577055,-87.62967982
33 W DELAWARE PL,"33 W DELAWARE PL Chicago, IL",41.89907485,-87.62880571
3 E DELAWARE PL,"3 E DELAWARE PL Chicago, IL",41.89908385,-87.6281255
258 E WALTON PL,"258 E WALTON PL Chicago, IL",41.90011999,-87.62086738
232 E WALTON PL,"232 E WALTON PL Chicago, IL",41.90011344,-87.62122905
320 S COLUMBUS DR,"320 S COLUMBUS DR Chicago, IL",41.87804345,-87.62074652
324 S COLUMBUS DR,"324 S COLUMBUS DR Chicago, IL",41.87799721,-87.62074521
829 N STATE ST,"829 N STATE ST Chicago, IL",41.89785348,-87.62815454
861 N STATE ST,"861 N STATE ST Chicago, IL",41.89818513,-87.62816363
838 N NOBLE ST,"838 N NOBLE ST Chicago, IL",41.897208,-87.6625076
143 W DIVISION ST,"143 W DIVISION ST Chicago, IL",41.90381615,-87.63341304
136 W DIVISION ST,"136 W DIVISION ST Chicago, IL",41.90392901,-87.6335345
401 N MILWAUKEE AVE,"401 N MILWAUKEE AVE Chicago, IL",41.88911501,-87.64434122
743 N CLARK ST,"743 N CLARK ST Chicago, IL",41.89584706,-87.63114897
432 N WABASH AVE,"432 N WABASH AVE Chicago, IL",41.89020166,-87.62674422
944 W LAKE ST,"944 W LAKE ST Chicago, IL",41.88565278,-87.65126257
86 E 11TH ST,"86 E 11TH ST Chicago, IL",41.86935801,-87.62453554
82 W POLK ST,"82 W POLK ST Chicago, IL",41.87232444,-87.63019515
633 N NOBLE ST,"633 N NOBLE ST Chicago, IL",41.89351888,-87.66225313
22 E VAN BUREN ST,"22 E VAN BUREN ST Chicago, IL",41.87703579,-87.62585299
115 W HUBBARD ST,"115 W HUBBARD ST Chicago, IL",41.88995958,-87.63133094
17 E HUBBARD ST,"17 E HUBBARD ST Chicago, IL",41.89001186,-87.62773622
160 E ERIE ST,"160 E ERIE ST Chicago, IL",41.89418544,-87.62471856
184 E ERIE ST,"184 E ERIE ST Chicago, IL",41.89418585,-87.62446691
358 E OHIO ST,"358 E OHIO ST Chicago, IL",41.8926865,-87.61842932
360 E OHIO ST,"360 E OHIO ST Chicago, IL",41.89268726,-87.61839767
402 S COLUMBUS DR,"402 S COLUMBUS DR Chicago, IL",41.87709553,-87.62071986
932 N NOBLE ST,"932 N NOBLE ST Chicago, IL",41.89898302,-87.6625578
545 N RUSH ST,"545 N RUSH ST Chicago, IL",41.89128228,-87.62528429
96 E GRAND AVE,"96 E GRAND AVE Chicago, IL",41.8917699,-87.62547928
859 N WELLS ST,"859 N WELLS ST Chicago, IL",41.89787672,-87.63417084
531 E GRAND AVE,"531 E GRAND AVE Chicago, IL",41.89194047,-87.61141822
68 S DEARBORN ST,"68 S DEARBORN ST Chicago, IL",41.88157032,-87.629467
1472 W ERIE ST,"1472 W ERIE ST Chicago, IL",41.89343702,-87.66484648
1118 N CLARK ST,"1118 N CLARK ST Chicago, IL",41.90226407,-87.63147751
92 E GRAND AVE,"92 E GRAND AVE Chicago, IL",41.89176805,-87.62553468
1116 N DEARBORN ST,"1116 N DEARBORN ST Chicago, IL",41.90237079,-87.63001853
1376 N CLARK ST,"1376 N CLARK ST Chicago, IL",41.90637912,-87.63160378
1555 W DIVISION ST,"1555 W DIVISION ST Chicago, IL",41.90329585,-87.66691399
860 N CLARK ST,"860 N CLARK ST Chicago, IL",41.89808827,-87.63136019
132 E HUBBARD ST,"132 E HUBBARD ST Chicago, IL",41.89017466,-87.62519751
89 W LAKE ST,"89 W LAKE ST Chicago, IL",41.88569185,-87.62927762
854 N NOBLE ST,"854 N NOBLE ST Chicago, IL",41.89739584,-87.66251386
714 N NOBLE ST,"714 N NOBLE ST Chicago, IL",41.89487601,-87.66244638
908 N DEARBORN ST,"908 N DEARBORN ST Chicago, IL",41.89950067,-87.62992472
166 N WABASH AVE,"166 N WABASH AVE Chicago, IL",41.88506935,-87.62633714
80 E HARRISON ST,"80 E HARRISON ST Chicago, IL",41.87445851,-87.62633552
170 E SOUTH WATER MARKET,"170 E SOUTH WATER MARKET Chicago, IL",41.86208987,-87.65409114
