"orig_location","address_clean","longitude","latitude","method","precision","reason","segment_id","street","side","range_from","range_to","ward_longitude","ward_latitude","candidate_count","census_tigerline_id","records","previous_movement_m","county_source","county_pin10","county_pin14","county_point_id","county_raw_longitude","county_raw_latitude","county_snap_distance_m","county_range_match","county_warnings"
"0 N DEARBORN ST","0 N DEARBORN ST, Chicago, IL","","","unresolved","unknown","no_address_range_match","","","","","","","","0","","364","","","","","","","","","",""
"100 E MADISON ST","100 E MADISON ST, Chicago, IL","","","unresolved","unknown","no_address_range_match","","","","","","","","0","","136","","","","","","","","","",""
"158 E GRAND AVE","158 E GRAND AVE, Chicago, IL","","","unresolved","unknown","no_address_range_match","","","","","","","","0","","105","","","","","","","","","",""
"1424 N DEARBORN PKWY","1424 N DEARBORN PKWY, Chicago, IL","","","unresolved","unknown","no_address_range_match","","","","","","","","0","","58","","","","","","","","","",""
"15 E KINZIE ST","15 E KINZIE ST, Chicago, IL","","","unresolved","unknown","no_address_range_match","","","","","","","","0","","54","","","","","","","","","",""
"1430 N DEARBORN PKWY","1430 N DEARBORN PKWY, Chicago, IL","","","unresolved","unknown","no_address_range_match","","","","","","","","0","","46","","","","","","","","","",""
"0 S STATE ST","0 S STATE ST, Chicago, IL","","","unresolved","unknown","no_address_range_match","","","","","","","","0","","33","","","","","","","","","",""
"1415 N DEARBORN PKWY","1415 N DEARBORN PKWY, Chicago, IL","","","unresolved","unknown","no_address_range_match","","","","","","","","0","","30","","","","","","","","","",""
"500 W WASHINGTON ST","500 W WASHINGTON ST, Chicago, IL","","","unresolved","unknown","no_address_range_match","","","","","","","","0","","27","","","","","","","","","",""
"0 W CHICAGO AVE","0 W CHICAGO AVE, Chicago, IL","","","unresolved","unknown","no_address_range_match","","","","","","","","0","","26","","","","","","","","","",""
"3804 N BROADWAY ST","3804 N BROADWAY ST, Chicago, IL","","","unresolved","unknown","street_not_found","","","","","","","","0","","25","","","","","","","","","",""
"0 E GRAND AVE","0 E GRAND AVE, Chicago, IL","","","unresolved","unknown","no_address_range_match","","","","","","","","0","","24","","","","","","","","","",""
"0 E ILLINOIS ST","0 E ILLINOIS ST, Chicago, IL","","","unresolved","unknown","no_address_range_match","","","","","","","","0","","23","","","","","","","","","",""
"3718 N BROADWAY ST","3718 N BROADWAY ST, Chicago, IL","","","unresolved","unknown","street_not_found","","","","","","","","0","","21","","","","","","","","","",""
"3229 N BROADWAY ST","3229 N BROADWAY ST, Chicago, IL","","","unresolved","unknown","street_not_found","","","","","","","","0","","19","","","","","","","","","",""
"1346 N DEARBORN PKWY","1346 N DEARBORN PKWY, Chicago, IL","","","unresolved","unknown","no_address_range_match","","","","","","","","0","","18","","","","","","","","","",""
"2826 N BROADWAY ST","2826 N BROADWAY ST, Chicago, IL","","","unresolved","unknown","street_not_found","","","","","","","","0","","17","","","","","","","","","",""
"3818 N BROADWAY ST","3818 N BROADWAY ST, Chicago, IL","","","unresolved","unknown","street_not_found","","","","","","","","0","","16","","","","","","","","","",""
"1409 N DEARBORN PKWY","1409 N DEARBORN PKWY, Chicago, IL","","","unresolved","unknown","no_address_range_match","","","","","","","","0","","15","","","","","","","","","",""
"1447 N DEARBORN PKWY","1447 N DEARBORN PKWY, Chicago, IL","","","unresolved","unknown","no_address_range_match","","","","","","","","0","","15","","","","","","","","","",""
"1421 N DEARBORN PKWY","1421 N DEARBORN PKWY, Chicago, IL","","","unresolved","unknown","no_address_range_match","","","","","","","","0","","14","","","","","","","","","",""
"1442 N DEARBORN PKWY","1442 N DEARBORN PKWY, Chicago, IL","","","unresolved","unknown","no_address_range_match","","","","","","","","0","","14","","","","","","","","","",""
"3721 N BROADWAY ST","3721 N BROADWAY ST, Chicago, IL","","","unresolved","unknown","street_not_found","","","","","","","","0","","14","","","","","","","","","",""
"3811 N BROADWAY ST","3811 N BROADWAY ST, Chicago, IL","","","unresolved","unknown","street_not_found","","","","","","","","0","","14","","","","","","","","","",""
"2870 N BROADWAY ST","2870 N BROADWAY ST, Chicago, IL","","","unresolved","unknown","street_not_found","","","","","","","","0","","13","","","","","","","","","",""
"3750 N BROADWAY ST","3750 N BROADWAY ST, Chicago, IL","","","unresolved","unknown","street_not_found","","","","","","","","0","","12","","","","","","","","","",""
"0 W 18TH ST","0 W 18TH ST, Chicago, IL","","","unresolved","unknown","no_address_range_match","","","","","","","","0","","11","","","","","","","","","",""
"1446 N DEARBORN PKWY","1446 N DEARBORN PKWY, Chicago, IL","","","unresolved","unknown","no_address_range_match","","","","","","","","0","","11","","","","","","","","","",""
"18 E KINZIE ST","18 E KINZIE ST, Chicago, IL","","","unresolved","unknown","no_address_range_match","","","","","","","","0","","11","","","","","","","","","",""
"3153 N BROADWAY ST","3153 N BROADWAY ST, Chicago, IL","","","unresolved","unknown","street_not_found","","","","","","","","0","","11","","","","","","","","","",""
"3838 N BROADWAY ST","3838 N BROADWAY ST, Chicago, IL","","","unresolved","unknown","street_not_found","","","","","","","","0","","11","","","","","","","","","",""
"1206 W FULTON ST","1206 W FULTON ST, Chicago, IL","","","unresolved","unknown","no_address_range_match","","","","","","","","0","","10","","","","","","","","","",""
"1230 W FULTON ST","1230 W FULTON ST, Chicago, IL","","","unresolved","unknown","no_address_range_match","","","","","","","","0","","10","","","","","","","","","",""
"1451 N DEARBORN PKWY","1451 N DEARBORN PKWY, Chicago, IL","","","unresolved","unknown","no_address_range_match","","","","","","","","0","","10","","","","","","","","","",""
"3201 N BROADWAY ST","3201 N BROADWAY ST, Chicago, IL","","","unresolved","unknown","street_not_found","","","","","","","","0","","10","","","","","","","","","",""
"774 S HALSTED ST","774 S HALSTED ST, Chicago, IL","","","unresolved","unknown","no_address_range_match","","","","","","","","0","","10","","","","","","","","","",""
"1407 N DEARBORN PKWY","1407 N DEARBORN PKWY, Chicago, IL","","","unresolved","unknown","no_address_range_match","","","","","","","","0","","9","","","","","","","","","",""
"2941 N BROADWAY ST","2941 N BROADWAY ST, Chicago, IL","","","unresolved","unknown","street_not_found","","","","","","","","0","","9","","","","","","","","","",""
"3221 N BROADWAY ST","3221 N BROADWAY ST, Chicago, IL","","","unresolved","unknown","street_not_found","","","","","","","","0","","9","","","","","","","","","",""
"3225 N BROADWAY ST","3225 N BROADWAY ST, Chicago, IL","","","unresolved","unknown","street_not_found","","","","","","","","0","","9","","","","","","","","","",""
"3594 N BROADWAY ST","3594 N BROADWAY ST, Chicago, IL","","","unresolved","unknown","street_not_found","","","","","","","","0","","9","","","","","","","","","",""
"0 W NORTH AVE","0 W NORTH AVE, Chicago, IL","","","unresolved","unknown","no_address_range_match","","","","","","","","0","","8","","","","","","","","","",""
"1242 N DEARBORN PKWY","1242 N DEARBORN PKWY, Chicago, IL","","","unresolved","unknown","no_address_range_match","","","","","","","","0","","8","","","","","","","","","",""
"128 E GRAND AVE","128 E GRAND AVE, Chicago, IL","","","unresolved","unknown","no_address_range_match","","","","","","","","0","","8","","","","","","","","","",""
"132 E VAN BUREN ST","132 E VAN BUREN ST, Chicago, IL","","","unresolved","unknown","no_address_range_match","","","","","","","","0","","8","","","","","","","","","",""
"1401 N DEARBORN PKWY","1401 N DEARBORN PKWY, Chicago, IL","","","unresolved","unknown","no_address_range_match","","","","","","","","0","","8","","","","","","","","","",""
"1414 N DEARBORN PKWY","1414 N DEARBORN PKWY, Chicago, IL","","","unresolved","unknown","no_address_range_match","","","","","","","","0","","8","","","","","","","","","",""
"1432 N DEARBORN PKWY","1432 N DEARBORN PKWY, Chicago, IL","","","unresolved","unknown","no_address_range_match","","","","","","","","0","","8","","","","","","","","","",""
"153 E GRAND AVE","153 E GRAND AVE, Chicago, IL","","","unresolved","unknown","no_address_range_match","","","","","","","","0","","8","","","","","","","","","",""
"22 E KINZIE ST","22 E KINZIE ST, Chicago, IL","","","unresolved","unknown","no_address_range_match","","","","","","","","0","","8","","","","","","","","","",""
"3255 N BROADWAY ST","3255 N BROADWAY ST, Chicago, IL","","","unresolved","unknown","street_not_found","","","","","","","","0","","8","","","","","","","","","",""
"3646 N BROADWAY ST","3646 N BROADWAY ST, Chicago, IL","","","unresolved","unknown","street_not_found","","","","","","","","0","","8","","","","","","","","","",""
"3741 N BROADWAY ST","3741 N BROADWAY ST, Chicago, IL","","","unresolved","unknown","street_not_found","","","","","","","","0","","8","","","","","","","","","",""
"3809 N BROADWAY ST","3809 N BROADWAY ST, Chicago, IL","","","unresolved","unknown","street_not_found","","","","","","","","0","","8","","","","","","","","","",""
"3814 N BROADWAY ST","3814 N BROADWAY ST, Chicago, IL","","","unresolved","unknown","street_not_found","","","","","","","","0","","8","","","","","","","","","",""
"3918 N BROADWAY ST","3918 N BROADWAY ST, Chicago, IL","","","unresolved","unknown","street_not_found","","","","","","","","0","","8","","","","","","","","","",""
"871 W TAYLOR ST","871 W TAYLOR ST, Chicago, IL","","","unresolved","unknown","no_address_range_match","","","","","","","","0","","8","","","","","","","","","",""
"12 E KINZIE ST","12 E KINZIE ST, Chicago, IL","","","unresolved","unknown","no_address_range_match","","","","","","","","0","","7","","","","","","","","","",""
"1256 N DEARBORN PKWY","1256 N DEARBORN PKWY, Chicago, IL","","","unresolved","unknown","no_address_range_match","","","","","","","","0","","7","","","","","","","","","",""
"1427 N DEARBORN PKWY","1427 N DEARBORN PKWY, Chicago, IL","","","unresolved","unknown","no_address_range_match","","","","","","","","0","","7","","","","","","","","","",""
"3119 N BROADWAY ST","3119 N BROADWAY ST, Chicago, IL","","","unresolved","unknown","street_not_found","","","","","","","","0","","7","","","","","","","","","",""
"3727 N BROADWAY ST","3727 N BROADWAY ST, Chicago, IL","","","unresolved","unknown","street_not_found","","","","","","","","0","","7","","","","","","","","","",""
"3820 N BROADWAY ST","3820 N BROADWAY ST, Chicago, IL","","","unresolved","unknown","street_not_found","","","","","","","","0","","7","","","","","","","","","",""
"3951 N BROADWAY ST","3951 N BROADWAY ST, Chicago, IL","","","unresolved","unknown","street_not_found","","","","","","","","0","","7","","","","","","","","","",""
"3978 N BROADWAY ST","3978 N BROADWAY ST, Chicago, IL","","","unresolved","unknown","street_not_found","","","","","","","","0","","7","","","","","","","","","",""
"772 S HALSTED ST","772 S HALSTED ST, Chicago, IL","","","unresolved","unknown","no_address_range_match","","","","","","","","0","","7","","","","","","","","","",""
"0 W TAYLOR ST","0 W TAYLOR ST, Chicago, IL","","","unresolved","unknown","no_address_range_match","","","","","","","","0","","6","","","","","","","","","",""
"1358 N DEARBORN PKWY","1358 N DEARBORN PKWY, Chicago, IL","","","unresolved","unknown","no_address_range_match","","","","","","","","0","","6","","","","","","","","","",""
"1400 N DEARBORN PKWY","1400 N DEARBORN PKWY, Chicago, IL","","","unresolved","unknown","no_address_range_match","","","","","","","","0","","6","","","","","","","","","",""
"1425 N DEARBORN PKWY","1425 N DEARBORN PKWY, Chicago, IL","","","unresolved","unknown","no_address_range_match","","","","","","","","0","","6","","","","","","","","","",""
"1501 N DEARBORN ST","1501 N DEARBORN ST, Chicago, IL","","","unresolved","unknown","no_address_range_match","","","","","","","","0","","6","","","","","","","","","",""
"3022 N BROADWAY ST","3022 N BROADWAY ST, Chicago, IL","","","unresolved","unknown","street_not_found","","","","","","","","0","","6","","","","","","","","","",""
"3149 N BROADWAY ST","3149 N BROADWAY ST, Chicago, IL","","","unresolved","unknown","street_not_found","","","","","","","","0","","6","","","","","","","","","",""
"3167 N BROADWAY ST","3167 N BROADWAY ST, Chicago, IL","","","unresolved","unknown","street_not_found","","","","","","","","0","","6","","","","","","","","","",""
"3241 N BROADWAY ST","3241 N BROADWAY ST, Chicago, IL","","","unresolved","unknown","street_not_found","","","","","","","","0","","6","","","","","","","","","",""
"3529 N RECREATION DR","3529 N RECREATION DR, Chicago, IL","","","unresolved","unknown","no_address_range_match","","","","","","","","0","","6","","","","","","","","","",""
"3717 N BROADWAY ST","3717 N BROADWAY ST, Chicago, IL","","","unresolved","unknown","street_not_found","","","","","","","","0","","6","","","","","","","","","",""
"3801 N BROADWAY ST","3801 N BROADWAY ST, Chicago, IL","","","unresolved","unknown","street_not_found","","","","","","","","0","","6","","","","","","","","","",""
"3831 N BROADWAY ST","3831 N BROADWAY ST, Chicago, IL","","","unresolved","unknown","street_not_found","","","","","","","","0","","6","","","","","","","","","",""
"384 E CHICAGO AVE","384 E CHICAGO AVE, Chicago, IL","","","unresolved","unknown","no_address_range_match","","","","","","","","0","","6","","","","","","","","","",""
"3949 N BROADWAY ST","3949 N BROADWAY ST, Chicago, IL","","","unresolved","unknown","street_not_found","","","","","","","","0","","6","","","","","","","","","",""
"8 E KINZIE ST","8 E KINZIE ST, Chicago, IL","","","unresolved","unknown","no_address_range_match","","","","","","","","0","","6","","","","","","","","","",""
"80 S DEARBORN ST","80 S DEARBORN ST, Chicago, IL","","","unresolved","unknown","no_address_range_match","","","","","","","","0","","6","","","","","","","","","",""
"84 S DEARBORN ST","84 S DEARBORN ST, Chicago, IL","","","unresolved","unknown","no_address_range_match","","","","","","","","0","","6","","","","","","","","","",""
"0 E RANDOLPH ST","0 E RANDOLPH ST, Chicago, IL","","","unresolved","unknown","no_address_range_match","","","","","","","","0","","5","","","","","","","","","",""
"1086 W ROOSEVELT RD","1086 W ROOSEVELT RD, Chicago, IL","","","unresolved","unknown","no_address_range_match","","","","","","","","0","","5","","","","","","","","","",""
"122 E ADAMS ST","122 E ADAMS ST, Chicago, IL","","","unresolved","unknown","no_address_range_match","","","","","","","","0","","5","","","","","","","","","",""
"1413 N DEARBORN PKWY","1413 N DEARBORN PKWY, Chicago, IL","","","unresolved","unknown","no_address_range_match","","","","","","","","0","","5","","","","","","","","","",""
"142 S CLINTON ST","142 S CLINTON ST, Chicago, IL","","","unresolved","unknown","no_address_range_match","","","","","","","","0","","5","","","","","","","","","",""
"1434 N DEARBORN PKWY","1434 N DEARBORN PKWY, Chicago, IL","","","unresolved","unknown","no_address_range_match","","","","","","","","0","","5","","","","","","","","","",""
"1438 N DEARBORN PKWY","1438 N DEARBORN PKWY, Chicago, IL","","","unresolved","unknown","no_address_range_match","","","","","","","","0","","5","","","","","","","","","",""
"1443 N DEARBORN PKWY","1443 N DEARBORN PKWY, Chicago, IL","","","unresolved","unknown","no_address_range_match","","","","","","","","0","","5","","","","","","","","","",""
"1454 N DEARBORN PKWY","1454 N DEARBORN PKWY, Chicago, IL","","","unresolved","unknown","no_address_range_match","","","","","","","","0","","5","","","","","","","","","",""
"2813 N BROADWAY ST","2813 N BROADWAY ST, Chicago, IL","","","unresolved","unknown","street_not_found","","","","","","","","0","","5","","","","","","","","","",""
"2847 N BROADWAY ST","2847 N BROADWAY ST, Chicago, IL","","","unresolved","unknown","street_not_found","","","","","","","","0","","5","","","","","","","","","",""
"2921 N BROADWAY ST","2921 N BROADWAY ST, Chicago, IL","","","unresolved","unknown","street_not_found","","","","","","","","0","","5","","","","","","","","","",""
"3029 N BROADWAY ST","3029 N BROADWAY ST, Chicago, IL","","","unresolved","unknown","street_not_found","","","","","","","","0","","5","","","","","","","","","",""
"3038 N BROADWAY ST","3038 N BROADWAY ST, Chicago, IL","","","unresolved","unknown","street_not_found","","","","","","","","0","","5","","","","","","","","","",""
"3126 N BROADWAY ST","3126 N BROADWAY ST, Chicago, IL","","","unresolved","unknown","street_not_found","","","","","","","","0","","5","","","","","","","","","",""
"3128 N BROADWAY ST","3128 N BROADWAY ST, Chicago, IL","","","unresolved","unknown","street_not_found","","","","","","","","0","","5","","","","","","","","","",""
"3168 N BROADWAY ST","3168 N BROADWAY ST, Chicago, IL","","","unresolved","unknown","street_not_found","","","","","","","","0","","5","","","","","","","","","",""
"3251 N BROADWAY ST","3251 N BROADWAY ST, Chicago, IL","","","unresolved","unknown","street_not_found","","","","","","","","0","","5","","","","","","","","","",""
"3535 N RECREATION DR","3535 N RECREATION DR, Chicago, IL","","","unresolved","unknown","no_address_range_match","","","","","","","","0","","5","","","","","","","","","",""
"3824 N BROADWAY ST","3824 N BROADWAY ST, Chicago, IL","","","unresolved","unknown","street_not_found","","","","","","","","0","","5","","","","","","","","","",""
"3906 N BROADWAY ST","3906 N BROADWAY ST, Chicago, IL","","","unresolved","unknown","street_not_found","","","","","","","","0","","5","","","","","","","","","",""
"3976 N BROADWAY ST","3976 N BROADWAY ST, Chicago, IL","","","unresolved","unknown","street_not_found","","","","","","","","0","","5","","","","","","","","","",""
"3982 N BROADWAY ST","3982 N BROADWAY ST, Chicago, IL","","","unresolved","unknown","street_not_found","","","","","","","","0","","5","","","","","","","","","",""
"408 E WACKER DR","408 E WACKER DR, Chicago, IL","","","unresolved","unknown","no_address_range_match","","","","","","","","0","","5","","","","","","","","","",""
"541 S LOOMIS ST","541 S LOOMIS ST, Chicago, IL","","","unresolved","unknown","no_address_range_match","","","","","","","","0","","5","","","","","","","","","",""
"6 E KINZIE ST","6 E KINZIE ST, Chicago, IL","","","unresolved","unknown","no_address_range_match","","","","","","","","0","","5","","","","","","","","","",""
"78 S DEARBORN ST","78 S DEARBORN ST, Chicago, IL","","","unresolved","unknown","no_address_range_match","","","","","","","","0","","5","","","","","","","","","",""
"897 W TAYLOR ST","897 W TAYLOR ST, Chicago, IL","","","unresolved","unknown","no_address_range_match","","","","","","","","0","","5","","","","","","","","","",""
"899 W TAYLOR ST","899 W TAYLOR ST, Chicago, IL","","","unresolved","unknown","no_address_range_match","","","","","","","","0","","5","","","","","","","","","",""
"0 N CANAL ST","0 N CANAL ST, Chicago, IL","","","unresolved","unknown","no_address_range_match","","","","","","","","0","","4","","","","","","","","","",""
"0 N JEFFERSON ST","0 N JEFFERSON ST, Chicago, IL","","","unresolved","unknown","no_address_range_match","","","","","","","","0","","4","","","","","","","","","",""
"0 W ADAMS ST","0 W ADAMS ST, Chicago, IL","","","unresolved","unknown","no_address_range_match","","","","","","","","0","","4","","","","","","","","","",""
"1088 W ROOSEVELT RD","1088 W ROOSEVELT RD, Chicago, IL","","","unresolved","unknown","no_address_range_match","","","","","","","","0","","4","","","","","","","","","",""
"1241 W FULTON ST","1241 W FULTON ST, Chicago, IL","","","unresolved","unknown","no_address_range_match","","","","","","","","0","","4","","","","","","","","","",""
"1405 N DEARBORN PKWY","1405 N DEARBORN PKWY, Chicago, IL","","","unresolved","unknown","no_address_range_match","","","","","","","","0","","4","","","","","","","","","",""
"1433 N DEARBORN PKWY","1433 N DEARBORN PKWY, Chicago, IL","","","unresolved","unknown","no_address_range_match","","","","","","","","0","","4","","","","","","","","","",""
"1437 N DEARBORN PKWY","1437 N DEARBORN PKWY, Chicago, IL","","","unresolved","unknown","no_address_range_match","","","","","","","","0","","4","","","","","","","","","",""
"1439 N DEARBORN PKWY","1439 N DEARBORN PKWY, Chicago, IL","","","unresolved","unknown","no_address_range_match","","","","","","","","0","","4","","","","","","","","","",""
"1440 N DEARBORN PKWY","1440 N DEARBORN PKWY, Chicago, IL","","","unresolved","unknown","no_address_range_match","","","","","","","","0","","4","","","","","","","","","",""
"1450 N DEARBORN PKWY","1450 N DEARBORN PKWY, Chicago, IL","","","unresolved","unknown","no_address_range_match","","","","","","","","0","","4","","","","","","","","","",""
"1510 N DEARBORN ST","1510 N DEARBORN ST, Chicago, IL","","","unresolved","unknown","no_address_range_match","","","","","","","","0","","4","","","","","","","","","",""
"160 S CLINTON ST","160 S CLINTON ST, Chicago, IL","","","unresolved","unknown","no_address_range_match","","","","","","","","0","","4","","","","","","","","","",""
"2800 N BROADWAY ST","2800 N BROADWAY ST, Chicago, IL","","","unresolved","unknown","street_not_found","","","","","","","","0","","4","","","","","","","","","",""
"2801 N BROADWAY ST","2801 N BROADWAY ST, Chicago, IL","","","unresolved","unknown","street_not_found","","","","","","","","0","","4","","","","","","","","","",""
"2817 N BROADWAY ST","2817 N BROADWAY ST, Chicago, IL","","","unresolved","unknown","street_not_found","","","","","","","","0","","4","","","","","","","","","",""
"2875 N BROADWAY ST","2875 N BROADWAY ST, Chicago, IL","","","unresolved","unknown","street_not_found","","","","","","","","0","","4","","","","","","","","","",""
"2935 N BROADWAY ST","2935 N BROADWAY ST, Chicago, IL","","","unresolved","unknown","street_not_found","","","","","","","","0","","4","","","","","","","","","",""
"2947 N BROADWAY ST","2947 N BROADWAY ST, Chicago, IL","","","unresolved","unknown","street_not_found","","","","","","","","0","","4","","","","","","","","","",""
"3031 N BROADWAY ST","3031 N BROADWAY ST, Chicago, IL","","","unresolved","unknown","street_not_found","","","","","","","","0","","4","","","","","","","","","",""
"3117 N BROADWAY ST","3117 N BROADWAY ST, Chicago, IL","","","unresolved","unknown","street_not_found","","","","","","","","0","","4","","","","","","","","","",""
"3155 N BROADWAY ST","3155 N BROADWAY ST, Chicago, IL","","","unresolved","unknown","street_not_found","","","","","","","","0","","4","","","","","","","","","",""
"3164 N BROADWAY ST","3164 N BROADWAY ST, Chicago, IL","","","unresolved","unknown","street_not_found","","","","","","","","0","","4","","","","","","","","","",""
"3212 N BROADWAY ST","3212 N BROADWAY ST, Chicago, IL","","","unresolved","unknown","street_not_found","","","","","","","","0","","4","","","","","","","","","",""
"3243 N BROADWAY ST","3243 N BROADWAY ST, Chicago, IL","","","unresolved","unknown","street_not_found","","","","","","","","0","","4","","","","","","","","","",""
"3247 N BROADWAY ST","3247 N BROADWAY ST, Chicago, IL","","","unresolved","unknown","street_not_found","","","","","","","","0","","4","","","","","","","","","",""
"3249 N BROADWAY ST","3249 N BROADWAY ST, Chicago, IL","","","unresolved","unknown","street_not_found","","","","","","","","0","","4","","","","","","","","","",""
"3600 N BROADWAY ST","3600 N BROADWAY ST, Chicago, IL","","","unresolved","unknown","street_not_found","","","","","","","","0","","4","","","","","","","","","",""
"3652 N BROADWAY ST","3652 N BROADWAY ST, Chicago, IL","","","unresolved","unknown","street_not_found","","","","","","","","0","","4","","","","","","","","","",""
"3709 N BROADWAY ST","3709 N BROADWAY ST, Chicago, IL","","","unresolved","unknown","street_not_found","","","","","","","","0","","4","","","","","","","","","",""
"3719 N BROADWAY ST","3719 N BROADWAY ST, Chicago, IL","","","unresolved","unknown","street_not_found","","","","","","","","0","","4","","","","","","","","","",""
"3803 N BROADWAY ST","3803 N BROADWAY ST, Chicago, IL","","","unresolved","unknown","street_not_found","","","","","","","","0","","4","","","","","","","","","",""
"382 E CHICAGO AVE","382 E CHICAGO AVE, Chicago, IL","","","unresolved","unknown","no_address_range_match","","","","","","","","0","","4","","","","","","","","","",""
"384 E WACKER DR","384 E WACKER DR, Chicago, IL","","","unresolved","unknown","no_address_range_match","","","","","","","","0","","4","","","","","","","","","",""
"3916 N BROADWAY ST","3916 N BROADWAY ST, Chicago, IL","","","unresolved","unknown","street_not_found","","","","","","","","0","","4","","","","","","","","","",""
"3933 N BROADWAY ST","3933 N BROADWAY ST, Chicago, IL","","","unresolved","unknown","street_not_found","","","","","","","","0","","4","","","","","","","","","",""
"396 E WACKER DR","396 E WACKER DR, Chicago, IL","","","unresolved","unknown","no_address_range_match","","","","","","","","0","","4","","","","","","","","","",""
"461 S LOOMIS ST","461 S LOOMIS ST, Chicago, IL","","","unresolved","unknown","no_address_range_match","","","","","","","","0","","4","","","","","","","","","",""
"537 S LOOMIS ST","537 S LOOMIS ST, Chicago, IL","","","unresolved","unknown","no_address_range_match","","","","","","","","0","","4","","","","","","","","","",""
"555 S LOOMIS ST","555 S LOOMIS ST, Chicago, IL","","","unresolved","unknown","no_address_range_match","","","","","","","","0","","4","","","","","","","","","",""
"557 S LOOMIS ST","557 S LOOMIS ST, Chicago, IL","","","unresolved","unknown","no_address_range_match","","","","","","","","0","","4","","","","","","","","","",""
"739 N LA SALLE ST","739 N LA SALLE ST, Chicago, IL","","","unresolved","unknown","no_address_range_match","","","","","","","","0","","4","","","","","","","","","",""
"749 N LA SALLE ST","749 N LA SALLE ST, Chicago, IL","","","unresolved","unknown","no_address_range_match","","","","","","","","0","","4","","","","","","","","","",""
"855 W TAYLOR ST","855 W TAYLOR ST, Chicago, IL","","","unresolved","unknown","no_address_range_match","","","","","","","","0","","4","","","","","","","","","",""
"966 E SOLIDARITY DR","966 E SOLIDARITY DR, Chicago, IL","","","unresolved","unknown","no_address_range_match","","","","","","","","0","","4","","","","","","","","","",""
"0 E SOUTH WATER ST","0 E SOUTH WATER ST, Chicago, IL","","","unresolved","unknown","no_address_range_match","","","","","","","","0","","3","","","","","","","","","",""
"0 N FRANKLIN ST","0 N FRANKLIN ST, Chicago, IL","","","unresolved","unknown","no_address_range_match","","","","","","","","0","","3","","","","","","","","","",""
"0 S MORGAN ST","0 S MORGAN ST, Chicago, IL","","","unresolved","unknown","no_address_range_match","","","","","","","","0","","3","","","","","","","","","",""
"0 S PRINCETON AVE","0 S PRINCETON AVE, Chicago, IL","","","unresolved","unknown","no_address_range_match","","","","","","","","0","","3","","","","","","","","","",""
"0 S WACKER DR","0 S WACKER DR, Chicago, IL","","","unresolved","unknown","no_address_range_match","","","","","","","","0","","3","","","","","","","","","",""
"0 W JACKSON BLVD","0 W JACKSON BLVD, Chicago, IL","","","unresolved","unknown","no_address_range_match","","","","","","","","0","","3","","","","","","","","","",""
"0 W QUINCY ST","0 W QUINCY ST, Chicago, IL","","","unresolved","unknown","no_address_range_match","","","","","","","","0","","3","","","","","","","","","",""
"0 W ROOSEVELT RD","0 W ROOSEVELT RD, Chicago, IL","","","unresolved","unknown","no_address_range_match","","","","","","","","0","","3","","","","","","","","","",""
"105 E JACKSON BLVD","105 E JACKSON BLVD, Chicago, IL","","","unresolved","unknown","no_address_range_match","","","","","","","","0","","3","","","","","","","","","",""
"1090 W ROOSEVELT RD","1090 W ROOSEVELT RD, Chicago, IL","","","unresolved","unknown","no_address_range_match","","","","","","","","0","","3","","","","","","","","","",""
"1092 W ROOSEVELT RD","1092 W ROOSEVELT RD, Chicago, IL","","","unresolved","unknown","no_address_range_match","","","","","","","","0","","3","","","","","","","","","",""
"1218 N DEARBORN PKWY","1218 N DEARBORN PKWY, Chicago, IL","","","unresolved","unknown","no_address_range_match","","","","","","","","0","","3","","","","","","","","","",""
"1218 W FULTON ST","1218 W FULTON ST, Chicago, IL","","","unresolved","unknown","no_address_range_match","","","","","","","","0","","3","","","","","","","","","",""
"1235 W FULTON ST","1235 W FULTON ST, Chicago, IL","","","unresolved","unknown","no_address_range_match","","","","","","","","0","","3","","","","","","","","","",""
"126 E GRAND AVE","126 E GRAND AVE, Chicago, IL","","","unresolved","unknown","no_address_range_match","","","","","","","","0","","3","","","","","","","","","",""
"1354 N SOUTHPORT AVE","1354 N SOUTHPORT AVE, Chicago, IL","","","unresolved","unknown","no_address_range_match","","","","","","","","0","","3","","","","","","","","","",""
"140 S CLINTON ST","140 S CLINTON ST, Chicago, IL","","","unresolved","unknown","no_address_range_match","","","","","","","","0","","3","","","","","","","","","",""
"1423 N DEARBORN PKWY","1423 N DEARBORN PKWY, Chicago, IL","","","unresolved","unknown","no_address_range_match","","","","","","","","0","","3","","","","","","","","","",""
"1429 N DEARBORN PKWY","1429 N DEARBORN PKWY, Chicago, IL","","","unresolved","unknown","no_address_range_match","","","","","","","","0","","3","","","","","","","","","",""
"1435 N DEARBORN PKWY","1435 N DEARBORN PKWY, Chicago, IL","","","unresolved","unknown","no_address_range_match","","","","","","","","0","","3","","","","","","","","","",""
"144 S CLINTON ST","144 S CLINTON ST, Chicago, IL","","","unresolved","unknown","no_address_range_match","","","","","","","","0","","3","","","","","","","","","",""
"1523 N DEARBORN ST","1523 N DEARBORN ST, Chicago, IL","","","unresolved","unknown","no_address_range_match","","","","","","","","0","","3","","","","","","","","","",""
"159 E GRAND AVE","159 E GRAND AVE, Chicago, IL","","","unresolved","unknown","no_address_range_match","","","","","","","","0","","3","","","","","","","","","",""
"2694 N CLARK ST","2694 N CLARK ST, Chicago, IL","","","unresolved","unknown","no_address_range_match","","","","","","","","0","","3","","","","","","","","","",""
"2815 N BROADWAY ST","2815 N BROADWAY ST, Chicago, IL","","","unresolved","unknown","street_not_found","","","","","","","","0","","3","","","","","","","","","",""
"2866 N BROADWAY ST","2866 N BROADWAY ST, Chicago, IL","","","unresolved","unknown","street_not_found","","","","","","","","0","","3","","","","","","","","","",""
"2897 N BROADWAY ST","2897 N BROADWAY ST, Chicago, IL","","","unresolved","unknown","street_not_found","","","","","","","","0","","3","","","","","","","","","",""
"2903 N BROADWAY ST","2903 N BROADWAY ST, Chicago, IL","","","unresolved","unknown","street_not_found","","","","","","","","0","","3","","","","","","","","","",""
"2910 N BROADWAY ST","2910 N BROADWAY ST, Chicago, IL","","","unresolved","unknown","street_not_found","","","","","","","","0","","3","","","","","","","","","",""
"2913 N BROADWAY ST","2913 N BROADWAY ST, Chicago, IL","","","unresolved","unknown","street_not_found","","","","","","","","0","","3","","","","","","","","","",""
"2925 N BROADWAY ST","2925 N BROADWAY ST, Chicago, IL","","","unresolved","unknown","street_not_found","","","","","","","","0","","3","","","","","","","","","",""
"2927 N BROADWAY ST","2927 N BROADWAY ST, Chicago, IL","","","unresolved","unknown","street_not_found","","","","","","","","0","","3","","","","","","","","","",""
"2946 N BROADWAY ST","2946 N BROADWAY ST, Chicago, IL","","","unresolved","unknown","street_not_found","","","","","","","","0","","3","","","","","","","","","",""
"309 W WAYMAN ST","309 W WAYMAN ST, Chicago, IL","","","unresolved","unknown","no_address_range_match","","","","","","","","0","","3","","","","","","","","","",""
"3147 N BROADWAY ST","3147 N BROADWAY ST, Chicago, IL","","","unresolved","unknown","street_not_found","","","","","","","","0","","3","","","","","","","","","",""
"3156 N BROADWAY ST","3156 N BROADWAY ST, Chicago, IL","","","unresolved","unknown","street_not_found","","","","","","","","0","","3","","","","","","","","","",""
"3170 N BROADWAY ST","3170 N BROADWAY ST, Chicago, IL","","","unresolved","unknown","street_not_found","","","","","","","","0","","3","","","","","","","","","",""
"3245 N BROADWAY ST","3245 N BROADWAY ST, Chicago, IL","","","unresolved","unknown","street_not_found","","","","","","","","0","","3","","","","","","","","","",""
"3253 N BROADWAY ST","3253 N BROADWAY ST, Chicago, IL","","","unresolved","unknown","street_not_found","","","","","","","","0","","3","","","","","","","","","",""
"327 E PEARSON ST","327 E PEARSON ST, Chicago, IL","","","unresolved","unknown","no_address_range_match","","","","","","","","0","","3","","","","","","","","","",""
"3533 N RECREATION DR","3533 N RECREATION DR, Chicago, IL","","","unresolved","unknown","no_address_range_match","","","","","","","","0","","3","","","","","","","","","",""
"3537 N RECREATION DR","3537 N RECREATION DR, Chicago, IL","","","unresolved","unknown","no_address_range_match","","","","","","","","0","","3","","","","","","","","","",""
"3541 N RECREATION DR","3541 N RECREATION DR, Chicago, IL","","","unresolved","unknown","no_address_range_match","","","","","","","","0","","3","","","","","","","","","",""
"3543 N RECREATION DR","3543 N RECREATION DR, Chicago, IL","","","unresolved","unknown","no_address_range_match","","","","","","","","0","","3","","","","","","","","","",""
"3545 N RECREATION DR","3545 N RECREATION DR, Chicago, IL","","","unresolved","unknown","no_address_range_match","","","","","","","","0","","3","","","","","","","","","",""
"3547 N RECREATION DR","3547 N RECREATION DR, Chicago, IL","","","unresolved","unknown","no_address_range_match","","","","","","","","0","","3","","","","","","","","","",""
"3549 N RECREATION DR","3549 N RECREATION DR, Chicago, IL","","","unresolved","unknown","no_address_range_match","","","","","","","","0","","3","","","","","","","","","",""
"3594 N BROADWAY","3594 N BROADWAY, Chicago, IL","","","unresolved","unknown","no_address_range_match","","","","","","","","0","","3","","","","","","","","","",""
"3656 N BROADWAY ST","3656 N BROADWAY ST, Chicago, IL","","","unresolved","unknown","street_not_found","","","","","","","","0","","3","","","","","","","","","",""
"3660 N BROADWAY ST","3660 N BROADWAY ST, Chicago, IL","","","unresolved","unknown","street_not_found","","","","","","","","0","","3","","","","","","","","","",""
"3701 N BROADWAY ST","3701 N BROADWAY ST, Chicago, IL","","","unresolved","unknown","street_not_found","","","","","","","","0","","3","","","","","","","","","",""
"3707 N BROADWAY ST","3707 N BROADWAY ST, Chicago, IL","","","unresolved","unknown","street_not_found","","","","","","","","0","","3","","","","","","","","","",""
"3711 N BROADWAY ST","3711 N BROADWAY ST, Chicago, IL","","","unresolved","unknown","street_not_found","","","","","","","","0","","3","","","","","","","","","",""
"3822 N BROADWAY ST","3822 N BROADWAY ST, Chicago, IL","","","unresolved","unknown","street_not_found","","","","","","","","0","","3","","","","","","","","","",""
"386 E CHICAGO AVE","386 E CHICAGO AVE, Chicago, IL","","","unresolved","unknown","no_address_range_match","","","","","","","","0","","3","","","","","","","","","",""
"390 E CHICAGO AVE","390 E CHICAGO AVE, Chicago, IL","","","unresolved","unknown","no_address_range_match","","","","","","","","0","","3","","","","","","","","","",""
"3914 N BROADWAY ST","3914 N BROADWAY ST, Chicago, IL","","","unresolved","unknown","street_not_found","","","","","","","","0","","3","","","","","","","","","",""
"3929 N BROADWAY ST","3929 N BROADWAY ST, Chicago, IL","","","unresolved","unknown","street_not_found","","","","","","","","0","","3","","","","","","","","","",""
"3931 N BROADWAY ST","3931 N BROADWAY ST, Chicago, IL","","","unresolved","unknown","street_not_found","","","","","","","","0","","3","","","","","","","","","",""
"3939 N BROADWAY ST","3939 N BROADWAY ST, Chicago, IL","","","unresolved","unknown","street_not_found","","","","","","","","0","","3","","","","","","","","","",""
"3945 N BROADWAY ST","3945 N BROADWAY ST, Chicago, IL","","","unresolved","unknown","street_not_found","","","","","","","","0","","3","","","","","","","","","",""
"3970 N BROADWAY ST","3970 N BROADWAY ST, Chicago, IL","","","unresolved","unknown","street_not_found","","","","","","","","0","","3","","","","","","","","","",""
"3972 N BROADWAY ST","3972 N BROADWAY ST, Chicago, IL","","","unresolved","unknown","street_not_found","","","","","","","","0","","3","","","","","","","","","",""
"3974 N BROADWAY ST","3974 N BROADWAY ST, Chicago, IL","","","unresolved","unknown","street_not_found","","","","","","","","0","","3","","","","","","","","","",""
"398 E WACKER DR","398 E WACKER DR, Chicago, IL","","","unresolved","unknown","no_address_range_match","","","","","","","","0","","3","","","","","","","","","",""
"3980 N BROADWAY ST","3980 N BROADWAY ST, Chicago, IL","","","unresolved","unknown","street_not_found","","","","","","","","0","","3","","","","","","","","","",""
"539 W ERIE ST","539 W ERIE ST, Chicago, IL","","","unresolved","unknown","no_address_range_match","","","","","","","","0","","3","","","","","","","","","",""
"561 S LOOMIS ST","561 S LOOMIS ST, Chicago, IL","","","unresolved","unknown","no_address_range_match","","","","","","","","0","","3","","","","","","","","","",""
"569 S LOOMIS ST","569 S LOOMIS ST, Chicago, IL","","","unresolved","unknown","no_address_range_match","","","","","","","","0","","3","","","","","","","","","",""
"613 N HALSTED ST","613 N HALSTED ST, Chicago, IL","","","unresolved","unknown","no_address_range_match","","","","","","","","0","","3","","","","","","","","","",""
"615 N HALSTED ST","615 N HALSTED ST, Chicago, IL","","","unresolved","unknown","no_address_range_match","","","","","","","","0","","3","","","","","","","","","",""
"737 N LA SALLE ST","737 N LA SALLE ST, Chicago, IL","","","unresolved","unknown","no_address_range_match","","","","","","","","0","","3","","","","","","","","","",""
"746 N LA SALLE ST","746 N LA SALLE ST, Chicago, IL","","","unresolved","unknown","no_address_range_match","","","","","","","","0","","3","","","","","","","","","",""
"776 S HALSTED ST","776 S HALSTED ST, Chicago, IL","","","unresolved","unknown","no_address_range_match","","","","","","","","0","","3","","","","","","","","","",""
"780 S HALSTED ST","780 S HALSTED ST, Chicago, IL","","","unresolved","unknown","no_address_range_match","","","","","","","","0","","3","","","","","","","","","",""
"782 S HALSTED ST","782 S HALSTED ST, Chicago, IL","","","unresolved","unknown","no_address_range_match","","","","","","","","0","","3","","","","","","","","","",""
"895 W TAYLOR ST","895 W TAYLOR ST, Chicago, IL","","","unresolved","unknown","no_address_range_match","","","","","","","","0","","3","","","","","","","","","",""
"0 E WACKER DR","0 E WACKER DR, Chicago, IL","","","unresolved","unknown","no_address_range_match","","","","","","","","0","","2","","","","","","","","","",""
"0 W OGDEN AVE","0 W OGDEN AVE, Chicago, IL","","","unresolved","unknown","no_address_range_match","","","","","","","","0","","2","","","","","","","","","",""
"118 E GRAND AVE","118 E GRAND AVE, Chicago, IL","","","unresolved","unknown","no_address_range_match","","","","","","","","0","","2","","","","","","","","","",""
"122 E GRAND AVE","122 E GRAND AVE, Chicago, IL","","","unresolved","unknown","no_address_range_match","","","","","","","","0","","2","","","","","","","","","",""
"1229 W FULTON ST","1229 W FULTON ST, Chicago, IL","","","unresolved","unknown","no_address_range_match","","","","","","","","0","","2","","","","","","","","","",""
"123 E GRAND AVE","123 E GRAND AVE, Chicago, IL","","","unresolved","unknown","no_address_range_match","","","","","","","","0","","2","","","","","","","","","",""
"1231 W FULTON ST","1231 W FULTON ST, Chicago, IL","","","unresolved","unknown","no_address_range_match","","","","","","","","0","","2","","","","","","","","","",""
"1243 W FULTON ST","1243 W FULTON ST, Chicago, IL","","","unresolved","unknown","no_address_range_match","","","","","","","","0","","2","","","","","","","","","",""
"1267 S UNION AVE","1267 S UNION AVE, Chicago, IL","","","unresolved","unknown","no_address_range_match","","","","","","","","0","","2","","","","","","","","","",""
"1274 S NEWBERRY AVE","1274 S NEWBERRY AVE, Chicago, IL","","","unresolved","unknown","no_address_range_match","","","","","","","","0","","2","","","","","","","","","",""
"145 E SOUTH WATER ST","145 E SOUTH WATER ST, Chicago, IL","","","unresolved","unknown","no_address_range_match","","","","","","","","0","","2","","","","","","","","","",""
"150 S CLINTON ST","150 S CLINTON ST, Chicago, IL","","","unresolved","unknown","no_address_range_match","","","","","","","","0","","2","","","","","","","","","",""
"1519 N DEARBORN ST","1519 N DEARBORN ST, Chicago, IL","","","unresolved","unknown","no_address_range_match","","","","","","","","0","","2","","","","","","","","","",""
"164 S CLINTON ST","164 S CLINTON ST, Chicago, IL","","","unresolved","unknown","no_address_range_match","","","","","","","","0","","2","","","","","","","","","",""
"170 E SOUTH WATER ST","170 E SOUTH WATER ST, Chicago, IL","","","unresolved","unknown","no_address_range_match","","","","","","","","0","","2","","","","","","","","","",""
"170 S CLINTON ST","170 S CLINTON ST, Chicago, IL","","","unresolved","unknown","no_address_range_match","","","","","","","","0","","2","","","","","","","","","",""
"174 S CLINTON ST","174 S CLINTON ST, Chicago, IL","","","unresolved","unknown","no_address_range_match","","","","","","","","0","","2","","","","","","","","","",""
"1883 S WENTWORTH AVE","1883 S WENTWORTH AVE, Chicago, IL","","","unresolved","unknown","no_address_range_match","","","","","","","","0","","2","","","","","","","","","",""
"205 E BEAUBIEN CT","205 E BEAUBIEN CT, Chicago, IL","","","unresolved","unknown","street_not_found","","","","","","","","0","","2","","","","","","","","","",""
"254 N STETSON AVE","254 N STETSON AVE, Chicago, IL","","","unresolved","unknown","no_address_range_match","","","","","","","","0","","2","","","","","","","","","",""
"268 N STETSON AVE","268 N STETSON AVE, Chicago, IL","","","unresolved","unknown","no_address_range_match","","","","","","","","0","","2","","","","","","","","","",""
"2832 N BROADWAY ST","2832 N BROADWAY ST, Chicago, IL","","","unresolved","unknown","street_not_found","","","","","","","","0","","2","","","","","","","","","",""
"2868 N BROADWAY ST","2868 N BROADWAY ST, Chicago, IL","","","unresolved","unknown","street_not_found","","","","","","","","0","","2","","","","","","","","","",""
"2893 N BROADWAY ST","2893 N BROADWAY ST, Chicago, IL","","","unresolved","unknown","street_not_found","","","","","","","","0","","2","","","","","","","","","",""
"2914 N BROADWAY ST","2914 N BROADWAY ST, Chicago, IL","","","unresolved","unknown","street_not_found","","","","","","","","0","","2","","","","","","","","","",""
"2929 N BROADWAY ST","2929 N BROADWAY ST, Chicago, IL","","","unresolved","unknown","street_not_found","","","","","","","","0","","2","","","","","","","","","",""
"2931 N BROADWAY ST","2931 N BROADWAY ST, Chicago, IL","","","unresolved","unknown","street_not_found","","","","","","","","0","","2","","","","","","","","","",""
"2934 N BROADWAY ST","2934 N BROADWAY ST, Chicago, IL","","","unresolved","unknown","street_not_found","","","","","","","","0","","2","","","","","","","","","",""
"2936 N BROADWAY ST","2936 N BROADWAY ST, Chicago, IL","","","unresolved","unknown","street_not_found","","","","","","","","0","","2","","","","","","","","","",""
"2939 N BROADWAY ST","2939 N BROADWAY ST, Chicago, IL","","","unresolved","unknown","street_not_found","","","","","","","","0","","2","","","","","","","","","",""
"2940 N BROADWAY ST","2940 N BROADWAY ST, Chicago, IL","","","unresolved","unknown","street_not_found","","","","","","","","0","","2","","","","","","","","","",""
"2943 N BROADWAY ST","2943 N BROADWAY ST, Chicago, IL","","","unresolved","unknown","street_not_found","","","","","","","","0","","2","","","","","","","","","",""
"2949 N BROADWAY ST","2949 N BROADWAY ST, Chicago, IL","","","unresolved","unknown","street_not_found","","","","","","","","0","","2","","","","","","","","","",""
"301 E PEARSON ST","301 E PEARSON ST, Chicago, IL","","","unresolved","unknown","no_address_range_match","","","","","","","","0","","2","","","","","","","","","",""
"303 E PEARSON ST","303 E PEARSON ST, Chicago, IL","","","unresolved","unknown","no_address_range_match","","","","","","","","0","","2","","","","","","","","","",""
"3033 N BROADWAY ST","3033 N BROADWAY ST, Chicago, IL","","","unresolved","unknown","street_not_found","","","","","","","","0","","2","","","","","","","","","",""
"309 E PEARSON ST","309 E PEARSON ST, Chicago, IL","","","unresolved","unknown","no_address_range_match","","","","","","","","0","","2","","","","","","","","","",""
"3111 N BROADWAY ST","3111 N BROADWAY ST, Chicago, IL","","","unresolved","unknown","street_not_found","","","","","","","","0","","2","","","","","","","","","",""
"3115 N BROADWAY ST","3115 N BROADWAY ST, Chicago, IL","","","unresolved","unknown","street_not_found","","","","","","","","0","","2","","","","","","","","","",""
"3116 N BROADWAY ST","3116 N BROADWAY ST, Chicago, IL","","","unresolved","unknown","street_not_found","","","","","","","","0","","2","","","","","","","","","",""
"3121 N BROADWAY ST","3121 N BROADWAY ST, Chicago, IL","","","unresolved","unknown","street_not_found","","","","","","","","0","","2","","","","","","","","","",""
"3124 N BROADWAY ST","3124 N BROADWAY ST, Chicago, IL","","","unresolved","unknown","street_not_found","","","","","","","","0","","2","","","","","","","","","",""
"3125 N BROADWAY ST","3125 N BROADWAY ST, Chicago, IL","","","unresolved","unknown","street_not_found","","","","","","","","0","","2","","","","","","","","","",""
"3130 N BROADWAY ST","3130 N BROADWAY ST, Chicago, IL","","","unresolved","unknown","street_not_found","","","","","","","","0","","2","","","","","","","","","",""
"3139 N BROADWAY ST","3139 N BROADWAY ST, Chicago, IL","","","unresolved","unknown","street_not_found","","","","","","","","0","","2","","","","","","","","","",""
"3140 N BROADWAY ST","3140 N BROADWAY ST, Chicago, IL","","","unresolved","unknown","street_not_found","","","","","","","","0","","2","","","","","","","","","",""
"3158 N BROADWAY ST","3158 N BROADWAY ST, Chicago, IL","","","unresolved","unknown","street_not_found","","","","","","","","0","","2","","","","","","","","","",""
"3165 N BROADWAY ST","3165 N BROADWAY ST, Chicago, IL","","","unresolved","unknown","street_not_found","","","","","","","","0","","2","","","","","","","","","",""
"317 E PEARSON ST","317 E PEARSON ST, Chicago, IL","","","unresolved","unknown","no_address_range_match","","","","","","","","0","","2","","","","","","","","","",""
"317 W MERCHANDISE MART PLZ","317 W MERCHANDISE MART PLZ, Chicago, IL","","","unresolved","unknown","street_not_found","","","","","","","","0","","2","","","","","","","","","",""
"3206 N BROADWAY ST","3206 N BROADWAY ST, Chicago, IL","","","unresolved","unknown","street_not_found","","","","","","","","0","","2","","","","","","","","","",""
"3216 N BROADWAY ST","3216 N BROADWAY ST, Chicago, IL","","","unresolved","unknown","street_not_found","","","","","","","","0","","2","","","","","","","","","",""
"3219 N BROADWAY ST","3219 N BROADWAY ST, Chicago, IL","","","unresolved","unknown","street_not_found","","","","","","","","0","","2","","","","","","","","","",""
"3223 N BROADWAY ST","3223 N BROADWAY ST, Chicago, IL","","","unresolved","unknown","street_not_found","","","","","","","","0","","2","","","","","","","","","",""
"3228 N BROADWAY ST","3228 N BROADWAY ST, Chicago, IL","","","unresolved","unknown","street_not_found","","","","","","","","0","","2","","","","","","","","","",""
"323 E PEARSON ST","323 E PEARSON ST, Chicago, IL","","","unresolved","unknown","no_address_range_match","","","","","","","","0","","2","","","","","","","","","",""
"3230 N BROADWAY ST","3230 N BROADWAY ST, Chicago, IL","","","unresolved","unknown","street_not_found","","","","","","","","0","","2","","","","","","","","","",""
"331 N LA SALLE ST","331 N LA SALLE ST, Chicago, IL","","","unresolved","unknown","no_address_range_match","","","","","","","","0","","2","","","","","","","","","",""
"341 E PEARSON ST","341 E PEARSON ST, Chicago, IL","","","unresolved","unknown","no_address_range_match","","","","","","","","0","","2","","","","","","","","","",""
"3531 N RECREATION DR","3531 N RECREATION DR, Chicago, IL","","","unresolved","unknown","no_address_range_match","","","","","","","","0","","2","","","","","","","","","",""
"3539 N RECREATION DR","3539 N RECREATION DR, Chicago, IL","","","unresolved","unknown","no_address_range_match","","","","","","","","0","","2","","","","","","","","","",""
"3559 N RECREATION DR","3559 N RECREATION DR, Chicago, IL","","","unresolved","unknown","no_address_range_match","","","","","","","","0","","2","","","","","","","","","",""
"3592 N BROADWAY ST","3592 N BROADWAY ST, Chicago, IL","","","unresolved","unknown","street_not_found","","","","","","","","0","","2","","","","","","","","","",""
"3621 N BROADWAY ST","3621 N BROADWAY ST, Chicago, IL","","","unresolved","unknown","street_not_found","","","","","","","","0","","2","","","","","","","","","",""
"3627 N BROADWAY ST","3627 N BROADWAY ST, Chicago, IL","","","unresolved","unknown","street_not_found","","","","","","","","0","","2","","","","","","","","","",""
"3639 N BROADWAY ST","3639 N BROADWAY ST, Chicago, IL","","","unresolved","unknown","street_not_found","","","","","","","","0","","2","","","","","","","","","",""
"3650 N BROADWAY ST","3650 N BROADWAY ST, Chicago, IL","","","unresolved","unknown","street_not_found","","","","","","","","0","","2","","","","","","","","","",""
"3654 N BROADWAY ST","3654 N BROADWAY ST, Chicago, IL","","","unresolved","unknown","street_not_found","","","","","","","","0","","2","","","","","","","","","",""
"368 E WACKER DR","368 E WACKER DR, Chicago, IL","","","unresolved","unknown","no_address_range_match","","","","","","","","0","","2","","","","","","","","","",""
"3710 N BROADWAY ST","3710 N BROADWAY ST, Chicago, IL","","","unresolved","unknown","street_not_found","","","","","","","","0","","2","","","","","","","","","",""
"3714 N BROADWAY ST","3714 N BROADWAY ST, Chicago, IL","","","unresolved","unknown","street_not_found","","","","","","","","0","","2","","","","","","","","","",""
"372 E WACKER DR","372 E WACKER DR, Chicago, IL","","","unresolved","unknown","no_address_range_match","","","","","","","","0","","2","","","","","","","","","",""
"3815 N BROADWAY ST","3815 N BROADWAY ST, Chicago, IL","","","unresolved","unknown","street_not_found","","","","","","","","0","","2","","","","","","","","","",""
"3825 N BROADWAY ST","3825 N BROADWAY ST, Chicago, IL","","","unresolved","unknown","street_not_found","","","","","","","","0","","2","","","","","","","","","",""
"3828 N BROADWAY ST","3828 N BROADWAY ST, Chicago, IL","","","unresolved","unknown","street_not_found","","","","","","","","0","","2","","","","","","","","","",""
"3830 N BROADWAY ST","3830 N BROADWAY ST, Chicago, IL","","","unresolved","unknown","street_not_found","","","","","","","","0","","2","","","","","","","","","",""
"3833 N BROADWAY ST","3833 N BROADWAY ST, Chicago, IL","","","unresolved","unknown","street_not_found","","","","","","","","0","","2","","","","","","","","","",""
"3834 N BROADWAY ST","3834 N BROADWAY ST, Chicago, IL","","","unresolved","unknown","street_not_found","","","","","","","","0","","2","","","","","","","","","",""
"3836 N BROADWAY ST","3836 N BROADWAY ST, Chicago, IL","","","unresolved","unknown","street_not_found","","","","","","","","0","","2","","","","","","","","","",""
"386 E WACKER DR","386 E WACKER DR, Chicago, IL","","","unresolved","unknown","no_address_range_match","","","","","","","","0","","2","","","","","","","","","",""
"388 E CHICAGO AVE","388 E CHICAGO AVE, Chicago, IL","","","unresolved","unknown","no_address_range_match","","","","","","","","0","","2","","","","","","","","","",""
"388 E WACKER DR","388 E WACKER DR, Chicago, IL","","","unresolved","unknown","no_address_range_match","","","","","","","","0","","2","","","","","","","","","",""
"3908 N BROADWAY ST","3908 N BROADWAY ST, Chicago, IL","","","unresolved","unknown","street_not_found","","","","","","","","0","","2","","","","","","","","","",""
"3920 N BROADWAY ST","3920 N BROADWAY ST, Chicago, IL","","","unresolved","unknown","street_not_found","","","","","","","","0","","2","","","","","","","","","",""
"3941 N BROADWAY ST","3941 N BROADWAY ST, Chicago, IL","","","unresolved","unknown","street_not_found","","","","","","","","0","","2","","","","","","","","","",""
"3953 N BROADWAY ST","3953 N BROADWAY ST, Chicago, IL","","","unresolved","unknown","street_not_found","","","","","","","","0","","2","","","","","","","","","",""
"412 E WACKER DR","412 E WACKER DR, Chicago, IL","","","unresolved","unknown","no_address_range_match","","","","","","","","0","","2","","","","","","","","","",""
"425 S DESPLAINES ST","425 S DESPLAINES ST, Chicago, IL","","","unresolved","unknown","no_address_range_match","","","","","","","","0","","2","","","","","","","","","",""
"425 W ILLINOIS ST","425 W ILLINOIS ST, Chicago, IL","","","unresolved","unknown","no_address_range_match","","","","","","","","0","","2","","","","","","","","","",""
"442 N LA SALLE ST","442 N LA SALLE ST, Chicago, IL","","","unresolved","unknown","no_address_range_match","","","","","","","","0","","2","","","","","","","","","",""
"451 S LOOMIS ST","451 S LOOMIS ST, Chicago, IL","","","unresolved","unknown","no_address_range_match","","","","","","","","0","","2","","","","","","","","","",""
"459 S LOOMIS ST","459 S LOOMIS ST, Chicago, IL","","","unresolved","unknown","no_address_range_match","","","","","","","","0","","2","","","","","","","","","",""
"463 S LOOMIS ST","463 S LOOMIS ST, Chicago, IL","","","unresolved","unknown","no_address_range_match","","","","","","","","0","","2","","","","","","","","","",""
"542 S LOOMIS ST","542 S LOOMIS ST, Chicago, IL","","","unresolved","unknown","no_address_range_match","","","","","","","","0","","2","","","","","","","","","",""
"547 S LOOMIS ST","547 S LOOMIS ST, Chicago, IL","","","unresolved","unknown","no_address_range_match","","","","","","","","0","","2","","","","","","","","","",""
"548 S LOOMIS ST","548 S LOOMIS ST, Chicago, IL","","","unresolved","unknown","no_address_range_match","","","","","","","","0","","2","","","","","","","","","",""
"557 W ERIE ST","557 W ERIE ST, Chicago, IL","","","unresolved","unknown","no_address_range_match","","","","","","","","0","","2","","","","","","","","","",""
"571 S LOOMIS ST","571 S LOOMIS ST, Chicago, IL","","","unresolved","unknown","no_address_range_match","","","","","","","","0","","2","","","","","","","","","",""
"573 S LOOMIS ST","573 S LOOMIS ST, Chicago, IL","","","unresolved","unknown","no_address_range_match","","","","","","","","0","","2","","","","","","","","","",""
"579 S LOOMIS ST","579 S LOOMIS ST, Chicago, IL","","","unresolved","unknown","no_address_range_match","","","","","","","","0","","2","","","","","","","","","",""
"585 S LOOMIS ST","585 S LOOMIS ST, Chicago, IL","","","unresolved","unknown","no_address_range_match","","","","","","","","0","","2","","","","","","","","","",""
"617 N HALSTED ST","617 N HALSTED ST, Chicago, IL","","","unresolved","unknown","no_address_range_match","","","","","","","","0","","2","","","","","","","","","",""
"619 N HALSTED ST","619 N HALSTED ST, Chicago, IL","","","unresolved","unknown","no_address_range_match","","","","","","","","0","","2","","","","","","","","","",""
"657 W FULTON ST","657 W FULTON ST, Chicago, IL","","","unresolved","unknown","no_address_range_match","","","","","","","","0","","2","","","","","","","","","",""
"659 W FULTON ST","659 W FULTON ST, Chicago, IL","","","unresolved","unknown","no_address_range_match","","","","","","","","0","","2","","","","","","","","","",""
"700 W FULTON ST","700 W FULTON ST, Chicago, IL","","","unresolved","unknown","no_address_range_match","","","","","","","","0","","2","","","","","","","","","",""
"731 N LA SALLE ST","731 N LA SALLE ST, Chicago, IL","","","unresolved","unknown","no_address_range_match","","","","","","","","0","","2","","","","","","","","","",""
"740 W FULTON ST","740 W FULTON ST, Chicago, IL","","","unresolved","unknown","no_address_range_match","","","","","","","","0","","2","","","","","","","","","",""
"770 N LA SALLE ST","770 N LA SALLE ST, Chicago, IL","","","unresolved","unknown","no_address_range_match","","","","","","","","0","","2","","","","","","","","","",""
"798 E SOLIDARITY DR","798 E SOLIDARITY DR, Chicago, IL","","","unresolved","unknown","no_address_range_match","","","","","","","","0","","2","","","","","","","","","",""
"857 W TAYLOR ST","857 W TAYLOR ST, Chicago, IL","","","unresolved","unknown","no_address_range_match","","","","","","","","0","","2","","","","","","","","","",""
"859 W TAYLOR ST","859 W TAYLOR ST, Chicago, IL","","","unresolved","unknown","no_address_range_match","","","","","","","","0","","2","","","","","","","","","",""
"867 W TAYLOR ST","867 W TAYLOR ST, Chicago, IL","","","unresolved","unknown","no_address_range_match","","","","","","","","0","","2","","","","","","","","","",""
"869 W TAYLOR ST","869 W TAYLOR ST, Chicago, IL","","","unresolved","unknown","no_address_range_match","","","","","","","","0","","2","","","","","","","","","",""
"873 W TAYLOR ST","873 W TAYLOR ST, Chicago, IL","","","unresolved","unknown","no_address_range_match","","","","","","","","0","","2","","","","","","","","","",""
"885 W TAYLOR ST","885 W TAYLOR ST, Chicago, IL","","","unresolved","unknown","no_address_range_match","","","","","","","","0","","2","","","","","","","","","",""
"893 W TAYLOR ST","893 W TAYLOR ST, Chicago, IL","","","unresolved","unknown","no_address_range_match","","","","","","","","0","","2","","","","","","","","","",""
"957 S HALSTED ST","957 S HALSTED ST, Chicago, IL","","","unresolved","unknown","no_address_range_match","","","","","","","","0","","2","","","","","","","","","",""
"961 E SOLIDARITY DR","961 E SOLIDARITY DR, Chicago, IL","","","unresolved","unknown","no_address_range_match","","","","","","","","0","","2","","","","","","","","","",""
"974 E SOLIDARITY DR","974 E SOLIDARITY DR, Chicago, IL","","","unresolved","unknown","no_address_range_match","","","","","","","","0","","2","","","","","","","","","",""
"986 S STATE ST","986 S STATE ST, Chicago, IL","","","unresolved","unknown","no_address_range_match","","","","","","","","0","","2","","","","","","","","","",""
"0 E ADAMS ST","0 E ADAMS ST, Chicago, IL","","","unresolved","unknown","no_address_range_match","","","","","","","","0","","1","","","","","","","","","",""
"0 E STETSON AVE","0 E STETSON AVE, Chicago, IL","","","unresolved","unknown","street_not_found","","","","","","","","0","","1","","","","","","","","","",""
"0 N CARPENTER ST","0 N CARPENTER ST, Chicago, IL","","","unresolved","unknown","no_address_range_match","","","","","","","","0","","1","","","","","","","","","",""
"0 N COLUMBUS DR","0 N COLUMBUS DR, Chicago, IL","","","unresolved","unknown","no_address_range_match","","","","","","","","0","","1","","","","","","","","","",""
"0 N GARVEY CT","0 N GARVEY CT, Chicago, IL","","","unresolved","unknown","no_address_range_match","","","","","","","","0","","1","","","","","","","","","",""
"0 N HALSTED ST","0 N HALSTED ST, Chicago, IL","","","unresolved","unknown","no_address_range_match","","","","","","","","0","","1","","","","","","","","","",""
"0 N LINCOLN AVE","0 N LINCOLN AVE, Chicago, IL","","","unresolved","unknown","no_address_range_match","","","","","","","","0","","1","","","","","","","","","",""
"0 N ORLEANS ST","0 N ORLEANS ST, Chicago, IL","","","unresolved","unknown","no_address_range_match","","","","","","","","0","","1","","","","","","","","","",""
"0 N POST PL","0 N POST PL, Chicago, IL","","","unresolved","unknown","no_address_range_match","","","","","","","","0","","1","","","","","","","","","",""
"0 N SANGAMON ST","0 N SANGAMON ST, Chicago, IL","","","unresolved","unknown","no_address_range_match","","","","","","","","0","","1","","","","","","","","","",""
"0 N WACKER DR","0 N WACKER DR, Chicago, IL","","","unresolved","unknown","no_address_range_match","","","","","","","","0","","1","","","","","","","","","",""
"0 S HALSTED ST","0 S HALSTED ST, Chicago, IL","","","unresolved","unknown","no_address_range_match","","","","","","","","0","","1","","","","","","","","","",""
"0 W 26TH ST","0 W 26TH ST, Chicago, IL","","","unresolved","unknown","no_address_range_match","","","","","","","","0","","1","","","","","","","","","",""
"0 W ARCADE PL","0 W ARCADE PL, Chicago, IL","","","unresolved","unknown","no_address_range_match","","","","","","","","0","","1","","","","","","","","","",""
"0 W HADDOCK PL","0 W HADDOCK PL, Chicago, IL","","","unresolved","unknown","no_address_range_match","","","","","","","","0","","1","","","","","","","","","",""
"0 W SHERIDAN RD","0 W SHERIDAN RD, Chicago, IL","","","unresolved","unknown","no_address_range_match","","","","","","","","0","","1","","","","","","","","","",""
"0 W WASHINGTON BLVD","0 W WASHINGTON BLVD, Chicago, IL","","","unresolved","unknown","no_address_range_match","","","","","","","","0","","1","","","","","","","","","",""
"0 W WEBSTER AVE","0 W WEBSTER AVE, Chicago, IL","","","unresolved","unknown","no_address_range_match","","","","","","","","0","","1","","","","","","","","","",""
"1 S WACKER DR","1 S WACKER DR, Chicago, IL","","","unresolved","unknown","no_address_range_match","","","","","","","","0","","1","","","","","","","","","",""
"100 E GRAND AVE","100 E GRAND AVE, Chicago, IL","","","unresolved","unknown","no_address_range_match","","","","","","","","0","","1","","","","","","","","","",""
"1006 S CARPENTER ST","1006 S CARPENTER ST, Chicago, IL","","","unresolved","unknown","no_address_range_match","","","","","","","","0","","1","","","","","","","","","",""
"1026 W GRAND AVE","1026 W GRAND AVE, Chicago, IL","","","unresolved","unknown","no_address_range_match","","","","","","","","0","","1","","","","","","","","","",""
"103 E GRAND AVE","103 E GRAND AVE, Chicago, IL","","","unresolved","unknown","no_address_range_match","","","","","","","","0","","1","","","","","","","","","",""
"1040 S STATE ST","1040 S STATE ST, Chicago, IL","","","unresolved","unknown","no_address_range_match","","","","","","","","0","","1","","","","","","","","","",""
"1078 S STATE ST","1078 S STATE ST, Chicago, IL","","","unresolved","unknown","no_address_range_match","","","","","","","","0","","1","","","","","","","","","",""
"1093 S DESPLAINES ST","1093 S DESPLAINES ST, Chicago, IL","","","unresolved","unknown","no_address_range_match","","","","","","","","0","","1","","","","","","","","","",""
"1094 W ROOSEVELT RD","1094 W ROOSEVELT RD, Chicago, IL","","","unresolved","unknown","no_address_range_match","","","","","","","","0","","1","","","","","","","","","",""
"1098 W ROOSEVELT RD","1098 W ROOSEVELT RD, Chicago, IL","","","unresolved","unknown","no_address_range_match","","","","","","","","0","","1","","","","","","","","","",""
"1100 N LA SALLE ST","1100 N LA SALLE ST, Chicago, IL","","","unresolved","unknown","no_address_range_match","","","","","","","","0","","1","","","","","","","","","",""
"1111 S WABANSIA AVE","1111 S WABANSIA AVE, Chicago, IL","","","unresolved","unknown","street_not_found","","","","","","","","0","","1","","","","","","","","","",""
"114 E GRAND AVE","114 E GRAND AVE, Chicago, IL","","","unresolved","unknown","no_address_range_match","","","","","","","","0","","1","","","","","","","","","",""
"116 E GRAND AVE","116 E GRAND AVE, Chicago, IL","","","unresolved","unknown","no_address_range_match","","","","","","","","0","","1","","","","","","","","","",""
"116 W WACKER DR","116 W WACKER DR, Chicago, IL","","","unresolved","unknown","no_address_range_match","","","","","","","","0","","1","","","","","","","","","",""
"1173 S HALSTED ST","1173 S HALSTED ST, Chicago, IL","","","unresolved","unknown","no_address_range_match","","","","","","","","0","","1","","","","","","","","","",""
"1183 S HALSTED ST","1183 S HALSTED ST, Chicago, IL","","","unresolved","unknown","no_address_range_match","","","","","","","","0","","1","","","","","","","","","",""
"119 E GRAND AVE","119 E GRAND AVE, Chicago, IL","","","unresolved","unknown","no_address_range_match","","","","","","","","0","","1","","","","","","","","","",""
"120 E GRAND AVE","120 E GRAND AVE, Chicago, IL","","","unresolved","unknown","no_address_range_match","","","","","","","","0","","1","","","","","","","","","",""
"121 N FORT DEARBORN","121 N FORT DEARBORN, Chicago, IL","","","unresolved","unknown","street_not_found","","","","","","","","0","","1","","","","","","","","","",""
"1221 W FULTON ST","1221 W FULTON ST, Chicago, IL","","","unresolved","unknown","no_address_range_match","","","","","","","","0","","1","","","","","","","","","",""
"1223 W RANDOLPH ST","1223 W RANDOLPH ST, Chicago, IL","","","unresolved","unknown","no_address_range_match","","","","","","","","0","","1","","","","","","","","","",""
"1233 W FULTON ST","1233 W FULTON ST, Chicago, IL","","","unresolved","unknown","no_address_range_match","","","","","","","","0","","1","","","","","","","","","",""
"1236 W FULTON ST","1236 W FULTON ST, Chicago, IL","","","unresolved","unknown","no_address_range_match","","","","","","","","0","","1","","","","","","","","","",""
"1237 W FULTON ST","1237 W FULTON ST, Chicago, IL","","","unresolved","unknown","no_address_range_match","","","","","","","","0","","1","","","","","","","","","",""
"124 E GRAND AVE","124 E GRAND AVE, Chicago, IL","","","unresolved","unknown","no_address_range_match","","","","","","","","0","","1","","","","","","","","","",""
"1242 W FULTON ST","1242 W FULTON ST, Chicago, IL","","","unresolved","unknown","no_address_range_match","","","","","","","","0","","1","","","","","","","","","",""
"1268 S NEWBERRY AVE","1268 S NEWBERRY AVE, Chicago, IL","","","unresolved","unknown","no_address_range_match","","","","","","","","0","","1","","","","","","","","","",""
"1271 S UNION AVE","1271 S UNION AVE, Chicago, IL","","","unresolved","unknown","no_address_range_match","","","","","","","","0","","1","","","","","","","","","",""
"1273 S UNION AVE","1273 S UNION AVE, Chicago, IL","","","unresolved","unknown","no_address_range_match","","","","","","","","0","","1","","","","","","","","","",""
"1280 S NEWBERRY AVE","1280 S NEWBERRY AVE, Chicago, IL","","","unresolved","unknown","no_address_range_match","","","","","","","","0","","1","","","","","","","","","",""
"1283 S UNION AVE","1283 S UNION AVE, Chicago, IL","","","unresolved","unknown","no_address_range_match","","","","","","","","0","","1","","","","","","","","","",""
"1286 S CLINTON ST","1286 S CLINTON ST, Chicago, IL","","","unresolved","unknown","no_address_range_match","","","","","","","","0","","1","","","","","","","","","",""
"1287 S UNION AVE","1287 S UNION AVE, Chicago, IL","","","unresolved","unknown","no_address_range_match","","","","","","","","0","","1","","","","","","","","","",""
"1297 S UNION AVE","1297 S UNION AVE, Chicago, IL","","","unresolved","unknown","no_address_range_match","","","","","","","","0","","1","","","","","","","","","",""
"1301 N LA SALLE ST","1301 N LA SALLE ST, Chicago, IL","","","unresolved","unknown","no_address_range_match","","","","","","","","0","","1","","","","","","","","","",""
"131 W MARBLE PL","131 W MARBLE PL, Chicago, IL","","","unresolved","unknown","no_address_range_match","","","","","","","","0","","1","","","","","","","","","",""
"1420 N DEARBORN PKWY","1420 N DEARBORN PKWY, Chicago, IL","","","unresolved","unknown","no_address_range_match","","","","","","","","0","","1","","","","","","","","","",""
"144 E 36TH PL","144 E 36TH PL, Chicago, IL","","","unresolved","unknown","no_address_range_match","","","","","","","","0","","1","","","","","","","","","",""
"1449 N DEARBORN PKWY","1449 N DEARBORN PKWY, Chicago, IL","","","unresolved","unknown","no_address_range_match","","","","","","","","0","","1","","","","","","","","","",""
"145 E GRAND AVE","145 E GRAND AVE, Chicago, IL","","","unresolved","unknown","no_address_range_match","","","","","","","","0","","1","","","","","","","","","",""
"148 S CLINTON ST","148 S CLINTON ST, Chicago, IL","","","unresolved","unknown","no_address_range_match","","","","","","","","0","","1","","","","","","","","","",""
"1505 S CLINTON ST","1505 S CLINTON ST, Chicago, IL","","","unresolved","unknown","no_address_range_match","","","","","","","","0","","1","","","","","","","","","",""
"1511 N DEARBORN ST","1511 N DEARBORN ST, Chicago, IL","","","unresolved","unknown","no_address_range_match","","","","","","","","0","","1","","","","","","","","","",""
"1515 N DEARBORN ST","1515 N DEARBORN ST, Chicago, IL","","","unresolved","unknown","no_address_range_match","","","","","","","","0","","1","","","","","","","","","",""
"1517 N DEARBORN ST","1517 N DEARBORN ST, Chicago, IL","","","unresolved","unknown","no_address_range_match","","","","","","","","0","","1","","","","","","","","","",""
"152 S CLINTON ST","152 S CLINTON ST, Chicago, IL","","","unresolved","unknown","no_address_range_match","","","","","","","","0","","1","","","","","","","","","",""
"1520 N DEARBORN ST","1520 N DEARBORN ST, Chicago, IL","","","unresolved","unknown","no_address_range_match","","","","","","","","0","","1","","","","","","","","","",""
"1524 N DEARBORN ST","1524 N DEARBORN ST, Chicago, IL","","","unresolved","unknown","no_address_range_match","","","","","","","","0","","1","","","","","","","","","",""
"1525 N DEARBORN ST","1525 N DEARBORN ST, Chicago, IL","","","unresolved","unknown","no_address_range_match","","","","","","","","0","","1","","","","","","","","","",""
"153 E SOUTH WATER ST","153 E SOUTH WATER ST, Chicago, IL","","","unresolved","unknown","no_address_range_match","","","","","","","","0","","1","","","","","","","","","",""
"1533 S CLINTON ST","1533 S CLINTON ST, Chicago, IL","","","unresolved","unknown","no_address_range_match","","","","","","","","0","","1","","","","","","","","","",""
"1534 N DEARBORN ST","1534 N DEARBORN ST, Chicago, IL","","","unresolved","unknown","no_address_range_match","","","","","","","","0","","1","","","","","","","","","",""
"1538 W WARREN BLVD","1538 W WARREN BLVD, Chicago, IL","","","unresolved","unknown","no_address_range_match","","","","","","","","0","","1","","","","","","","","","",""
"154 S CLINTON ST","154 S CLINTON ST, Chicago, IL","","","unresolved","unknown","no_address_range_match","","","","","","","","0","","1","","","","","","","","","",""
"1541 S CLINTON ST","1541 S CLINTON ST, Chicago, IL","","","unresolved","unknown","no_address_range_match","","","","","","","","0","","1","","","","","","","","","",""
"155 E SOUTH WATER ST","155 E SOUTH WATER ST, Chicago, IL","","","unresolved","unknown","no_address_range_match","","","","","","","","0","","1","","","","","","","","","",""
"1551 N DEARBORN ST","1551 N DEARBORN ST, Chicago, IL","","","unresolved","unknown","no_address_range_match","","","","","","","","0","","1","","","","","","","","","",""
"156 S CLINTON ST","156 S CLINTON ST, Chicago, IL","","","unresolved","unknown","no_address_range_match","","","","","","","","0","","1","","","","","","","","","",""
"1571 S CLINTON ST","1571 S CLINTON ST, Chicago, IL","","","unresolved","unknown","no_address_range_match","","","","","","","","0","","1","","","","","","","","","",""
"161 W MARBLE PL","161 W MARBLE PL, Chicago, IL","","","unresolved","unknown","no_address_range_match","","","","","","","","0","","1","","","","","","","","","",""
"167 E GRAND AVE","167 E GRAND AVE, Chicago, IL","","","unresolved","unknown","no_address_range_match","","","","","","","","0","","1","","","","","","","","","",""
"168 E SOUTH WATER ST","168 E SOUTH WATER ST, Chicago, IL","","","unresolved","unknown","no_address_range_match","","","","","","","","0","","1","","","","","","","","","",""
"170 E SOUTH WATER MARKET","170 E SOUTH WATER MARKET, Chicago, IL","","","unresolved","unknown","street_not_found","","","","","","","","0","","1","","","","","","","","","",""
"1720 N LA SALLE ST","1720 N LA SALLE ST, Chicago, IL","","","unresolved","unknown","no_address_range_match","","","","","","","","0","","1","","","","","","","","","",""
"175 E SOUTH WATER ST","175 E SOUTH WATER ST, Chicago, IL","","","unresolved","unknown","no_address_range_match","","","","","","","","0","","1","","","","","","","","","",""
"177 E GRAND AVE","177 E GRAND AVE, Chicago, IL","","","unresolved","unknown","no_address_range_match","","","","","","","","0","","1","","","","","","","","","",""
"177 E SOUTH WATER ST","177 E SOUTH WATER ST, Chicago, IL","","","unresolved","unknown","no_address_range_match","","","","","","","","0","","1","","","","","","","","","",""
"179 E SOUTH WATER ST","179 E SOUTH WATER ST, Chicago, IL","","","unresolved","unknown","no_address_range_match","","","","","","","","0","","1","","","","","","","","","",""
"1809 N LINCOLN PARK","1809 N LINCOLN PARK, Chicago, IL","","","unresolved","unknown","street_not_found","","","","","","","","0","","1","","","","","","","","","",""
"1813 N LINCOLN PARK","1813 N LINCOLN PARK, Chicago, IL","","","unresolved","unknown","street_not_found","","","","","","","","0","","1","","","","","","","","","",""
"1827 N LINCOLN PARK","1827 N LINCOLN PARK, Chicago, IL","","","unresolved","unknown","street_not_found","","","","","","","","0","","1","","","","","","","","","",""
"1829 N LINCOLN PARK","1829 N LINCOLN PARK, Chicago, IL","","","unresolved","unknown","street_not_found","","","","","","","","0","","1","","","","","","","","","",""
"183 E GRAND AVE","183 E GRAND AVE, Chicago, IL","","","unresolved","unknown","no_address_range_match","","","","","","","","0","","1","","","","","","","","","",""
"1841 N LINCOLN PARK","1841 N LINCOLN PARK, Chicago, IL","","","unresolved","unknown","street_not_found","","","","","","","","0","","1","","","","","","","","","",""
"1849 S WENTWORTH AVE","1849 S WENTWORTH AVE, Chicago, IL","","","unresolved","unknown","no_address_range_match","","","","","","","","0","","1","","","","","","","","","",""
"1859 S WENTWORTH AVE","1859 S WENTWORTH AVE, Chicago, IL","","","unresolved","unknown","no_address_range_match","","","","","","","","0","","1","","","","","","","","","",""
"186 E SOUTH WATER ST","186 E SOUTH WATER ST, Chicago, IL","","","unresolved","unknown","no_address_range_match","","","","","","","","0","","1","","","","","","","","","",""
"1867 S WENTWORTH AVE","1867 S WENTWORTH AVE, Chicago, IL","","","unresolved","unknown","no_address_range_match","","","","","","","","0","","1","","","","","","","","","",""
"1878468 N WELLS ST","1878468 N WELLS ST, Chicago, IL","","","unresolved","unknown","no_address_range_match","","","","","","","","0","","1","","","","","","","","","",""
"188 S CLINTON ST","188 S CLINTON ST, Chicago, IL","","","unresolved","unknown","no_address_range_match","","","","","","","","0","","1","","","","","","","","","",""
"2003 N LINCOLN PARK","2003 N LINCOLN PARK, Chicago, IL","","","unresolved","unknown","street_not_found","","","","","","","","0","","1","","","","","","","","","",""
"2127 N LINCOLN PARK","2127 N LINCOLN PARK, Chicago, IL","","","unresolved","unknown","street_not_found","","","","","","","","0","","1","","","","","","","","","",""
"2153 N LINCOLN PARK","2153 N LINCOLN PARK, Chicago, IL","","","unresolved","unknown","street_not_found","","","","","","","","0","","1","","","","","","","","","",""
"2171 N LINCOLN PARK","2171 N LINCOLN PARK, Chicago, IL","","","unresolved","unknown","street_not_found","","","","","","","","0","","1","","","","","","","","","",""
"2191 N LINCOLN PARK","2191 N LINCOLN PARK, Chicago, IL","","","unresolved","unknown","street_not_found","","","","","","","","0","","1","","","","","","","","","",""
"2193 S PRINCETON AVE","2193 S PRINCETON AVE, Chicago, IL","","","unresolved","unknown","no_address_range_match","","","","","","","","0","","1","","","","","","","","","",""
"2209 N LINCOLN PARK","2209 N LINCOLN PARK, Chicago, IL","","","unresolved","unknown","street_not_found","","","","","","","","0","","1","","","","","","","","","",""
"2213 N LINCOLN PARK","2213 N LINCOLN PARK, Chicago, IL","","","unresolved","unknown","street_not_found","","","","","","","","0","","1","","","","","","","","","",""
"2215 N LINCOLN PARK","2215 N LINCOLN PARK, Chicago, IL","","","unresolved","unknown","street_not_found","","","","","","","","0","","1","","","","","","","","","",""
"2227 N LINCOLN PARK","2227 N LINCOLN PARK, Chicago, IL","","","unresolved","unknown","street_not_found","","","","","","","","0","","1","","","","","","","","","",""
"2241 N LINCOLN PARK","2241 N LINCOLN PARK, Chicago, IL","","","unresolved","unknown","street_not_found","","","","","","","","0","","1","","","","","","","","","",""
"2253 N LINCOLN PARK","2253 N LINCOLN PARK, Chicago, IL","","","unresolved","unknown","street_not_found","","","","","","","","0","","1","","","","","","","","","",""
"2302 N CHILDRENS PLZ","2302 N CHILDRENS PLZ, Chicago, IL","","","unresolved","unknown","street_not_found","","","","","","","","0","","1","","","","","","","","","",""
"2315 N LINCOLN PARK","2315 N LINCOLN PARK, Chicago, IL","","","unresolved","unknown","street_not_found","","","","","","","","0","","1","","","","","","","","","",""
"2325 N LINCOLN PARK","2325 N LINCOLN PARK, Chicago, IL","","","unresolved","unknown","street_not_found","","","","","","","","0","","1","","","","","","","","","",""
"2349 N LINCOLN PARK","2349 N LINCOLN PARK, Chicago, IL","","","unresolved","unknown","street_not_found","","","","","","","","0","","1","","","","","","","","","",""
"2367 N LINCOLN PARK","2367 N LINCOLN PARK, Chicago, IL","","","unresolved","unknown","street_not_found","","","","","","","","0","","1","","","","","","","","","",""
"2371 N LINCOLN PARK","2371 N LINCOLN PARK, Chicago, IL","","","unresolved","unknown","street_not_found","","","","","","","","0","","1","","","","","","","","","",""
"2381 N LINCOLN PARK","2381 N LINCOLN PARK, Chicago, IL","","","unresolved","unknown","street_not_found","","","","","","","","0","","1","","","","","","","","","",""
"2385 N LINCOLN PARK","2385 N LINCOLN PARK, Chicago, IL","","","unresolved","unknown","street_not_found","","","","","","","","0","","1","","","","","","","","","",""
"240 E ILLINOIS ST","240 E ILLINOIS ST, Chicago, IL","","","unresolved","unknown","no_address_range_match","","","","","","","","0","","1","","","","","","","","","",""
"241 N GARVEY CT","241 N GARVEY CT, Chicago, IL","","","unresolved","unknown","no_address_range_match","","","","","","","","0","","1","","","","","","","","","",""
"256 N STETSON AVE","256 N STETSON AVE, Chicago, IL","","","unresolved","unknown","no_address_range_match","","","","","","","","0","","1","","","","","","","","","",""
"266 E WALTON PL","266 E WALTON PL, Chicago, IL","","","unresolved","unknown","no_address_range_match","","","","","","","","0","","1","","","","","","","","","",""
"266 N STETSON AVE","266 N STETSON AVE, Chicago, IL","","","unresolved","unknown","no_address_range_match","","","","","","","","0","","1","","","","","","","","","",""
"2690 N CLARK ST","2690 N CLARK ST, Chicago, IL","","","unresolved","unknown","no_address_range_match","","","","","","","","0","","1","","","","","","","","","",""
"2696 N CLARK ST","2696 N CLARK ST, Chicago, IL","","","unresolved","unknown","no_address_range_match","","","","","","","","0","","1","","","","","","","","","",""
"270 E WALTON PL","270 E WALTON PL, Chicago, IL","","","unresolved","unknown","no_address_range_match","","","","","","","","0","","1","","","","","","","","","",""
"270 N STETSON AVE","270 N STETSON AVE, Chicago, IL","","","unresolved","unknown","no_address_range_match","","","","","","","","0","","1","","","","","","","","","",""
"272 E WALTON PL","272 E WALTON PL, Chicago, IL","","","unresolved","unknown","no_address_range_match","","","","","","","","0","","1","","","","","","","","","",""
"272 N STETSON AVE","272 N STETSON AVE, Chicago, IL","","","unresolved","unknown","no_address_range_match","","","","","","","","0","","1","","","","","","","","","",""
"274 E WALTON PL","274 E WALTON PL, Chicago, IL","","","unresolved","unknown","no_address_range_match","","","","","","","","0","","1","","","","","","","","","",""
"274 W OAK ST","274 W OAK ST, Chicago, IL","","","unresolved","unknown","no_address_range_match","","","","","","","","0","","1","","","","","","","","","",""
"275 E WALTON PL","275 E WALTON PL, Chicago, IL","","","unresolved","unknown","no_address_range_match","","","","","","","","0","","1","","","","","","","","","",""
"276 E WALTON PL","276 E WALTON PL, Chicago, IL","","","unresolved","unknown","no_address_range_match","","","","","","","","0","","1","","","","","","","","","",""
"279 E WALTON PL","279 E WALTON PL, Chicago, IL","","","unresolved","unknown","no_address_range_match","","","","","","","","0","","1","","","","","","","","","",""
"282 N STETSON AVE","282 N STETSON AVE, Chicago, IL","","","unresolved","unknown","no_address_range_match","","","","","","","","0","","1","","","","","","","","","",""
"2827 N BROADWAY ST","2827 N BROADWAY ST, Chicago, IL","","","unresolved","unknown","street_not_found","","","","","","","","0","","1","","","","","","","","","",""
"2828 N BROADWAY ST","2828 N BROADWAY ST, Chicago, IL","","","unresolved","unknown","street_not_found","","","","","","","","0","","1","","","","","","","","","",""
"2830 N BROADWAY ST","2830 N BROADWAY ST, Chicago, IL","","","unresolved","unknown","street_not_found","","","","","","","","0","","1","","","","","","","","","",""
"2834 N BROADWAY ST","2834 N BROADWAY ST, Chicago, IL","","","unresolved","unknown","street_not_found","","","","","","","","0","","1","","","","","","","","","",""
"2835 N BROADWAY ST","2835 N BROADWAY ST, Chicago, IL","","","unresolved","unknown","street_not_found","","","","","","","","0","","1","","","","","","","","","",""
"2848 N BROADWAY ST","2848 N BROADWAY ST, Chicago, IL","","","unresolved","unknown","street_not_found","","","","","","","","0","","1","","","","","","","","","",""
"2887 N BROADWAY ST","2887 N BROADWAY ST, Chicago, IL","","","unresolved","unknown","street_not_found","","","","","","","","0","","1","","","","","","","","","",""
"290 N STETSON AVE","290 N STETSON AVE, Chicago, IL","","","unresolved","unknown","no_address_range_match","","","","","","","","0","","1","","","","","","","","","",""
"2911 N BROADWAY ST","2911 N BROADWAY ST, Chicago, IL","","","unresolved","unknown","street_not_found","","","","","","","","0","","1","","","","","","","","","",""
"2916 N BROADWAY ST","2916 N BROADWAY ST, Chicago, IL","","","unresolved","unknown","street_not_found","","","","","","","","0","","1","","","","","","","","","",""
"2923 N BROADWAY ST","2923 N BROADWAY ST, Chicago, IL","","","unresolved","unknown","street_not_found","","","","","","","","0","","1","","","","","","","","","",""
"2930 N BROADWAY ST","2930 N BROADWAY ST, Chicago, IL","","","unresolved","unknown","street_not_found","","","","","","","","0","","1","","","","","","","","","",""
"2932 N BROADWAY ST","2932 N BROADWAY ST, Chicago, IL","","","unresolved","unknown","street_not_found","","","","","","","","0","","1","","","","","","","","","",""
"2933 N BROADWAY ST","2933 N BROADWAY ST, Chicago, IL","","","unresolved","unknown","street_not_found","","","","","","","","0","","1","","","","","","","","","",""
"2944 N BROADWAY ST","2944 N BROADWAY ST, Chicago, IL","","","unresolved","unknown","street_not_found","","","","","","","","0","","1","","","","","","","","","",""
"2945 N BROADWAY ST","2945 N BROADWAY ST, Chicago, IL","","","unresolved","unknown","street_not_found","","","","","","","","0","","1","","","","","","","","","",""
"2951 N BROADWAY ST","2951 N BROADWAY ST, Chicago, IL","","","unresolved","unknown","street_not_found","","","","","","","","0","","1","","","","","","","","","",""
"2952 N BROADWAY ST","2952 N BROADWAY ST, Chicago, IL","","","unresolved","unknown","street_not_found","","","","","","","","0","","1","","","","","","","","","",""
"3040 N BROADWAY ST","3040 N BROADWAY ST, Chicago, IL","","","unresolved","unknown","street_not_found","","","","","","","","0","","1","","","","","","","","","",""
"311 E PEARSON ST","311 E PEARSON ST, Chicago, IL","","","unresolved","unknown","no_address_range_match","","","","","","","","0","","1","","","","","","","","","",""
"3122 N BROADWAY ST","3122 N BROADWAY ST, Chicago, IL","","","unresolved","unknown","street_not_found","","","","","","","","0","","1","","","","","","","","","",""
"3123 N BROADWAY ST","3123 N BROADWAY ST, Chicago, IL","","","unresolved","unknown","street_not_found","","","","","","","","0","","1","","","","","","","","","",""
"3127 N BROADWAY ST","3127 N BROADWAY ST, Chicago, IL","","","unresolved","unknown","street_not_found","","","","","","","","0","","1","","","","","","","","","",""
"313 E PEARSON ST","313 E PEARSON ST, Chicago, IL","","","unresolved","unknown","no_address_range_match","","","","","","","","0","","1","","","","","","","","","",""
"3141 N BROADWAY ST","3141 N BROADWAY ST, Chicago, IL","","","unresolved","unknown","street_not_found","","","","","","","","0","","1","","","","","","","","","",""
"3143 N BROADWAY ST","3143 N BROADWAY ST, Chicago, IL","","","unresolved","unknown","street_not_found","","","","","","","","0","","1","","","","","","","","","",""
"3144 N BROADWAY ST","3144 N BROADWAY ST, Chicago, IL","","","unresolved","unknown","street_not_found","","","","","","","","0","","1","","","","","","","","","",""
"3145 N BROADWAY ST","3145 N BROADWAY ST, Chicago, IL","","","unresolved","unknown","street_not_found","","","","","","","","0","","1","","","","","","","","","",""
"3162 N BROADWAY ST","3162 N BROADWAY ST, Chicago, IL","","","unresolved","unknown","street_not_found","","","","","","","","0","","1","","","","","","","","","",""
"3204 N BROADWAY ST","3204 N BROADWAY ST, Chicago, IL","","","unresolved","unknown","street_not_found","","","","","","","","0","","1","","","","","","","","","",""
"3215 N BROADWAY ST","3215 N BROADWAY ST, Chicago, IL","","","unresolved","unknown","street_not_found","","","","","","","","0","","1","","","","","","","","","",""
"3217 N BROADWAY ST","3217 N BROADWAY ST, Chicago, IL","","","unresolved","unknown","street_not_found","","","","","","","","0","","1","","","","","","","","","",""
"322 W ROOSEVELT RD","322 W ROOSEVELT RD, Chicago, IL","","","unresolved","unknown","no_address_range_match","","","","","","","","0","","1","","","","","","","","","",""
"325 E PEARSON ST","325 E PEARSON ST, Chicago, IL","","","unresolved","unknown","no_address_range_match","","","","","","","","0","","1","","","","","","","","","",""
"3257 N BROADWAY ST","3257 N BROADWAY ST, Chicago, IL","","","unresolved","unknown","street_not_found","","","","","","","","0","","1","","","","","","","","","",""
"329 E PEARSON ST","329 E PEARSON ST, Chicago, IL","","","unresolved","unknown","no_address_range_match","","","","","","","","0","","1","","","","","","","","","",""
"333 E PEARSON ST","333 E PEARSON ST, Chicago, IL","","","unresolved","unknown","no_address_range_match","","","","","","","","0","","1","","","","","","","","","",""
"335 E PEARSON ST","335 E PEARSON ST, Chicago, IL","","","unresolved","unknown","no_address_range_match","","","","","","","","0","","1","","","","","","","","","",""
"3351 N BROADWAY","3351 N BROADWAY, Chicago, IL","","","unresolved","unknown","no_address_range_match","","","","","","","","0","","1","","","","","","","","","",""
"337 E PEARSON ST","337 E PEARSON ST, Chicago, IL","","","unresolved","unknown","no_address_range_match","","","","","","","","0","","1","","","","","","","","","",""
"349 E PEARSON ST","349 E PEARSON ST, Chicago, IL","","","unresolved","unknown","no_address_range_match","","","","","","","","0","","1","","","","","","","","","",""
"35 W WACKER DR","35 W WACKER DR, Chicago, IL","","","unresolved","unknown","no_address_range_match","","","","","","","","0","","1","","","","","","","","","",""
"350 N LA SALLE ST","350 N LA SALLE ST, Chicago, IL","","","unresolved","unknown","no_address_range_match","","","","","","","","0","","1","","","","","","","","","",""
"351 E PEARSON ST","351 E PEARSON ST, Chicago, IL","","","unresolved","unknown","no_address_range_match","","","","","","","","0","","1","","","","","","","","","",""
"3553 N RECREATION DR","3553 N RECREATION DR, Chicago, IL","","","unresolved","unknown","no_address_range_match","","","","","","","","0","","1","","","","","","","","","",""
"3557 N RECREATION DR","3557 N RECREATION DR, Chicago, IL","","","unresolved","unknown","no_address_range_match","","","","","","","","0","","1","","","","","","","","","",""
"356 W ROOSEVELT RD","356 W ROOSEVELT RD, Chicago, IL","","","unresolved","unknown","no_address_range_match","","","","","","","","0","","1","","","","","","","","","",""
"3588 N BROADWAY ST","3588 N BROADWAY ST, Chicago, IL","","","unresolved","unknown","street_not_found","","","","","","","","0","","1","","","","","","","","","",""
"3589 N RECREATION DR","3589 N RECREATION DR, Chicago, IL","","","unresolved","unknown","no_address_range_match","","","","","","","","0","","1","","","","","","","","","",""
"3596 N BROADWAY","3596 N BROADWAY, Chicago, IL","","","unresolved","unknown","no_address_range_match","","","","","","","","0","","1","","","","","","","","","",""
"361 W COUCH PL","361 W COUCH PL, Chicago, IL","","","unresolved","unknown","no_address_range_match","","","","","","","","0","","1","","","","","","","","","",""
"3613 N BROADWAY ST","3613 N BROADWAY ST, Chicago, IL","","","unresolved","unknown","street_not_found","","","","","","","","0","","1","","","","","","","","","",""
"3617 N BROADWAY ST","3617 N BROADWAY ST, Chicago, IL","","","unresolved","unknown","street_not_found","","","","","","","","0","","1","","","","","","","","","",""
"3619 N BROADWAY ST","3619 N BROADWAY ST, Chicago, IL","","","unresolved","unknown","street_not_found","","","","","","","","0","","1","","","","","","","","","",""
"3623 N BROADWAY ST","3623 N BROADWAY ST, Chicago, IL","","","unresolved","unknown","street_not_found","","","","","","","","0","","1","","","","","","","","","",""
"3625 N BROADWAY ST","3625 N BROADWAY ST, Chicago, IL","","","unresolved","unknown","street_not_found","","","","","","","","0","","1","","","","","","","","","",""
"3642 N BROADWAY ST","3642 N BROADWAY ST, Chicago, IL","","","unresolved","unknown","street_not_found","","","","","","","","0","","1","","","","","","","","","",""
"3657 N BROADWAY ST","3657 N BROADWAY ST, Chicago, IL","","","unresolved","unknown","street_not_found","","","","","","","","0","","1","","","","","","","","","",""
"367 W ROOSEVELT RD","367 W ROOSEVELT RD, Chicago, IL","","","unresolved","unknown","no_address_range_match","","","","","","","","0","","1","","","","","","","","","",""
"3703 N BROADWAY ST","3703 N BROADWAY ST, Chicago, IL","","","unresolved","unknown","street_not_found","","","","","","","","0","","1","","","","","","","","","",""
"3708 N BROADWAY ST","3708 N BROADWAY ST, Chicago, IL","","","unresolved","unknown","street_not_found","","","","","","","","0","","1","","","","","","","","","",""
"371 N STETSON AVE","371 N STETSON AVE, Chicago, IL","","","unresolved","unknown","no_address_range_match","","","","","","","","0","","1","","","","","","","","","",""
"3726 N BROADWAY ST","3726 N BROADWAY ST, Chicago, IL","","","unresolved","unknown","street_not_found","","","","","","","","0","","1","","","","","","","","","",""
"3736 N BROADWAY ST","3736 N BROADWAY ST, Chicago, IL","","","unresolved","unknown","street_not_found","","","","","","","","0","","1","","","","","","","","","",""
"3738 N BROADWAY ST","3738 N BROADWAY ST, Chicago, IL","","","unresolved","unknown","street_not_found","","","","","","","","0","","1","","","","","","","","","",""
"3739 N BROADWAY ST","3739 N BROADWAY ST, Chicago, IL","","","unresolved","unknown","street_not_found","","","","","","","","0","","1","","","","","","","","","",""
"3745 N BROADWAY ST","3745 N BROADWAY ST, Chicago, IL","","","unresolved","unknown","street_not_found","","","","","","","","0","","1","","","","","","","","","",""
"3747 N BROADWAY ST","3747 N BROADWAY ST, Chicago, IL","","","unresolved","unknown","street_not_found","","","","","","","","0","","1","","","","","","","","","",""
"3748 N BROADWAY ST","3748 N BROADWAY ST, Chicago, IL","","","unresolved","unknown","street_not_found","","","","","","","","0","","1","","","","","","","","","",""
"3752 N BROADWAY ST","3752 N BROADWAY ST, Chicago, IL","","","unresolved","unknown","street_not_found","","","","","","","","0","","1","","","","","","","","","",""
"3754 N BROADWAY ST","3754 N BROADWAY ST, Chicago, IL","","","unresolved","unknown","street_not_found","","","","","","","","0","","1","","","","","","","","","",""
"3756 N BROADWAY ST","3756 N BROADWAY ST, Chicago, IL","","","unresolved","unknown","street_not_found","","","","","","","","0","","1","","","","","","","","","",""
"376 E WACKER DR","376 E WACKER DR, Chicago, IL","","","unresolved","unknown","no_address_range_match","","","","","","","","0","","1","","","","","","","","","",""
"3768 N BROADWAY ST","3768 N BROADWAY ST, Chicago, IL","","","unresolved","unknown","street_not_found","","","","","","","","0","","1","","","","","","","","","",""
"378 E WACKER DR","378 E WACKER DR, Chicago, IL","","","unresolved","unknown","no_address_range_match","","","","","","","","0","","1","","","","","","","","","",""
"380 E WACKER DR","380 E WACKER DR, Chicago, IL","","","unresolved","unknown","no_address_range_match","","","","","","","","0","","1","","","","","","","","","",""
"3805 N BROADWAY ST","3805 N BROADWAY ST, Chicago, IL","","","unresolved","unknown","street_not_found","","","","","","","","0","","1","","","","","","","","","",""
"381 W ROOSEVELT RD","381 W ROOSEVELT RD, Chicago, IL","","","unresolved","unknown","no_address_range_match","","","","","","","","0","","1","","","","","","","","","",""
"3819 N BROADWAY ST","3819 N BROADWAY ST, Chicago, IL","","","unresolved","unknown","street_not_found","","","","","","","","0","","1","","","","","","","","","",""
"3821 N BROADWAY ST","3821 N BROADWAY ST, Chicago, IL","","","unresolved","unknown","street_not_found","","","","","","","","0","","1","","","","","","","","","",""
"3826 N BROADWAY ST","3826 N BROADWAY ST, Chicago, IL","","","unresolved","unknown","street_not_found","","","","","","","","0","","1","","","","","","","","","",""
"3827 N BROADWAY ST","3827 N BROADWAY ST, Chicago, IL","","","unresolved","unknown","street_not_found","","","","","","","","0","","1","","","","","","","","","",""
"3829 N BROADWAY ST","3829 N BROADWAY ST, Chicago, IL","","","unresolved","unknown","street_not_found","","","","","","","","0","","1","","","","","","","","","",""
"3832 N BROADWAY ST","3832 N BROADWAY ST, Chicago, IL","","","unresolved","unknown","street_not_found","","","","","","","","0","","1","","","","","","","","","",""
"3901 N BROADWAY ST","3901 N BROADWAY ST, Chicago, IL","","","unresolved","unknown","street_not_found","","","","","","","","0","","1","","","","","","","","","",""
"3924 N BROADWAY ST","3924 N BROADWAY ST, Chicago, IL","","","unresolved","unknown","street_not_found","","","","","","","","0","","1","","","","","","","","","",""
"3927 N BROADWAY ST","3927 N BROADWAY ST, Chicago, IL","","","unresolved","unknown","street_not_found","","","","","","","","0","","1","","","","","","","","","",""
"3932 N BROADWAY ST","3932 N BROADWAY ST, Chicago, IL","","","unresolved","unknown","street_not_found","","","","","","","","0","","1","","","","","","","","","",""
"3935 N BROADWAY ST","3935 N BROADWAY ST, Chicago, IL","","","unresolved","unknown","street_not_found","","","","","","","","0","","1","","","","","","","","","",""
"3937 N BROADWAY ST","3937 N BROADWAY ST, Chicago, IL","","","unresolved","unknown","street_not_found","","","","","","","","0","","1","","","","","","","","","",""
"394 E WACKER DR","394 E WACKER DR, Chicago, IL","","","unresolved","unknown","no_address_range_match","","","","","","","","0","","1","","","","","","","","","",""
"3960 N BROADWAY ST","3960 N BROADWAY ST, Chicago, IL","","","unresolved","unknown","street_not_found","","","","","","","","0","","1","","","","","","","","","",""
"3964 N BROADWAY ST","3964 N BROADWAY ST, Chicago, IL","","","unresolved","unknown","street_not_found","","","","","","","","0","","1","","","","","","","","","",""
"3984 N BROADWAY ST","3984 N BROADWAY ST, Chicago, IL","","","unresolved","unknown","street_not_found","","","","","","","","0","","1","","","","","","","","","",""
"400 N LA SALLE ST","400 N LA SALLE ST, Chicago, IL","","","unresolved","unknown","no_address_range_match","","","","","","","","0","","1","","","","","","","","","",""
"401 W ILLINOIS ST","401 W ILLINOIS ST, Chicago, IL","","","unresolved","unknown","no_address_range_match","","","","","","","","0","","1","","","","","","","","","",""
"404 E WACKER DR","404 E WACKER DR, Chicago, IL","","","unresolved","unknown","no_address_range_match","","","","","","","","0","","1","","","","","","","","","",""
"406 E WACKER DR","406 E WACKER DR, Chicago, IL","","","unresolved","unknown","no_address_range_match","","","","","","","","0","","1","","","","","","","","","",""
"407 W ILLINOIS ST","407 W ILLINOIS ST, Chicago, IL","","","unresolved","unknown","no_address_range_match","","","","","","","","0","","1","","","","","","","","","",""
"412 S DESPLAINES ST","412 S DESPLAINES ST, Chicago, IL","","","unresolved","unknown","no_address_range_match","","","","","","","","0","","1","","","","","","","","","",""
"416 E WACKER DR","416 E WACKER DR, Chicago, IL","","","unresolved","unknown","no_address_range_match","","","","","","","","0","","1","","","","","","","","","",""
"418 E WACKER DR","418 E WACKER DR, Chicago, IL","","","unresolved","unknown","no_address_range_match","","","","","","","","0","","1","","","","","","","","","",""
"421 S DESPLAINES ST","421 S DESPLAINES ST, Chicago, IL","","","unresolved","unknown","no_address_range_match","","","","","","","","0","","1","","","","","","","","","",""
"421 W ILLINOIS ST","421 W ILLINOIS ST, Chicago, IL","","","unresolved","unknown","no_address_range_match","","","","","","","","0","","1","","","","","","","","","",""
"422 E WACKER DR","422 E WACKER DR, Chicago, IL","","","unresolved","unknown","no_address_range_match","","","","","","","","0","","1","","","","","","","","","",""
"423 S DESPLAINES ST","423 S DESPLAINES ST, Chicago, IL","","","unresolved","unknown","no_address_range_match","","","","","","","","0","","1","","","","","","","","","",""
"426 W ILLINOIS ST","426 W ILLINOIS ST, Chicago, IL","","","unresolved","unknown","no_address_range_match","","","","","","","","0","","1","","","","","","","","","",""
"431 S DESPLAINES ST","431 S DESPLAINES ST, Chicago, IL","","","unresolved","unknown","no_address_range_match","","","","","","","","0","","1","","","","","","","","","",""
"435 W WASHINGTON BLVD","435 W WASHINGTON BLVD, Chicago, IL","","","unresolved","unknown","no_address_range_match","","","","","","","","0","","1","","","","","","","","","",""
"438 W HUBBARD ST","438 W HUBBARD ST, Chicago, IL","","","unresolved","unknown","no_address_range_match","","","","","","","","0","","1","","","","","","","","","",""
"439 W ILLINOIS ST","439 W ILLINOIS ST, Chicago, IL","","","unresolved","unknown","no_address_range_match","","","","","","","","0","","1","","","","","","","","","",""
"440 N LA SALLE ST","440 N LA SALLE ST, Chicago, IL","","","unresolved","unknown","no_address_range_match","","","","","","","","0","","1","","","","","","","","","",""
"441 W WASHINGTON BLVD","441 W WASHINGTON BLVD, Chicago, IL","","","unresolved","unknown","no_address_range_match","","","","","","","","0","","1","","","","","","","","","",""
"441 W WASHINGTON ST","441 W WASHINGTON ST, Chicago, IL","","","unresolved","unknown","no_address_range_match","","","","","","","","0","","1","","","","","","","","","",""
"444 N LA SALLE ST","444 N LA SALLE ST, Chicago, IL","","","unresolved","unknown","no_address_range_match","","","","","","","","0","","1","","","","","","","","","",""
"447 S LOOMIS ST","447 S LOOMIS ST, Chicago, IL","","","unresolved","unknown","no_address_range_match","","","","","","","","0","","1","","","","","","","","","",""
"447 W WASHINGTON ST","447 W WASHINGTON ST, Chicago, IL","","","unresolved","unknown","no_address_range_match","","","","","","","","0","","1","","","","","","","","","",""
"448 E SUPERIOR ST","448 E SUPERIOR ST, Chicago, IL","","","unresolved","unknown","no_address_range_match","","","","","","","","0","","1","","","","","","","","","",""
"45 N HALSTED ST","45 N HALSTED ST, Chicago, IL","","","unresolved","unknown","no_address_range_match","","","","","","","","0","","1","","","","","","","","","",""
"450 S LOOMIS ST","450 S LOOMIS ST, Chicago, IL","","","unresolved","unknown","no_address_range_match","","","","","","","","0","","1","","","","","","","","","",""
"451 W TAYLOR ST","451 W TAYLOR ST, Chicago, IL","","","unresolved","unknown","no_address_range_match","","","","","","","","0","","1","","","","","","","","","",""
"452 W ILLINOIS ST","452 W ILLINOIS ST, Chicago, IL","","","unresolved","unknown","no_address_range_match","","","","","","","","0","","1","","","","","","","","","",""
"453 W TAYLOR ST","453 W TAYLOR ST, Chicago, IL","","","unresolved","unknown","no_address_range_match","","","","","","","","0","","1","","","","","","","","","",""
"453 W WASHINGTON BLVD","453 W WASHINGTON BLVD, Chicago, IL","","","unresolved","unknown","no_address_range_match","","","","","","","","0","","1","","","","","","","","","",""
"455 E RANDOLPH ST","455 E RANDOLPH ST, Chicago, IL","","","unresolved","unknown","no_address_range_match","","","","","","","","0","","1","","","","","","","","","",""
"455 W TAYLOR ST","455 W TAYLOR ST, Chicago, IL","","","unresolved","unknown","no_address_range_match","","","","","","","","0","","1","","","","","","","","","",""
"456 E SUPERIOR ST","456 E SUPERIOR ST, Chicago, IL","","","unresolved","unknown","no_address_range_match","","","","","","","","0","","1","","","","","","","","","",""
"457 S LOOMIS ST","457 S LOOMIS ST, Chicago, IL","","","unresolved","unknown","no_address_range_match","","","","","","","","0","","1","","","","","","","","","",""
"457 W TAYLOR ST","457 W TAYLOR ST, Chicago, IL","","","unresolved","unknown","no_address_range_match","","","","","","","","0","","1","","","","","","","","","",""
"458 W ILLINOIS ST","458 W ILLINOIS ST, Chicago, IL","","","unresolved","unknown","no_address_range_match","","","","","","","","0","","1","","","","","","","","","",""
"46 W WELLS ST","46 W WELLS ST, Chicago, IL","","","unresolved","unknown","street_not_found","","","","","","","","0","","1","","","","","","","","","",""
"468 W ILLINOIS ST","468 W ILLINOIS ST, Chicago, IL","","","unresolved","unknown","no_address_range_match","","","","","","","","0","","1","","","","","","","","","",""
"469 S LOOMIS ST","469 S LOOMIS ST, Chicago, IL","","","unresolved","unknown","no_address_range_match","","","","","","","","0","","1","","","","","","","","","",""
"47 W DEARBORN ST","47 W DEARBORN ST, Chicago, IL","","","unresolved","unknown","street_not_found","","","","","","","","0","","1","","","","","","","","","",""
"470 E SUPERIOR ST","470 E SUPERIOR ST, Chicago, IL","","","unresolved","unknown","no_address_range_match","","","","","","","","0","","1","","","","","","","","","",""
"479 S LOOMIS ST","479 S LOOMIS ST, Chicago, IL","","","unresolved","unknown","no_address_range_match","","","","","","","","0","","1","","","","","","","","","",""
"481 S LOOMIS ST","481 S LOOMIS ST, Chicago, IL","","","unresolved","unknown","no_address_range_match","","","","","","","","0","","1","","","","","","","","","",""
"481 W ILLINOIS ST","481 W ILLINOIS ST, Chicago, IL","","","unresolved","unknown","no_address_range_match","","","","","","","","0","","1","","","","","","","","","",""
"489 S LOOMIS ST","489 S LOOMIS ST, Chicago, IL","","","unresolved","unknown","no_address_range_match","","","","","","","","0","","1","","","","","","","","","",""
"491 S LOOMIS ST","491 S LOOMIS ST, Chicago, IL","","","unresolved","unknown","no_address_range_match","","","","","","","","0","","1","","","","","","","","","",""
"493 S LOOMIS ST","493 S LOOMIS ST, Chicago, IL","","","unresolved","unknown","no_address_range_match","","","","","","","","0","","1","","","","","","","","","",""
"495 S LOOMIS ST","495 S LOOMIS ST, Chicago, IL","","","unresolved","unknown","no_address_range_match","","","","","","","","0","","1","","","","","","","","","",""
"500 W GRAND AVE","500 W GRAND AVE, Chicago, IL","","","unresolved","unknown","no_address_range_match","","","","","","","","0","","1","","","","","","","","","",""
"530 N COLUMBUS DR","530 N COLUMBUS DR, Chicago, IL","","","unresolved","unknown","no_address_range_match","","","","","","","","0","","1","","","","","","","","","",""
"537 W ERIE ST","537 W ERIE ST, Chicago, IL","","","unresolved","unknown","no_address_range_match","","","","","","","","0","","1","","","","","","","","","",""
"541 W ERIE ST","541 W ERIE ST, Chicago, IL","","","unresolved","unknown","no_address_range_match","","","","","","","","0","","1","","","","","","","","","",""
"543 S LOOMIS ST","543 S LOOMIS ST, Chicago, IL","","","unresolved","unknown","no_address_range_match","","","","","","","","0","","1","","","","","","","","","",""
"545 S LOOMIS ST","545 S LOOMIS ST, Chicago, IL","","","unresolved","unknown","no_address_range_match","","","","","","","","0","","1","","","","","","","","","",""
"545 W ERIE ST","545 W ERIE ST, Chicago, IL","","","unresolved","unknown","no_address_range_match","","","","","","","","0","","1","","","","","","","","","",""
"550 S LOOMIS ST","550 S LOOMIS ST, Chicago, IL","","","unresolved","unknown","no_address_range_match","","","","","","","","0","","1","","","","","","","","","",""
"551 S LOOMIS ST","551 S LOOMIS ST, Chicago, IL","","","unresolved","unknown","no_address_range_match","","","","","","","","0","","1","","","","","","","","","",""
"559 S LOOMIS ST","559 S LOOMIS ST, Chicago, IL","","","unresolved","unknown","no_address_range_match","","","","","","","","0","","1","","","","","","","","","",""
"563 S LOOMIS ST","563 S LOOMIS ST, Chicago, IL","","","unresolved","unknown","no_address_range_match","","","","","","","","0","","1","","","","","","","","","",""
"575 S LOOMIS ST","575 S LOOMIS ST, Chicago, IL","","","unresolved","unknown","no_address_range_match","","","","","","","","0","","1","","","","","","","","","",""
"577 S LOOMIS ST","577 S LOOMIS ST, Chicago, IL","","","unresolved","unknown","no_address_range_match","","","","","","","","0","","1","","","","","","","","","",""
"587 S LOOMIS ST","587 S LOOMIS ST, Chicago, IL","","","unresolved","unknown","no_address_range_match","","","","","","","","0","","1","","","","","","","","","",""
"589 S LOOMIS ST","589 S LOOMIS ST, Chicago, IL","","","unresolved","unknown","no_address_range_match","","","","","","","","0","","1","","","","","","","","","",""
"591 S LOOMIS ST","591 S LOOMIS ST, Chicago, IL","","","unresolved","unknown","no_address_range_match","","","","","","","","0","","1","","","","","","","","","",""
"609 N HALSTED ST","609 N HALSTED ST, Chicago, IL","","","unresolved","unknown","no_address_range_match","","","","","","","","0","","1","","","","","","","","","",""
"611 N HALSTED ST","611 N HALSTED ST, Chicago, IL","","","unresolved","unknown","no_address_range_match","","","","","","","","0","","1","","","","","","","","","",""
"62 W QUINCY ST","62 W QUINCY ST, Chicago, IL","","","unresolved","unknown","no_address_range_match","","","","","","","","0","","1","","","","","","","","","",""
"621 N HALSTED ST","621 N HALSTED ST, Chicago, IL","","","unresolved","unknown","no_address_range_match","","","","","","","","0","","1","","","","","","","","","",""
"640 N LA SALLE ST","640 N LA SALLE ST, Chicago, IL","","","unresolved","unknown","no_address_range_match","","","","","","","","0","","1","","","","","","","","","",""
"646 N LA SALLE ST","646 N LA SALLE ST, Chicago, IL","","","unresolved","unknown","no_address_range_match","","","","","","","","0","","1","","","","","","","","","",""
"648 N LA SALLE ST","648 N LA SALLE ST, Chicago, IL","","","unresolved","unknown","no_address_range_match","","","","","","","","0","","1","","","","","","","","","",""
"662 N LA SALLE ST","662 N LA SALLE ST, Chicago, IL","","","unresolved","unknown","no_address_range_match","","","","","","","","0","","1","","","","","","","","","",""
"676 S HALSTED ST","676 S HALSTED ST, Chicago, IL","","","unresolved","unknown","no_address_range_match","","","","","","","","0","","1","","","","","","","","","",""
"678 S HALSTED ST","678 S HALSTED ST, Chicago, IL","","","unresolved","unknown","no_address_range_match","","","","","","","","0","","1","","","","","","","","","",""
"680 S HALSTED ST","680 S HALSTED ST, Chicago, IL","","","unresolved","unknown","no_address_range_match","","","","","","","","0","","1","","","","","","","","","",""
"701 W FULTON ST","701 W FULTON ST, Chicago, IL","","","unresolved","unknown","no_address_range_match","","","","","","","","0","","1","","","","","","","","","",""
"702 W FULTON ST","702 W FULTON ST, Chicago, IL","","","unresolved","unknown","no_address_range_match","","","","","","","","0","","1","","","","","","","","","",""
"718 N LA SALLE ST","718 N LA SALLE ST, Chicago, IL","","","unresolved","unknown","no_address_range_match","","","","","","","","0","","1","","","","","","","","","",""
"720 N LA SALLE ST","720 N LA SALLE ST, Chicago, IL","","","unresolved","unknown","no_address_range_match","","","","","","","","0","","1","","","","","","","","","",""
"727 W FULTON ST","727 W FULTON ST, Chicago, IL","","","unresolved","unknown","no_address_range_match","","","","","","","","0","","1","","","","","","","","","",""
"731 N UNION AVE","731 N UNION AVE, Chicago, IL","","","unresolved","unknown","no_address_range_match","","","","","","","","0","","1","","","","","","","","","",""
"733 N LA SALLE ST","733 N LA SALLE ST, Chicago, IL","","","unresolved","unknown","no_address_range_match","","","","","","","","0","","1","","","","","","","","","",""
"735 N LA SALLE ST","735 N LA SALLE ST, Chicago, IL","","","unresolved","unknown","no_address_range_match","","","","","","","","0","","1","","","","","","","","","",""
"736 N LA SALLE ST","736 N LA SALLE ST, Chicago, IL","","","unresolved","unknown","no_address_range_match","","","","","","","","0","","1","","","","","","","","","",""
"741 N LA SALLE ST","741 N LA SALLE ST, Chicago, IL","","","unresolved","unknown","no_address_range_match","","","","","","","","0","","1","","","","","","","","","",""
"742 N LA SALLE ST","742 N LA SALLE ST, Chicago, IL","","","unresolved","unknown","no_address_range_match","","","","","","","","0","","1","","","","","","","","","",""
"761 E SOLIDARITY DR","761 E SOLIDARITY DR, Chicago, IL","","","unresolved","unknown","no_address_range_match","","","","","","","","0","","1","","","","","","","","","",""
"761 W KINZIE ST","761 W KINZIE ST, Chicago, IL","","","unresolved","unknown","no_address_range_match","","","","","","","","0","","1","","","","","","","","","",""
"771 E SOLIDARITY DR","771 E SOLIDARITY DR, Chicago, IL","","","unresolved","unknown","no_address_range_match","","","","","","","","0","","1","","","","","","","","","",""
"772 E SOLIDARITY DR","772 E SOLIDARITY DR, Chicago, IL","","","unresolved","unknown","no_address_range_match","","","","","","","","0","","1","","","","","","","","","",""
"778 E SOLIDARITY DR","778 E SOLIDARITY DR, Chicago, IL","","","unresolved","unknown","no_address_range_match","","","","","","","","0","","1","","","","","","","","","",""
"778 S HALSTED ST","778 S HALSTED ST, Chicago, IL","","","unresolved","unknown","no_address_range_match","","","","","","","","0","","1","","","","","","","","","",""
"779 E SOLIDARITY DR","779 E SOLIDARITY DR, Chicago, IL","","","unresolved","unknown","no_address_range_match","","","","","","","","0","","1","","","","","","","","","",""
"78 W QUINCY ST","78 W QUINCY ST, Chicago, IL","","","unresolved","unknown","no_address_range_match","","","","","","","","0","","1","","","","","","","","","",""
"782 E SOLIDARITY DR","782 E SOLIDARITY DR, Chicago, IL","","","unresolved","unknown","no_address_range_match","","","","","","","","0","","1","","","","","","","","","",""
"785 E SOLIDARITY DR","785 E SOLIDARITY DR, Chicago, IL","","","unresolved","unknown","no_address_range_match","","","","","","","","0","","1","","","","","","","","","",""
"786 S HALSTED ST","786 S HALSTED ST, Chicago, IL","","","unresolved","unknown","no_address_range_match","","","","","","","","0","","1","","","","","","","","","",""
"789 E SOLIDARITY DR","789 E SOLIDARITY DR, Chicago, IL","","","unresolved","unknown","no_address_range_match","","","","","","","","0","","1","","","","","","","","","",""
"789 W KINZIE ST","789 W KINZIE ST, Chicago, IL","","","unresolved","unknown","no_address_range_match","","","","","","","","0","","1","","","","","","","","","",""
"790 E SOLIDARITY DR","790 E SOLIDARITY DR, Chicago, IL","","","unresolved","unknown","no_address_range_match","","","","","","","","0","","1","","","","","","","","","",""
"791 E SOLIDARITY DR","791 E SOLIDARITY DR, Chicago, IL","","","unresolved","unknown","no_address_range_match","","","","","","","","0","","1","","","","","","","","","",""
"792 E SOLIDARITY DR","792 E SOLIDARITY DR, Chicago, IL","","","unresolved","unknown","no_address_range_match","","","","","","","","0","","1","","","","","","","","","",""
"793 W TAYLOR ST","793 W TAYLOR ST, Chicago, IL","","","unresolved","unknown","no_address_range_match","","","","","","","","0","","1","","","","","","","","","",""
"794 E SOLIDARITY DR","794 E SOLIDARITY DR, Chicago, IL","","","unresolved","unknown","no_address_range_match","","","","","","","","0","","1","","","","","","","","","",""
"795 E SOLIDARITY DR","795 E SOLIDARITY DR, Chicago, IL","","","unresolved","unknown","no_address_range_match","","","","","","","","0","","1","","","","","","","","","",""
"796 S HALSTED ST","796 S HALSTED ST, Chicago, IL","","","unresolved","unknown","no_address_range_match","","","","","","","","0","","1","","","","","","","","","",""
"797 E SOLIDARITY DR","797 E SOLIDARITY DR, Chicago, IL","","","unresolved","unknown","no_address_range_match","","","","","","","","0","","1","","","","","","","","","",""
"799 E SOLIDARITY DR","799 E SOLIDARITY DR, Chicago, IL","","","unresolved","unknown","no_address_range_match","","","","","","","","0","","1","","","","","","","","","",""
"805 N LA SALLE ST","805 N LA SALLE ST, Chicago, IL","","","unresolved","unknown","no_address_range_match","","","","","","","","0","","1","","","","","","","","","",""
"82 S DEARBORN ST","82 S DEARBORN ST, Chicago, IL","","","unresolved","unknown","no_address_range_match","","","","","","","","0","","1","","","","","","","","","",""
"855 W WASHINGTON ST","855 W WASHINGTON ST, Chicago, IL","","","unresolved","unknown","no_address_range_match","","","","","","","","0","","1","","","","","","","","","",""
"863 W TAYLOR ST","863 W TAYLOR ST, Chicago, IL","","","unresolved","unknown","no_address_range_match","","","","","","","","0","","1","","","","","","","","","",""
"865 W TAYLOR ST","865 W TAYLOR ST, Chicago, IL","","","unresolved","unknown","no_address_range_match","","","","","","","","0","","1","","","","","","","","","",""
"877 W EVERGREEN AVE","877 W EVERGREEN AVE, Chicago, IL","","","unresolved","unknown","no_address_range_match","","","","","","","","0","","1","","","","","","","","","",""
"881 W TAYLOR ST","881 W TAYLOR ST, Chicago, IL","","","unresolved","unknown","no_address_range_match","","","","","","","","0","","1","","","","","","","","","",""
"883 W TAYLOR ST","883 W TAYLOR ST, Chicago, IL","","","unresolved","unknown","no_address_range_match","","","","","","","","0","","1","","","","","","","","","",""
"885 W HUBBARD ST","885 W HUBBARD ST, Chicago, IL","","","unresolved","unknown","no_address_range_match","","","","","","","","0","","1","","","","","","","","","",""
"887 W EVERGREEN AVE","887 W EVERGREEN AVE, Chicago, IL","","","unresolved","unknown","no_address_range_match","","","","","","","","0","","1","","","","","","","","","",""
"887 W TAYLOR ST","887 W TAYLOR ST, Chicago, IL","","","unresolved","unknown","no_address_range_match","","","","","","","","0","","1","","","","","","","","","",""
"888 W HARRISON ST","888 W HARRISON ST, Chicago, IL","","","unresolved","unknown","no_address_range_match","","","","","","","","0","","1","","","","","","","","","",""
"889 W HUBBARD ST","889 W HUBBARD ST, Chicago, IL","","","unresolved","unknown","no_address_range_match","","","","","","","","0","","1","","","","","","","","","",""
"889 W TAYLOR ST","889 W TAYLOR ST, Chicago, IL","","","unresolved","unknown","no_address_range_match","","","","","","","","0","","1","","","","","","","","","",""
"890 W HARRISON ST","890 W HARRISON ST, Chicago, IL","","","unresolved","unknown","no_address_range_match","","","","","","","","0","","1","","","","","","","","","",""
"892 W HARRISON ST","892 W HARRISON ST, Chicago, IL","","","unresolved","unknown","no_address_range_match","","","","","","","","0","","1","","","","","","","","","",""
"920 W WALTON ST","920 W WALTON ST, Chicago, IL","","","unresolved","unknown","no_address_range_match","","","","","","","","0","","1","","","","","","","","","",""
"960 E SOLIDARITY DR","960 E SOLIDARITY DR, Chicago, IL","","","unresolved","unknown","no_address_range_match","","","","","","","","0","","1","","","","","","","","","",""
"960 S STATE ST","960 S STATE ST, Chicago, IL","","","unresolved","unknown","no_address_range_match","","","","","","","","0","","1","","","","","","","","","",""
"962 E SOLIDARITY DR","962 E SOLIDARITY DR, Chicago, IL","","","unresolved","unknown","no_address_range_match","","","","","","","","0","","1","","","","","","","","","",""
"963 E SOLIDARITY DR","963 E SOLIDARITY DR, Chicago, IL","","","unresolved","unknown","no_address_range_match","","","","","","","","0","","1","","","","","","","","","",""
"967 E SOLIDARITY DR","967 E SOLIDARITY DR, Chicago, IL","","","unresolved","unknown","no_address_range_match","","","","","","","","0","","1","","","","","","","","","",""
"968 S STATE ST","968 S STATE ST, Chicago, IL","","","unresolved","unknown","no_address_range_match","","","","","","","","0","","1","","","","","","","","","",""
"970 E SOLIDARITY DR","970 E SOLIDARITY DR, Chicago, IL","","","unresolved","unknown","no_address_range_match","","","","","","","","0","","1","","","","","","","","","",""
"976 E SOLIDARITY DR","976 E SOLIDARITY DR, Chicago, IL","","","unresolved","unknown","no_address_range_match","","","","","","","","0","","1","","","","","","","","","",""
"977 E SOLIDARITY DR","977 E SOLIDARITY DR, Chicago, IL","","","unresolved","unknown","no_address_range_match","","","","","","","","0","","1","","","","","","","","","",""
"980 S STATE ST","980 S STATE ST, Chicago, IL","","","unresolved","unknown","no_address_range_match","","","","","","","","0","","1","","","","","","","","","",""
"981 E SOLIDARITY DR","981 E SOLIDARITY DR, Chicago, IL","","","unresolved","unknown","no_address_range_match","","","","","","","","0","","1","","","","","","","","","",""
"983 S HALSTED ST","983 S HALSTED ST, Chicago, IL","","","unresolved","unknown","no_address_range_match","","","","","","","","0","","1","","","","","","","","","",""
"984 E SOLIDARITY DR","984 E SOLIDARITY DR, Chicago, IL","","","unresolved","unknown","no_address_range_match","","","","","","","","0","","1","","","","","","","","","",""
"984 S STATE ST","984 S STATE ST, Chicago, IL","","","unresolved","unknown","no_address_range_match","","","","","","","","0","","1","","","","","","","","","",""
"989 S HALSTED ST","989 S HALSTED ST, Chicago, IL","","","unresolved","unknown","no_address_range_match","","","","","","","","0","","1","","","","","","","","","",""
"NE2477 W CHICAGO AVE","NE2477 W CHICAGO AVE, Chicago, IL","","","unresolved","unknown","unparsed_address","","","","","","","","0","","1","","","","","","","","","",""
